geo,TIME_PERIOD,NST2007_desc,Volume_MIO_TKM,Consignment_full_train_load_THS_T,Consignment_full_wagon_load_THS_T,Consignment_total_THS_T,train_share,wagon_share
DE,2008,Agriculture and forestry products,3799.0,267134.0,104164.0,371298.0,0.7194598408825257,0.2805401591174744
DE,2009,Agriculture and forestry products,3320.0,265869.85020946997,100361.31595838009,366231.16616785,0.7259618371409091,0.27403816285909094
DE,2010,Agriculture and forestry products,2783.0,262955.0,92984.0,355939.0,0.738764226454533,0.26123577354546706
DE,2011,Agriculture and forestry products,2190.0,269220.0,105581.0,374801.0,0.7183011784920531,0.2816988215079469
DE,2012,Agriculture and forestry products,1661.0,270644.0,95560.0,366204.0,0.7390525499448395,0.2609474500551605
DE,2013,Agriculture and forestry products,1490.0,267938.0,105337.0,373275.0,0.717803228182975,0.28219677181702496
DE,2014,Agriculture and forestry products,1486.0,257216.0,107810.0,365026.0,0.7046511755327017,0.2953488244672982
DE,2015,Agriculture and forestry products,1473.0,261849.28744763264,106037.29621925285,367886.5836668855,0.7117663406957301,0.28823365930426986
DE,2016,Agriculture and forestry products,1552.0,243435.0,106359.0,349794.0,0.6959381807578174,0.30406181924218256
DE,2017,Agriculture and forestry products,1547.0,240100.0,124033.0,364133.0,0.6593744593321671,0.3406255406678329
DE,2018,Agriculture and forestry products,1386.0,280570.0,107325.0,387895.0,0.7233142989726601,0.27668570102733986
DE,2019,Agriculture and forestry products,2248.0,267322.0,99868.0,367190.0,0.7280209156022768,0.2719790843977232
DE,2020,Agriculture and forestry products,2680.0,258498.8184794349,110767.27976998014,369266.09824941505,0.700033985532124,0.29996601446787596
DE,2021,Agriculture and forestry products,4005.0,257828.72468579534,111713.27648012561,369542.001165921,0.6976980258599417,0.3023019741400582
DE,2022,Agriculture and forestry products,3914.0,257158.6308921558,112659.27319027107,369817.90408242686,0.6953655516765868,0.30463444832341324
DE,2023,Agriculture and forestry products,3830.0,256488.53709851624,113605.26990041653,370093.8069989328,0.6930365551868202,0.30696344481317983
DE,2024,Agriculture and forestry products,3475.0,255818.4433048767,114551.26661056199,370369.70991543867,0.6907110286186312,0.30928897138136885
FI,2008,Agriculture and forestry products,2908.0,0.0,41937.0,41937.0,0.0,1.0
FI,2009,Agriculture and forestry products,2508.0,0.0,32860.0,32860.0,0.0,1.0
FI,2010,Agriculture and forestry products,2845.0,0.0,35795.0,35795.0,0.0,1.0
FI,2011,Agriculture and forestry products,2519.0,0.0,34827.0,34827.0,0.0,1.0
FI,2012,Agriculture and forestry products,2559.0,0.0,35267.0,35267.0,0.0,1.0
FI,2013,Agriculture and forestry products,2584.0,0.0,36433.0,36433.0,0.0,1.0
FI,2014,Agriculture and forestry products,2570.0,0.0,37008.0,37008.0,0.0,1.0
FI,2015,Agriculture and forestry products,2504.0,0.0,33392.0,33392.0,0.0,1.0
FI,2016,Agriculture and forestry products,2704.0,0.0,36147.0,36147.0,0.0,1.0
FI,2017,Agriculture and forestry products,2843.0,0.0,38406.0,38406.0,0.0,1.0
FI,2018,Agriculture and forestry products,3122.0,0.0,39430.0,39430.0,0.0,1.0
FI,2019,Agriculture and forestry products,3115.0,0.0,36907.0,36907.0,0.0,1.0
FI,2020,Agriculture and forestry products,3055.0,0.0,36589.0,36589.0,0.0,1.0
FI,2021,Agriculture and forestry products,3359.0,0.0,37352.0,37352.0,0.0,1.0
FI,2022,Agriculture and forestry products,3687.0,0.0,33029.534449823506,33029.534449823506,0.0,1.0
FI,2023,Agriculture and forestry products,3716.0,0.0,27066.0,27066.0,0.0,1.0
FI,2024,Agriculture and forestry products,3799.0,0.0,26640.0,26640.0,0.0,1.0
HR,2008,Agriculture and forestry products,388.0,0.0,0.0,0.0,,
HR,2009,Agriculture and forestry products,505.0,0.0,0.0,0.0,,
HR,2010,Agriculture and forestry products,486.0,0.0,0.0,0.0,,
HR,2011,Agriculture and forestry products,322.0,0.0,0.0,0.0,,
HR,2012,Agriculture and forestry products,330.0,0.0,0.0,0.0,,
HR,2013,Agriculture and forestry products,292.0,0.0,0.0,0.0,,
HR,2014,Agriculture and forestry products,279.0,0.0,0.0,0.0,,
HR,2015,Agriculture and forestry products,209.0,0.0,0.0,0.0,,
HR,2016,Agriculture and forestry products,286.0,0.0,0.0,0.0,,
HR,2017,Agriculture and forestry products,396.0,0.0,0.0,0.0,,
HR,2018,Agriculture and forestry products,424.0,0.0,0.0,0.0,,
HR,2019,Agriculture and forestry products,615.0,0.0,0.0,0.0,,
HR,2020,Agriculture and forestry products,798.0,0.0,0.0,0.0,,
HR,2021,Agriculture and forestry products,779.0,0.0,0.0,0.0,,
HR,2022,Agriculture and forestry products,813.0,0.0,0.0,0.0,,
HR,2023,Agriculture and forestry products,734.0,0.0,0.0,0.0,,
HR,2024,Agriculture and forestry products,898.0,0.0,0.0,0.0,,
IE,2008,Agriculture and forestry products,13.0,679.9249995366081,0.0,679.9249995366081,1.0,0.0
IE,2009,Agriculture and forestry products,7.0,631.0,0.0,631.0,1.0,0.0
IE,2010,Agriculture and forestry products,18.0,568.0,0.0,568.0,1.0,0.0
IE,2011,Agriculture and forestry products,23.0,611.0,0.0,611.0,1.0,0.0
IE,2012,Agriculture and forestry products,14.0,567.0,0.0,567.0,1.0,0.0
IE,2013,Agriculture and forestry products,17.0,589.0,0.0,589.0,1.0,0.0
IE,2014,Agriculture and forestry products,17.0,578.0,0.0,578.0,1.0,0.0
IE,2015,Agriculture and forestry products,21.0,540.0,0.0,540.0,1.0,0.0
IE,2016,Agriculture and forestry products,16.0,581.0,0.0,581.0,1.0,0.0
IE,2017,Agriculture and forestry products,17.0,546.0,0.0,546.0,1.0,0.0
IE,2018,Agriculture and forestry products,15.0,516.0,0.0,516.0,1.0,0.0
IE,2019,Agriculture and forestry products,16.0,346.0,0.0,346.0,1.0,0.0
IE,2020,Agriculture and forestry products,13.0,449.0,0.0,449.0,1.0,0.0
IE,2021,Agriculture and forestry products,17.0,415.0,0.0,415.0,1.0,0.0
IE,2022,Agriculture and forestry products,17.0,419.0,0.0,419.0,1.0,0.0
IE,2023,Agriculture and forestry products,15.0,344.0,0.0,344.0,1.0,0.0
IE,2024,Agriculture and forestry products,15.0,221.0,0.0,221.0,1.0,0.0
IT,2008,Agriculture and forestry products,,55967.0,9912.0,65879.0,0.849542342779945,0.15045765722005494
IT,2009,Agriculture and forestry products,511.0,43207.0,6308.0,49515.0,0.8726042613349491,0.127395738665051
IT,2010,Agriculture and forestry products,499.0,44818.0,4986.0,49804.0,0.8998875592321902,0.10011244076780981
IT,2011,Agriculture and forestry products,490.0,60186.0,3624.0,63810.0,0.9432063939821345,0.05679360601786554
IT,2012,Agriculture and forestry products,376.0,59948.0,3980.0,63928.0,0.9377424602678013,0.062257539732198726
IT,2013,Agriculture and forestry products,555.0,61267.0,3586.0,64853.0,0.9447057190877831,0.05529428091221686
IT,2014,Agriculture and forestry products,1068.0,62993.0,3564.0,66557.0,0.946451913397539,0.05354808660246105
IT,2015,Agriculture and forestry products,703.0,62648.0,5837.972606497418,68485.97260649742,0.9147566664484581,0.08524333355154186
IT,2016,Agriculture and forestry products,866.0,86911.0,5352.0,92263.0,0.9419919144185643,0.05800808558143568
IT,2017,Agriculture and forestry products,1036.0,86889.0,5675.0,92564.0,0.9386910678017372,0.061308932198262826
IT,2018,Agriculture and forestry products,1579.0,87962.0,6153.86642211608,94115.86642211609,0.9346139322086716,0.06538606779132829
IT,2019,Agriculture and forestry products,1260.0,85671.0,6028.0,91699.0,0.9342631871667084,0.06573681283329152
IT,2020,Agriculture and forestry products,1144.0,82039.0,6660.0,88699.0,0.9249145988117116,0.07508540118828848
IT,2021,Agriculture and forestry products,1397.0,92432.0,6469.76023773474,98901.76023773474,0.9345839728010596,0.06541602719894042
IT,2022,Agriculture and forestry products,1571.0,95384.0,8321.0,103705.0,0.9197627886794272,0.08023721132057278
IT,2023,Agriculture and forestry products,1510.0,87827.0,7512.0,95339.0,0.9212074806742256,0.07879251932577434
IT,2024,Agriculture and forestry products,1785.0,87461.0,7066.0,94527.0,0.9252488706930295,0.07475112930697049
LT,2008,Agriculture and forestry products,777.0,0.0,54970.0,54970.0,0.0,1.0
LT,2009,Agriculture and forestry products,549.0,0.0,42669.0,42669.0,0.0,1.0
LT,2010,Agriculture and forestry products,431.0,0.0,48061.0,48061.0,0.0,1.0
LT,2011,Agriculture and forestry products,459.0,0.0,52330.0,52330.0,0.0,1.0
LT,2012,Agriculture and forestry products,799.0,0.0,49377.0,49377.0,0.0,1.0
LT,2013,Agriculture and forestry products,813.0,0.0,48028.0,48028.0,0.0,1.0
LT,2014,Agriculture and forestry products,962.0,0.0,49000.0,49000.0,0.0,1.0
LT,2015,Agriculture and forestry products,852.0,0.0,48053.0,48053.0,0.0,1.0
LT,2016,Agriculture and forestry products,746.0,0.0,47651.0,47651.0,0.0,1.0
LT,2017,Agriculture and forestry products,856.0,0.0,52638.0,52638.0,0.0,1.0
LT,2018,Agriculture and forestry products,876.0,0.0,56776.0,56776.0,0.0,1.0
LT,2019,Agriculture and forestry products,1029.0,0.0,55209.0,55209.0,0.0,1.0
LT,2020,Agriculture and forestry products,1114.0,0.0,53430.0,53430.0,0.0,1.0
LT,2021,Agriculture and forestry products,854.0,0.0,51080.0,51080.0,0.0,1.0
LT,2022,Agriculture and forestry products,845.0,0.0,30977.0,30977.0,0.0,1.0
LT,2023,Agriculture and forestry products,1125.0,0.0,27224.0,27224.0,0.0,1.0
LT,2024,Agriculture and forestry products,916.0,0.0,25658.0,25658.0,0.0,1.0
PL,2008,Agriculture and forestry products,1192.0,145750.0,71682.0,217432.0,0.6703245152507451,0.32967548474925495
PL,2009,Agriculture and forestry products,1115.0,49290.0,126860.0,176150.0,0.2798183366449049,0.720181663355095
PL,2010,Agriculture and forestry products,1566.0,131064.0,42225.0,173289.0,0.7563319079687689,0.24366809203123108
PL,2011,Agriculture and forestry products,1756.0,163944.0,60911.0,224855.0,0.7291098708056303,0.2708901291943697
PL,2012,Agriculture and forestry products,1681.0,162465.0,47209.0,209674.0,0.7748457128685483,0.2251542871314517
PL,2013,Agriculture and forestry products,1634.0,163724.0,43550.0,207274.0,0.7898916410162393,0.21010835898376062
PL,2014,Agriculture and forestry products,1572.0,161028.0,41383.0,202411.0,0.7955496489815277,0.2044503510184723
PL,2015,Agriculture and forestry products,1397.0,161412.0,34349.0,195761.0,0.8245360413974183,0.1754639586025817
PL,2016,Agriculture and forestry products,1315.0,164081.0,36204.0,200285.0,0.819237586439324,0.18076241356067604
PL,2017,Agriculture and forestry products,1404.0,189358.0,43790.0,233148.0,0.8121793881997701,0.1878206118002299
PL,2018,Agriculture and forestry products,1168.0,197481.0,43658.0,241139.0,0.8189508955415756,0.1810491044584244
PL,2019,Agriculture and forestry products,885.0,187956.0,40730.0,228686.0,0.8218955248681599,0.17810447513184016
PL,2020,Agriculture and forestry products,1069.0,177979.0,35276.0,213255.0,0.834583010949333,0.16541698905066704
PL,2021,Agriculture and forestry products,890.0,192914.0,38679.0,231593.0,0.8329871800961169,0.16701281990388311
PL,2022,Agriculture and forestry products,1837.0,195859.0,38383.0,234242.0,0.836139547988832,0.16386045201116795
PL,2023,Agriculture and forestry products,2681.0,192470.0,31894.0,224364.0,0.8578470699399191,0.14215293006008095
PL,2024,Agriculture and forestry products,2206.0,181102.0,35169.0,216271.0,0.8373845776826296,0.16261542231737033
RO,2008,Agriculture and forestry products,179.0,0.0,63212.0,63212.0,0.0,1.0
RO,2009,Agriculture and forestry products,71.0,0.0,46910.0,46910.0,0.0,1.0
RO,2010,Agriculture and forestry products,255.0,0.0,49441.0,49441.0,0.0,1.0
RO,2011,Agriculture and forestry products,415.0,0.0,57247.0,57247.0,0.0,1.0
RO,2012,Agriculture and forestry products,488.0,0.0,50433.0,50433.0,0.0,1.0
RO,2013,Agriculture and forestry products,984.0,0.0,47337.0,47337.0,0.0,1.0
RO,2014,Agriculture and forestry products,1104.0,0.0,49273.0,49273.0,0.0,1.0
RO,2015,Agriculture and forestry products,1188.0,0.0,49700.0,49700.0,0.0,1.0
RO,2016,Agriculture and forestry products,1289.0,0.0,47875.0,47875.0,0.0,1.0
RO,2017,Agriculture and forestry products,1839.0,0.0,56076.0,56076.0,0.0,1.0
RO,2018,Agriculture and forestry products,1797.0,0.0,55002.0,55002.0,0.0,1.0
RO,2019,Agriculture and forestry products,2321.0,0.0,58495.0,58495.0,0.0,1.0
RO,2020,Agriculture and forestry products,2185.0,0.0,49184.0,49184.0,0.0,1.0
RO,2021,Agriculture and forestry products,2760.0,0.0,56808.0,56808.0,0.0,1.0
RO,2022,Agriculture and forestry products,2585.0,0.0,53883.0,53883.0,0.0,1.0
RO,2023,Agriculture and forestry products,3087.0,0.0,47298.0,47298.0,0.0,1.0
RO,2024,Agriculture and forestry products,1722.0,0.0,41076.0,41076.0,0.0,1.0
SE,2008,Agriculture and forestry products,2028.0,44866.0,20766.0,65632.0,0.6835994636762555,0.31640053632374454
SE,2009,Agriculture and forestry products,1981.0,36606.0,19860.0,56466.0,0.6482839230687494,0.3517160769312507
SE,2010,Agriculture and forestry products,2104.0,45453.0,22876.0,68329.0,0.6652080375828711,0.3347919624171289
SE,2011,Agriculture and forestry products,1985.0,42593.0,25314.0,67907.0,0.6272254701282637,0.37277452987173637
SE,2012,Agriculture and forestry products,2177.0,41885.0,23904.0,65789.0,0.6366565839274043,0.36334341607259574
SE,2013,Agriculture and forestry products,2518.0,38082.0,28964.0,67046.0,0.5679980908629896,0.4320019091370104
SE,2014,Agriculture and forestry products,2109.0,37687.0,30348.0,68035.0,0.5539354743881826,0.4460645256118174
SE,2015,Agriculture and forestry products,2186.0,35929.0,29070.0,64999.0,0.552762350190003,0.4472376498099971
SE,2016,Agriculture and forestry products,2286.0,39060.0,28419.0,67479.0,0.5788467523229449,0.4211532476770551
SE,2017,Agriculture and forestry products,2307.0,40525.0,28825.0,69350.0,0.5843547224224946,0.4156452775775054
SE,2018,Agriculture and forestry products,2463.0,36502.0,32621.0,69123.0,0.5280731449734531,0.47192685502654685
SE,2019,Agriculture and forestry products,2677.0,35862.0,32358.0,68220.0,0.5256816182937555,0.4743183817062445
SE,2020,Agriculture and forestry products,3152.0,37318.0,32487.0,69805.0,0.5346035384284793,0.46539646157152065
SE,2021,Agriculture and forestry products,2971.0,39624.0,32834.0,72458.0,0.5468547296364791,0.4531452703635209
SE,2022,Agriculture and forestry products,2889.0,36190.55180770137,33175.56896294597,69366.12077064734,0.5217323875925264,0.4782676124074736
SE,2023,Agriculture and forestry products,3125.0,36693.0,31600.0,68293.0,0.5372878625920665,0.4627121374079335
SE,2024,Agriculture and forestry products,3404.0,34408.0,31499.0,65907.0,0.522068975981307,0.47793102401869303
SI,2008,Agriculture and forestry products,204.0,8629.0,8605.0,17234.0,0.5006962980155506,0.49930370198444934
SI,2009,Agriculture and forestry products,246.0,7584.0,5484.0,13068.0,0.5803489439853077,0.4196510560146924
SI,2010,Agriculture and forestry products,316.0,9072.0,6494.0,15566.0,0.5828086855968135,0.4171913144031864
SI,2011,Agriculture and forestry products,296.0,9722.0,6515.0,16237.0,0.5987559278191784,0.4012440721808216
SI,2012,Agriculture and forestry products,222.0,9331.0,5442.0,14773.0,0.6316252623028498,0.36837473769715023
SI,2013,Agriculture and forestry products,253.0,10815.0,5216.0,16031.0,0.6746304035930385,0.3253695964069615
SI,2014,Agriculture and forestry products,363.0,11952.0,4930.0,16882.0,0.7079729889823481,0.29202701101765194
SI,2015,Agriculture and forestry products,360.0,11647.0,4797.0,16444.0,0.7082826562880078,0.2917173437119922
SI,2016,Agriculture and forestry products,311.0,12185.0,4715.0,16900.0,0.7210059171597634,0.2789940828402367
SI,2017,Agriculture and forestry products,296.0,13908.0,4662.0,18570.0,0.7489499192245558,0.2510500807754443
SI,2018,Agriculture and forestry products,186.0,13719.0,4609.0,18328.0,0.7485268441728503,0.25147315582714974
SI,2019,Agriculture and forestry products,250.0,14094.0,4333.0,18427.0,0.7648559179464915,0.23514408205350845
SI,2020,Agriculture and forestry products,268.0,12542.0,3959.0,16501.0,0.7600751469607903,0.23992485303920974
SI,2021,Agriculture and forestry products,194.0,12690.0,4003.0,16693.0,0.7601988857604984,0.2398011142395016
SI,2022,Agriculture and forestry products,262.0,13327.0,3905.0,17232.0,0.773386722376973,0.22661327762302694
SI,2023,Agriculture and forestry products,241.0,12518.0,3433.0,15951.0,0.7847783838003887,0.2152216161996113
SI,2024,Agriculture and forestry products,315.0,12064.0,3136.0,15200.0,0.7936842105263158,0.2063157894736842
SK,2008,Agriculture and forestry products,312.0,29516.0,15009.0,44525.0,0.662908478382931,0.33709152161706907
SK,2009,Agriculture and forestry products,418.0,26695.0,8851.0,35546.0,0.7509987059022112,0.2490012940977888
SK,2010,Agriculture and forestry products,459.0,30405.0,10074.0,40479.0,0.7511302156673831,0.24886978433261692
SK,2011,Agriculture and forestry products,455.0,27312.0,10172.0,37484.0,0.7286308825098708,0.2713691174901291
SK,2012,Agriculture and forestry products,381.0,26931.0,8353.0,35284.0,0.7632638022899898,0.2367361977100102
SK,2013,Agriculture and forestry products,475.0,27049.0,9259.0,36308.0,0.7449873306158422,0.2550126693841578
SK,2014,Agriculture and forestry products,602.0,27758.0,8259.0,36017.0,0.7706916178471277,0.22930838215287225
SK,2015,Agriculture and forestry products,553.0,29388.0,8136.0,37524.0,0.7831787655900224,0.2168212344099776
SK,2016,Agriculture and forestry products,518.0,35035.0,6247.0,41282.0,0.848674967298096,0.15132503270190398
SK,2017,Agriculture and forestry products,516.0,32628.0,7622.0,40250.0,0.8106335403726708,0.1893664596273292
SK,2018,Agriculture and forestry products,513.0,35686.0,6827.0,42513.0,0.8394138263589961,0.16058617364100392
SK,2019,Agriculture and forestry products,545.0,37636.0,7126.0,44762.0,0.8408024663777312,0.15919753362226888
SK,2020,Agriculture and forestry products,482.0,33761.0,5974.0,39735.0,0.849653957468227,0.150346042531773
SK,2021,Agriculture and forestry products,463.0,33617.0,6411.0,40028.0,0.8398371140201859,0.16016288597981412
SK,2022,Agriculture and forestry products,560.0,30698.0,6066.0,36764.0,0.835001632031335,0.164998367968665
SK,2023,Agriculture and forestry products,539.0,28842.0,4769.0,33611.0,0.858111927642736,0.141888072357264
SK,2024,Agriculture and forestry products,461.0,28468.0,3437.0,31905.0,0.8922739382541921,0.10772606174580787
DE,2008,Coal and crude petroleum,7162.0,267134.0,104164.0,371298.0,0.7194598408825257,0.2805401591174744
DE,2009,Coal and crude petroleum,6188.0,265869.85020946997,100361.31595838009,366231.16616785,0.7259618371409091,0.27403816285909094
DE,2010,Coal and crude petroleum,6233.0,262955.0,92984.0,355939.0,0.738764226454533,0.26123577354546706
DE,2011,Coal and crude petroleum,6309.0,269220.0,105581.0,374801.0,0.7183011784920531,0.2816988215079469
DE,2012,Coal and crude petroleum,6849.0,270644.0,95560.0,366204.0,0.7390525499448395,0.2609474500551605
DE,2013,Coal and crude petroleum,7483.0,267938.0,105337.0,373275.0,0.717803228182975,0.28219677181702496
DE,2014,Coal and crude petroleum,7209.0,257216.0,107810.0,365026.0,0.7046511755327017,0.2953488244672982
DE,2015,Coal and crude petroleum,7612.0,261849.28744763264,106037.29621925285,367886.5836668855,0.7117663406957301,0.28823365930426986
DE,2016,Coal and crude petroleum,8180.0,243435.0,106359.0,349794.0,0.6959381807578174,0.30406181924218256
DE,2017,Coal and crude petroleum,7066.0,240100.0,124033.0,364133.0,0.6593744593321671,0.3406255406678329
DE,2018,Coal and crude petroleum,6334.0,280570.0,107325.0,387895.0,0.7233142989726601,0.27668570102733986
DE,2019,Coal and crude petroleum,6528.0,267322.0,99868.0,367190.0,0.7280209156022768,0.2719790843977232
DE,2020,Coal and crude petroleum,4901.0,258498.8184794349,110767.27976998014,369266.09824941505,0.700033985532124,0.29996601446787596
DE,2021,Coal and crude petroleum,5477.0,257828.72468579534,111713.27648012561,369542.001165921,0.6976980258599417,0.3023019741400582
DE,2022,Coal and crude petroleum,6415.0,257158.6308921558,112659.27319027107,369817.90408242686,0.6953655516765868,0.30463444832341324
DE,2023,Coal and crude petroleum,5973.0,256488.53709851624,113605.26990041653,370093.8069989328,0.6930365551868202,0.30696344481317983
DE,2024,Coal and crude petroleum,4867.0,255818.4433048767,114551.26661056199,370369.70991543867,0.6907110286186312,0.30928897138136885
FI,2008,Coal and crude petroleum,280.0,0.0,41937.0,41937.0,0.0,1.0
FI,2009,Coal and crude petroleum,223.0,0.0,32860.0,32860.0,0.0,1.0
FI,2010,Coal and crude petroleum,136.0,0.0,35795.0,35795.0,0.0,1.0
FI,2011,Coal and crude petroleum,19.0,0.0,34827.0,34827.0,0.0,1.0
FI,2012,Coal and crude petroleum,17.0,0.0,35267.0,35267.0,0.0,1.0
FI,2013,Coal and crude petroleum,82.0,0.0,36433.0,36433.0,0.0,1.0
FI,2014,Coal and crude petroleum,138.0,0.0,37008.0,37008.0,0.0,1.0
FI,2015,Coal and crude petroleum,130.0,0.0,33392.0,33392.0,0.0,1.0
FI,2016,Coal and crude petroleum,158.0,0.0,36147.0,36147.0,0.0,1.0
FI,2017,Coal and crude petroleum,64.0,0.0,38406.0,38406.0,0.0,1.0
FI,2018,Coal and crude petroleum,509.0,0.0,39430.0,39430.0,0.0,1.0
FI,2019,Coal and crude petroleum,550.0,0.0,36907.0,36907.0,0.0,1.0
FI,2020,Coal and crude petroleum,181.0,0.0,36589.0,36589.0,0.0,1.0
FI,2021,Coal and crude petroleum,619.0,0.0,37352.0,37352.0,0.0,1.0
FI,2022,Coal and crude petroleum,289.0,0.0,33029.534449823506,33029.534449823506,0.0,1.0
FI,2023,Coal and crude petroleum,0.0,0.0,27066.0,27066.0,0.0,1.0
FI,2024,Coal and crude petroleum,0.0,0.0,26640.0,26640.0,0.0,1.0
HR,2008,Coal and crude petroleum,187.0,0.0,0.0,0.0,,
HR,2009,Coal and crude petroleum,72.0,0.0,0.0,0.0,,
HR,2010,Coal and crude petroleum,57.0,0.0,0.0,0.0,,
HR,2011,Coal and crude petroleum,82.0,0.0,0.0,0.0,,
HR,2012,Coal and crude petroleum,133.0,0.0,0.0,0.0,,
HR,2013,Coal and crude petroleum,52.0,0.0,0.0,0.0,,
HR,2014,Coal and crude petroleum,198.0,0.0,0.0,0.0,,
HR,2015,Coal and crude petroleum,343.0,0.0,0.0,0.0,,
HR,2016,Coal and crude petroleum,130.0,0.0,0.0,0.0,,
HR,2017,Coal and crude petroleum,220.0,0.0,0.0,0.0,,
HR,2018,Coal and crude petroleum,166.0,0.0,0.0,0.0,,
HR,2019,Coal and crude petroleum,148.0,0.0,0.0,0.0,,
HR,2020,Coal and crude petroleum,180.0,0.0,0.0,0.0,,
HR,2021,Coal and crude petroleum,240.0,0.0,0.0,0.0,,
HR,2022,Coal and crude petroleum,315.0,0.0,0.0,0.0,,
HR,2023,Coal and crude petroleum,340.0,0.0,0.0,0.0,,
HR,2024,Coal and crude petroleum,357.0,0.0,0.0,0.0,,
IE,2008,Coal and crude petroleum,0.0,679.9249995366081,0.0,679.9249995366081,1.0,0.0
IE,2009,Coal and crude petroleum,0.0,631.0,0.0,631.0,1.0,0.0
IE,2010,Coal and crude petroleum,0.0,568.0,0.0,568.0,1.0,0.0
IE,2011,Coal and crude petroleum,0.0,611.0,0.0,611.0,1.0,0.0
IE,2012,Coal and crude petroleum,0.0,567.0,0.0,567.0,1.0,0.0
IE,2013,Coal and crude petroleum,0.0,589.0,0.0,589.0,1.0,0.0
IE,2014,Coal and crude petroleum,0.0,578.0,0.0,578.0,1.0,0.0
IE,2015,Coal and crude petroleum,0.0,540.0,0.0,540.0,1.0,0.0
IE,2016,Coal and crude petroleum,0.0,581.0,0.0,581.0,1.0,0.0
IE,2017,Coal and crude petroleum,0.0,546.0,0.0,546.0,1.0,0.0
IE,2018,Coal and crude petroleum,0.0,516.0,0.0,516.0,1.0,0.0
IE,2019,Coal and crude petroleum,0.0,346.0,0.0,346.0,1.0,0.0
IE,2020,Coal and crude petroleum,0.0,449.0,0.0,449.0,1.0,0.0
IE,2021,Coal and crude petroleum,0.0,415.0,0.0,415.0,1.0,0.0
IE,2022,Coal and crude petroleum,0.0,419.0,0.0,419.0,1.0,0.0
IE,2023,Coal and crude petroleum,0.0,344.0,0.0,344.0,1.0,0.0
IE,2024,Coal and crude petroleum,0.0,221.0,0.0,221.0,1.0,0.0
IT,2008,Coal and crude petroleum,,55967.0,9912.0,65879.0,0.849542342779945,0.15045765722005494
IT,2009,Coal and crude petroleum,12.0,43207.0,6308.0,49515.0,0.8726042613349491,0.127395738665051
IT,2010,Coal and crude petroleum,,44818.0,4986.0,49804.0,0.8998875592321902,0.10011244076780981
IT,2011,Coal and crude petroleum,7.0,60186.0,3624.0,63810.0,0.9432063939821345,0.05679360601786554
IT,2012,Coal and crude petroleum,4.0,59948.0,3980.0,63928.0,0.9377424602678013,0.062257539732198726
IT,2013,Coal and crude petroleum,,61267.0,3586.0,64853.0,0.9447057190877831,0.05529428091221686
IT,2014,Coal and crude petroleum,,62993.0,3564.0,66557.0,0.946451913397539,0.05354808660246105
IT,2015,Coal and crude petroleum,76.0,62648.0,5837.972606497418,68485.97260649742,0.9147566664484581,0.08524333355154186
IT,2016,Coal and crude petroleum,62.0,86911.0,5352.0,92263.0,0.9419919144185643,0.05800808558143568
IT,2017,Coal and crude petroleum,96.0,86889.0,5675.0,92564.0,0.9386910678017372,0.061308932198262826
IT,2018,Coal and crude petroleum,90.0,87962.0,6153.86642211608,94115.86642211609,0.9346139322086716,0.06538606779132829
IT,2019,Coal and crude petroleum,61.0,85671.0,6028.0,91699.0,0.9342631871667084,0.06573681283329152
IT,2020,Coal and crude petroleum,65.0,82039.0,6660.0,88699.0,0.9249145988117116,0.07508540118828848
IT,2021,Coal and crude petroleum,69.0,92432.0,6469.76023773474,98901.76023773474,0.9345839728010596,0.06541602719894042
IT,2022,Coal and crude petroleum,131.0,95384.0,8321.0,103705.0,0.9197627886794272,0.08023721132057278
IT,2023,Coal and crude petroleum,269.0,87827.0,7512.0,95339.0,0.9212074806742256,0.07879251932577434
IT,2024,Coal and crude petroleum,131.0,87461.0,7066.0,94527.0,0.9252488706930295,0.07475112930697049
LT,2008,Coal and crude petroleum,1483.0,0.0,54970.0,54970.0,0.0,1.0
LT,2009,Coal and crude petroleum,1098.0,0.0,42669.0,42669.0,0.0,1.0
LT,2010,Coal and crude petroleum,1365.0,0.0,48061.0,48061.0,0.0,1.0
LT,2011,Coal and crude petroleum,1199.0,0.0,52330.0,52330.0,0.0,1.0
LT,2012,Coal and crude petroleum,752.0,0.0,49377.0,49377.0,0.0,1.0
LT,2013,Coal and crude petroleum,866.0,0.0,48028.0,48028.0,0.0,1.0
LT,2014,Coal and crude petroleum,729.0,0.0,49000.0,49000.0,0.0,1.0
LT,2015,Coal and crude petroleum,644.0,0.0,48053.0,48053.0,0.0,1.0
LT,2016,Coal and crude petroleum,751.0,0.0,47651.0,47651.0,0.0,1.0
LT,2017,Coal and crude petroleum,1452.0,0.0,52638.0,52638.0,0.0,1.0
LT,2018,Coal and crude petroleum,1903.0,0.0,56776.0,56776.0,0.0,1.0
LT,2019,Coal and crude petroleum,1305.0,0.0,55209.0,55209.0,0.0,1.0
LT,2020,Coal and crude petroleum,1491.0,0.0,53430.0,53430.0,0.0,1.0
LT,2021,Coal and crude petroleum,1047.0,0.0,51080.0,51080.0,0.0,1.0
LT,2022,Coal and crude petroleum,385.0,0.0,30977.0,30977.0,0.0,1.0
LT,2023,Coal and crude petroleum,71.0,0.0,27224.0,27224.0,0.0,1.0
LT,2024,Coal and crude petroleum,63.0,0.0,25658.0,25658.0,0.0,1.0
PL,2008,Coal and crude petroleum,15890.0,145750.0,71682.0,217432.0,0.6703245152507451,0.32967548474925495
PL,2009,Coal and crude petroleum,15146.0,49290.0,126860.0,176150.0,0.2798183366449049,0.720181663355095
PL,2010,Coal and crude petroleum,15765.0,131064.0,42225.0,173289.0,0.7563319079687689,0.24366809203123108
PL,2011,Coal and crude petroleum,16129.0,163944.0,60911.0,224855.0,0.7291098708056303,0.2708901291943697
PL,2012,Coal and crude petroleum,14823.0,162465.0,47209.0,209674.0,0.7748457128685483,0.2251542871314517
PL,2013,Coal and crude petroleum,16487.0,163724.0,43550.0,207274.0,0.7898916410162393,0.21010835898376062
PL,2014,Coal and crude petroleum,14376.0,161028.0,41383.0,202411.0,0.7955496489815277,0.2044503510184723
PL,2015,Coal and crude petroleum,14502.0,161412.0,34349.0,195761.0,0.8245360413974183,0.1754639586025817
PL,2016,Coal and crude petroleum,14149.0,164081.0,36204.0,200285.0,0.819237586439324,0.18076241356067604
PL,2017,Coal and crude petroleum,15006.0,189358.0,43790.0,233148.0,0.8121793881997701,0.1878206118002299
PL,2018,Coal and crude petroleum,15762.0,197481.0,43658.0,241139.0,0.8189508955415756,0.1810491044584244
PL,2019,Coal and crude petroleum,14786.0,187956.0,40730.0,228686.0,0.8218955248681599,0.17810447513184016
PL,2020,Coal and crude petroleum,12267.0,177979.0,35276.0,213255.0,0.834583010949333,0.16541698905066704
PL,2021,Coal and crude petroleum,13099.0,192914.0,38679.0,231593.0,0.8329871800961169,0.16701281990388311
PL,2022,Coal and crude petroleum,16224.0,195859.0,38383.0,234242.0,0.836139547988832,0.16386045201116795
PL,2023,Coal and crude petroleum,14838.0,192470.0,31894.0,224364.0,0.8578470699399191,0.14215293006008095
PL,2024,Coal and crude petroleum,10334.0,181102.0,35169.0,216271.0,0.8373845776826296,0.16261542231737033
RO,2008,Coal and crude petroleum,2810.0,0.0,63212.0,63212.0,0.0,1.0
RO,2009,Coal and crude petroleum,2478.0,0.0,46910.0,46910.0,0.0,1.0
RO,2010,Coal and crude petroleum,2390.0,0.0,49441.0,49441.0,0.0,1.0
RO,2011,Coal and crude petroleum,2629.0,0.0,57247.0,57247.0,0.0,1.0
RO,2012,Coal and crude petroleum,2721.0,0.0,50433.0,50433.0,0.0,1.0
RO,2013,Coal and crude petroleum,1991.0,0.0,47337.0,47337.0,0.0,1.0
RO,2014,Coal and crude petroleum,1544.0,0.0,49273.0,49273.0,0.0,1.0
RO,2015,Coal and crude petroleum,1491.0,0.0,49700.0,49700.0,0.0,1.0
RO,2016,Coal and crude petroleum,1358.0,0.0,47875.0,47875.0,0.0,1.0
RO,2017,Coal and crude petroleum,1613.0,0.0,56076.0,56076.0,0.0,1.0
RO,2018,Coal and crude petroleum,1484.0,0.0,55002.0,55002.0,0.0,1.0
RO,2019,Coal and crude petroleum,1007.0,0.0,58495.0,58495.0,0.0,1.0
RO,2020,Coal and crude petroleum,813.0,0.0,49184.0,49184.0,0.0,1.0
RO,2021,Coal and crude petroleum,943.0,0.0,56808.0,56808.0,0.0,1.0
RO,2022,Coal and crude petroleum,1178.0,0.0,53883.0,53883.0,0.0,1.0
RO,2023,Coal and crude petroleum,1330.0,0.0,47298.0,47298.0,0.0,1.0
RO,2024,Coal and crude petroleum,1036.0,0.0,41076.0,41076.0,0.0,1.0
SE,2008,Coal and crude petroleum,75.0,44866.0,20766.0,65632.0,0.6835994636762555,0.31640053632374454
SE,2009,Coal and crude petroleum,34.0,36606.0,19860.0,56466.0,0.6482839230687494,0.3517160769312507
SE,2010,Coal and crude petroleum,86.0,45453.0,22876.0,68329.0,0.6652080375828711,0.3347919624171289
SE,2011,Coal and crude petroleum,77.0,42593.0,25314.0,67907.0,0.6272254701282637,0.37277452987173637
SE,2012,Coal and crude petroleum,86.0,41885.0,23904.0,65789.0,0.6366565839274043,0.36334341607259574
SE,2013,Coal and crude petroleum,57.0,38082.0,28964.0,67046.0,0.5679980908629896,0.4320019091370104
SE,2014,Coal and crude petroleum,86.0,37687.0,30348.0,68035.0,0.5539354743881826,0.4460645256118174
SE,2015,Coal and crude petroleum,56.0,35929.0,29070.0,64999.0,0.552762350190003,0.4472376498099971
SE,2016,Coal and crude petroleum,67.0,39060.0,28419.0,67479.0,0.5788467523229449,0.4211532476770551
SE,2017,Coal and crude petroleum,83.0,40525.0,28825.0,69350.0,0.5843547224224946,0.4156452775775054
SE,2018,Coal and crude petroleum,92.0,36502.0,32621.0,69123.0,0.5280731449734531,0.47192685502654685
SE,2019,Coal and crude petroleum,71.0,35862.0,32358.0,68220.0,0.5256816182937555,0.4743183817062445
SE,2020,Coal and crude petroleum,60.0,37318.0,32487.0,69805.0,0.5346035384284793,0.46539646157152065
SE,2021,Coal and crude petroleum,72.0,39624.0,32834.0,72458.0,0.5468547296364791,0.4531452703635209
SE,2022,Coal and crude petroleum,71.0,36190.55180770137,33175.56896294597,69366.12077064734,0.5217323875925264,0.4782676124074736
SE,2023,Coal and crude petroleum,51.0,36693.0,31600.0,68293.0,0.5372878625920665,0.4627121374079335
SE,2024,Coal and crude petroleum,55.0,34408.0,31499.0,65907.0,0.522068975981307,0.47793102401869303
SI,2008,Coal and crude petroleum,249.0,8629.0,8605.0,17234.0,0.5006962980155506,0.49930370198444934
SI,2009,Coal and crude petroleum,157.0,7584.0,5484.0,13068.0,0.5803489439853077,0.4196510560146924
SI,2010,Coal and crude petroleum,222.0,9072.0,6494.0,15566.0,0.5828086855968135,0.4171913144031864
SI,2011,Coal and crude petroleum,297.0,9722.0,6515.0,16237.0,0.5987559278191784,0.4012440721808216
SI,2012,Coal and crude petroleum,271.0,9331.0,5442.0,14773.0,0.6316252623028498,0.36837473769715023
SI,2013,Coal and crude petroleum,252.0,10815.0,5216.0,16031.0,0.6746304035930385,0.3253695964069615
SI,2014,Coal and crude petroleum,256.0,11952.0,4930.0,16882.0,0.7079729889823481,0.29202701101765194
SI,2015,Coal and crude petroleum,293.0,11647.0,4797.0,16444.0,0.7082826562880078,0.2917173437119922
SI,2016,Coal and crude petroleum,325.0,12185.0,4715.0,16900.0,0.7210059171597634,0.2789940828402367
SI,2017,Coal and crude petroleum,385.0,13908.0,4662.0,18570.0,0.7489499192245558,0.2510500807754443
SI,2018,Coal and crude petroleum,420.0,13719.0,4609.0,18328.0,0.7485268441728503,0.25147315582714974
SI,2019,Coal and crude petroleum,374.0,14094.0,4333.0,18427.0,0.7648559179464915,0.23514408205350845
SI,2020,Coal and crude petroleum,305.0,12542.0,3959.0,16501.0,0.7600751469607903,0.23992485303920974
SI,2021,Coal and crude petroleum,306.0,12690.0,4003.0,16693.0,0.7601988857604984,0.2398011142395016
SI,2022,Coal and crude petroleum,329.0,13327.0,3905.0,17232.0,0.773386722376973,0.22661327762302694
SI,2023,Coal and crude petroleum,327.0,12518.0,3433.0,15951.0,0.7847783838003887,0.2152216161996113
SI,2024,Coal and crude petroleum,189.0,12064.0,3136.0,15200.0,0.7936842105263158,0.2063157894736842
SK,2008,Coal and crude petroleum,1084.0,29516.0,15009.0,44525.0,0.662908478382931,0.33709152161706907
SK,2009,Coal and crude petroleum,1044.0,26695.0,8851.0,35546.0,0.7509987059022112,0.2490012940977888
SK,2010,Coal and crude petroleum,902.0,30405.0,10074.0,40479.0,0.7511302156673831,0.24886978433261692
SK,2011,Coal and crude petroleum,969.0,27312.0,10172.0,37484.0,0.7286308825098708,0.2713691174901291
SK,2012,Coal and crude petroleum,941.0,26931.0,8353.0,35284.0,0.7632638022899898,0.2367361977100102
SK,2013,Coal and crude petroleum,806.0,27049.0,9259.0,36308.0,0.7449873306158422,0.2550126693841578
SK,2014,Coal and crude petroleum,787.0,27758.0,8259.0,36017.0,0.7706916178471277,0.22930838215287225
SK,2015,Coal and crude petroleum,535.0,29388.0,8136.0,37524.0,0.7831787655900224,0.2168212344099776
SK,2016,Coal and crude petroleum,687.0,35035.0,6247.0,41282.0,0.848674967298096,0.15132503270190398
SK,2017,Coal and crude petroleum,640.0,32628.0,7622.0,40250.0,0.8106335403726708,0.1893664596273292
SK,2018,Coal and crude petroleum,741.0,35686.0,6827.0,42513.0,0.8394138263589961,0.16058617364100392
SK,2019,Coal and crude petroleum,847.0,37636.0,7126.0,44762.0,0.8408024663777312,0.15919753362226888
SK,2020,Coal and crude petroleum,636.0,33761.0,5974.0,39735.0,0.849653957468227,0.150346042531773
SK,2021,Coal and crude petroleum,700.0,33617.0,6411.0,40028.0,0.8398371140201859,0.16016288597981412
SK,2022,Coal and crude petroleum,598.0,30698.0,6066.0,36764.0,0.835001632031335,0.164998367968665
SK,2023,Coal and crude petroleum,588.0,28842.0,4769.0,33611.0,0.858111927642736,0.141888072357264
SK,2024,Coal and crude petroleum,556.0,28468.0,3437.0,31905.0,0.8922739382541921,0.10772606174580787
DE,2008,Metal ores and quarrying products,11912.0,267134.0,104164.0,371298.0,0.7194598408825257,0.2805401591174744
DE,2009,Metal ores and quarrying products,9813.0,265869.85020946997,100361.31595838009,366231.16616785,0.7259618371409091,0.27403816285909094
DE,2010,Metal ores and quarrying products,10597.0,262955.0,92984.0,355939.0,0.738764226454533,0.26123577354546706
DE,2011,Metal ores and quarrying products,13086.0,269220.0,105581.0,374801.0,0.7183011784920531,0.2816988215079469
DE,2012,Metal ores and quarrying products,12302.0,270644.0,95560.0,366204.0,0.7390525499448395,0.2609474500551605
DE,2013,Metal ores and quarrying products,12482.0,267938.0,105337.0,373275.0,0.717803228182975,0.28219677181702496
DE,2014,Metal ores and quarrying products,12447.0,257216.0,107810.0,365026.0,0.7046511755327017,0.2953488244672982
DE,2015,Metal ores and quarrying products,12366.0,261849.28744763264,106037.29621925285,367886.5836668855,0.7117663406957301,0.28823365930426986
DE,2016,Metal ores and quarrying products,12362.0,243435.0,106359.0,349794.0,0.6959381807578174,0.30406181924218256
DE,2017,Metal ores and quarrying products,12036.0,240100.0,124033.0,364133.0,0.6593744593321671,0.3406255406678329
DE,2018,Metal ores and quarrying products,11843.0,280570.0,107325.0,387895.0,0.7233142989726601,0.27668570102733986
DE,2019,Metal ores and quarrying products,12369.0,267322.0,99868.0,367190.0,0.7280209156022768,0.2719790843977232
DE,2020,Metal ores and quarrying products,11418.0,258498.8184794349,110767.27976998014,369266.09824941505,0.700033985532124,0.29996601446787596
DE,2021,Metal ores and quarrying products,13553.0,257828.72468579534,111713.27648012561,369542.001165921,0.6976980258599417,0.3023019741400582
DE,2022,Metal ores and quarrying products,13684.0,257158.6308921558,112659.27319027107,369817.90408242686,0.6953655516765868,0.30463444832341324
DE,2023,Metal ores and quarrying products,13609.0,256488.53709851624,113605.26990041653,370093.8069989328,0.6930365551868202,0.30696344481317983
DE,2024,Metal ores and quarrying products,13254.0,255818.4433048767,114551.26661056199,370369.70991543867,0.6907110286186312,0.30928897138136885
FI,2008,Metal ores and quarrying products,1251.0,0.0,41937.0,41937.0,0.0,1.0
FI,2009,Metal ores and quarrying products,1349.0,0.0,32860.0,32860.0,0.0,1.0
FI,2010,Metal ores and quarrying products,1563.0,0.0,35795.0,35795.0,0.0,1.0
FI,2011,Metal ores and quarrying products,1789.0,0.0,34827.0,34827.0,0.0,1.0
FI,2012,Metal ores and quarrying products,1470.0,0.0,35267.0,35267.0,0.0,1.0
FI,2013,Metal ores and quarrying products,1882.0,0.0,36433.0,36433.0,0.0,1.0
FI,2014,Metal ores and quarrying products,2264.0,0.0,37008.0,37008.0,0.0,1.0
FI,2015,Metal ores and quarrying products,1721.0,0.0,33392.0,33392.0,0.0,1.0
FI,2016,Metal ores and quarrying products,2343.0,0.0,36147.0,36147.0,0.0,1.0
FI,2017,Metal ores and quarrying products,2736.0,0.0,38406.0,38406.0,0.0,1.0
FI,2018,Metal ores and quarrying products,2669.0,0.0,39430.0,39430.0,0.0,1.0
FI,2019,Metal ores and quarrying products,1937.0,0.0,36907.0,36907.0,0.0,1.0
FI,2020,Metal ores and quarrying products,2020.0,0.0,36589.0,36589.0,0.0,1.0
FI,2021,Metal ores and quarrying products,1897.0,0.0,37352.0,37352.0,0.0,1.0
FI,2022,Metal ores and quarrying products,525.0,0.0,33029.534449823506,33029.534449823506,0.0,1.0
FI,2023,Metal ores and quarrying products,317.0,0.0,27066.0,27066.0,0.0,1.0
FI,2024,Metal ores and quarrying products,415.0,0.0,26640.0,26640.0,0.0,1.0
HR,2008,Metal ores and quarrying products,508.0,0.0,0.0,0.0,,
HR,2009,Metal ores and quarrying products,447.0,0.0,0.0,0.0,,
HR,2010,Metal ores and quarrying products,304.0,0.0,0.0,0.0,,
HR,2011,Metal ores and quarrying products,390.0,0.0,0.0,0.0,,
HR,2012,Metal ores and quarrying products,472.0,0.0,0.0,0.0,,
HR,2013,Metal ores and quarrying products,421.0,0.0,0.0,0.0,,
HR,2014,Metal ores and quarrying products,323.0,0.0,0.0,0.0,,
HR,2015,Metal ores and quarrying products,505.0,0.0,0.0,0.0,,
HR,2016,Metal ores and quarrying products,291.0,0.0,0.0,0.0,,
HR,2017,Metal ores and quarrying products,383.0,0.0,0.0,0.0,,
HR,2018,Metal ores and quarrying products,428.0,0.0,0.0,0.0,,
HR,2019,Metal ores and quarrying products,633.0,0.0,0.0,0.0,,
HR,2020,Metal ores and quarrying products,694.0,0.0,0.0,0.0,,
HR,2021,Metal ores and quarrying products,544.0,0.0,0.0,0.0,,
HR,2022,Metal ores and quarrying products,685.0,0.0,0.0,0.0,,
HR,2023,Metal ores and quarrying products,436.0,0.0,0.0,0.0,,
HR,2024,Metal ores and quarrying products,286.0,0.0,0.0,0.0,,
IE,2008,Metal ores and quarrying products,65.0,679.9249995366081,0.0,679.9249995366081,1.0,0.0
IE,2009,Metal ores and quarrying products,58.0,631.0,0.0,631.0,1.0,0.0
IE,2010,Metal ores and quarrying products,31.0,568.0,0.0,568.0,1.0,0.0
IE,2011,Metal ores and quarrying products,31.0,611.0,0.0,611.0,1.0,0.0
IE,2012,Metal ores and quarrying products,30.0,567.0,0.0,567.0,1.0,0.0
IE,2013,Metal ores and quarrying products,30.0,589.0,0.0,589.0,1.0,0.0
IE,2014,Metal ores and quarrying products,30.0,578.0,0.0,578.0,1.0,0.0
IE,2015,Metal ores and quarrying products,25.0,540.0,0.0,540.0,1.0,0.0
IE,2016,Metal ores and quarrying products,28.0,581.0,0.0,581.0,1.0,0.0
IE,2017,Metal ores and quarrying products,24.0,546.0,0.0,546.0,1.0,0.0
IE,2018,Metal ores and quarrying products,25.0,516.0,0.0,516.0,1.0,0.0
IE,2019,Metal ores and quarrying products,12.0,346.0,0.0,346.0,1.0,0.0
IE,2020,Metal ores and quarrying products,23.0,449.0,0.0,449.0,1.0,0.0
IE,2021,Metal ores and quarrying products,21.0,415.0,0.0,415.0,1.0,0.0
IE,2022,Metal ores and quarrying products,17.0,419.0,0.0,419.0,1.0,0.0
IE,2023,Metal ores and quarrying products,11.0,344.0,0.0,344.0,1.0,0.0
IE,2024,Metal ores and quarrying products,0.0,221.0,0.0,221.0,1.0,0.0
IT,2008,Metal ores and quarrying products,,55967.0,9912.0,65879.0,0.849542342779945,0.15045765722005494
IT,2009,Metal ores and quarrying products,788.0,43207.0,6308.0,49515.0,0.8726042613349491,0.127395738665051
IT,2010,Metal ores and quarrying products,822.0,44818.0,4986.0,49804.0,0.8998875592321902,0.10011244076780981
IT,2011,Metal ores and quarrying products,965.0,60186.0,3624.0,63810.0,0.9432063939821345,0.05679360601786554
IT,2012,Metal ores and quarrying products,912.0,59948.0,3980.0,63928.0,0.9377424602678013,0.062257539732198726
IT,2013,Metal ores and quarrying products,598.0,61267.0,3586.0,64853.0,0.9447057190877831,0.05529428091221686
IT,2014,Metal ores and quarrying products,991.0,62993.0,3564.0,66557.0,0.946451913397539,0.05354808660246105
IT,2015,Metal ores and quarrying products,891.0,62648.0,5837.972606497418,68485.97260649742,0.9147566664484581,0.08524333355154186
IT,2016,Metal ores and quarrying products,642.0,86911.0,5352.0,92263.0,0.9419919144185643,0.05800808558143568
IT,2017,Metal ores and quarrying products,644.0,86889.0,5675.0,92564.0,0.9386910678017372,0.061308932198262826
IT,2018,Metal ores and quarrying products,628.0,87962.0,6153.86642211608,94115.86642211609,0.9346139322086716,0.06538606779132829
IT,2019,Metal ores and quarrying products,630.0,85671.0,6028.0,91699.0,0.9342631871667084,0.06573681283329152
IT,2020,Metal ores and quarrying products,572.0,82039.0,6660.0,88699.0,0.9249145988117116,0.07508540118828848
IT,2021,Metal ores and quarrying products,690.0,92432.0,6469.76023773474,98901.76023773474,0.9345839728010596,0.06541602719894042
IT,2022,Metal ores and quarrying products,651.0,95384.0,8321.0,103705.0,0.9197627886794272,0.08023721132057278
IT,2023,Metal ores and quarrying products,418.0,87827.0,7512.0,95339.0,0.9212074806742256,0.07879251932577434
IT,2024,Metal ores and quarrying products,518.0,87461.0,7066.0,94527.0,0.9252488706930295,0.07475112930697049
LT,2008,Metal ores and quarrying products,912.0,0.0,54970.0,54970.0,0.0,1.0
LT,2009,Metal ores and quarrying products,871.0,0.0,42669.0,42669.0,0.0,1.0
LT,2010,Metal ores and quarrying products,1056.0,0.0,48061.0,48061.0,0.0,1.0
LT,2011,Metal ores and quarrying products,1265.0,0.0,52330.0,52330.0,0.0,1.0
LT,2012,Metal ores and quarrying products,1023.0,0.0,49377.0,49377.0,0.0,1.0
LT,2013,Metal ores and quarrying products,1358.0,0.0,48028.0,48028.0,0.0,1.0
LT,2014,Metal ores and quarrying products,1322.0,0.0,49000.0,49000.0,0.0,1.0
LT,2015,Metal ores and quarrying products,1005.0,0.0,48053.0,48053.0,0.0,1.0
LT,2016,Metal ores and quarrying products,1050.0,0.0,47651.0,47651.0,0.0,1.0
LT,2017,Metal ores and quarrying products,1328.0,0.0,52638.0,52638.0,0.0,1.0
LT,2018,Metal ores and quarrying products,1765.0,0.0,56776.0,56776.0,0.0,1.0
LT,2019,Metal ores and quarrying products,1971.0,0.0,55209.0,55209.0,0.0,1.0
LT,2020,Metal ores and quarrying products,2014.0,0.0,53430.0,53430.0,0.0,1.0
LT,2021,Metal ores and quarrying products,1777.0,0.0,51080.0,51080.0,0.0,1.0
LT,2022,Metal ores and quarrying products,1039.0,0.0,30977.0,30977.0,0.0,1.0
LT,2023,Metal ores and quarrying products,1118.0,0.0,27224.0,27224.0,0.0,1.0
LT,2024,Metal ores and quarrying products,1212.0,0.0,25658.0,25658.0,0.0,1.0
PL,2008,Metal ores and quarrying products,11608.0,145750.0,71682.0,217432.0,0.6703245152507451,0.32967548474925495
PL,2009,Metal ores and quarrying products,9228.0,49290.0,126860.0,176150.0,0.2798183366449049,0.720181663355095
PL,2010,Metal ores and quarrying products,11656.0,131064.0,42225.0,173289.0,0.7563319079687689,0.24366809203123108
PL,2011,Metal ores and quarrying products,15165.0,163944.0,60911.0,224855.0,0.7291098708056303,0.2708901291943697
PL,2012,Metal ores and quarrying products,11766.0,162465.0,47209.0,209674.0,0.7748457128685483,0.2251542871314517
PL,2013,Metal ores and quarrying products,12210.0,163724.0,43550.0,207274.0,0.7898916410162393,0.21010835898376062
PL,2014,Metal ores and quarrying products,12751.0,161028.0,41383.0,202411.0,0.7955496489815277,0.2044503510184723
PL,2015,Metal ores and quarrying products,12416.0,161412.0,34349.0,195761.0,0.8245360413974183,0.1754639586025817
PL,2016,Metal ores and quarrying products,11264.0,164081.0,36204.0,200285.0,0.819237586439324,0.18076241356067604
PL,2017,Metal ores and quarrying products,14449.0,189358.0,43790.0,233148.0,0.8121793881997701,0.1878206118002299
PL,2018,Metal ores and quarrying products,16990.0,197481.0,43658.0,241139.0,0.8189508955415756,0.1810491044584244
PL,2019,Metal ores and quarrying products,14278.0,187956.0,40730.0,228686.0,0.8218955248681599,0.17810447513184016
PL,2020,Metal ores and quarrying products,12580.0,177979.0,35276.0,213255.0,0.834583010949333,0.16541698905066704
PL,2021,Metal ores and quarrying products,13077.0,192914.0,38679.0,231593.0,0.8329871800961169,0.16701281990388311
PL,2022,Metal ores and quarrying products,13549.0,195859.0,38383.0,234242.0,0.836139547988832,0.16386045201116795
PL,2023,Metal ores and quarrying products,14593.0,192470.0,31894.0,224364.0,0.8578470699399191,0.14215293006008095
PL,2024,Metal ores and quarrying products,15649.0,181102.0,35169.0,216271.0,0.8373845776826296,0.16261542231737033
RO,2008,Metal ores and quarrying products,978.0,0.0,63212.0,63212.0,0.0,1.0
RO,2009,Metal ores and quarrying products,401.0,0.0,46910.0,46910.0,0.0,1.0
RO,2010,Metal ores and quarrying products,483.0,0.0,49441.0,49441.0,0.0,1.0
RO,2011,Metal ores and quarrying products,556.0,0.0,57247.0,57247.0,0.0,1.0
RO,2012,Metal ores and quarrying products,278.0,0.0,50433.0,50433.0,0.0,1.0
RO,2013,Metal ores and quarrying products,538.0,0.0,47337.0,47337.0,0.0,1.0
RO,2014,Metal ores and quarrying products,391.0,0.0,49273.0,49273.0,0.0,1.0
RO,2015,Metal ores and quarrying products,318.0,0.0,49700.0,49700.0,0.0,1.0
RO,2016,Metal ores and quarrying products,261.0,0.0,47875.0,47875.0,0.0,1.0
RO,2017,Metal ores and quarrying products,326.0,0.0,56076.0,56076.0,0.0,1.0
RO,2018,Metal ores and quarrying products,398.0,0.0,55002.0,55002.0,0.0,1.0
RO,2019,Metal ores and quarrying products,396.0,0.0,58495.0,58495.0,0.0,1.0
RO,2020,Metal ores and quarrying products,364.0,0.0,49184.0,49184.0,0.0,1.0
RO,2021,Metal ores and quarrying products,397.0,0.0,56808.0,56808.0,0.0,1.0
RO,2022,Metal ores and quarrying products,343.0,0.0,53883.0,53883.0,0.0,1.0
RO,2023,Metal ores and quarrying products,325.0,0.0,47298.0,47298.0,0.0,1.0
RO,2024,Metal ores and quarrying products,261.0,0.0,41076.0,41076.0,0.0,1.0
SE,2008,Metal ores and quarrying products,4483.0,44866.0,20766.0,65632.0,0.6835994636762555,0.31640053632374454
SE,2009,Metal ores and quarrying products,3549.0,36606.0,19860.0,56466.0,0.6482839230687494,0.3517160769312507
SE,2010,Metal ores and quarrying products,4772.0,45453.0,22876.0,68329.0,0.6652080375828711,0.3347919624171289
SE,2011,Metal ores and quarrying products,4744.0,42593.0,25314.0,67907.0,0.6272254701282637,0.37277452987173637
SE,2012,Metal ores and quarrying products,4804.0,41885.0,23904.0,65789.0,0.6366565839274043,0.36334341607259574
SE,2013,Metal ores and quarrying products,5069.0,38082.0,28964.0,67046.0,0.5679980908629896,0.4320019091370104
SE,2014,Metal ores and quarrying products,5642.0,37687.0,30348.0,68035.0,0.5539354743881826,0.4460645256118174
SE,2015,Metal ores and quarrying products,4441.0,35929.0,29070.0,64999.0,0.552762350190003,0.4472376498099971
SE,2016,Metal ores and quarrying products,4866.0,39060.0,28419.0,67479.0,0.5788467523229449,0.4211532476770551
SE,2017,Metal ores and quarrying products,5111.0,40525.0,28825.0,69350.0,0.5843547224224946,0.4156452775775054
SE,2018,Metal ores and quarrying products,4620.0,36502.0,32621.0,69123.0,0.5280731449734531,0.47192685502654685
SE,2019,Metal ores and quarrying products,4700.0,35862.0,32358.0,68220.0,0.5256816182937555,0.4743183817062445
SE,2020,Metal ores and quarrying products,5020.0,37318.0,32487.0,69805.0,0.5346035384284793,0.46539646157152065
SE,2021,Metal ores and quarrying products,4879.0,39624.0,32834.0,72458.0,0.5468547296364791,0.4531452703635209
SE,2022,Metal ores and quarrying products,4774.0,36190.55180770137,33175.56896294597,69366.12077064734,0.5217323875925264,0.4782676124074736
SE,2023,Metal ores and quarrying products,4532.0,36693.0,31600.0,68293.0,0.5372878625920665,0.4627121374079335
SE,2024,Metal ores and quarrying products,4354.0,34408.0,31499.0,65907.0,0.522068975981307,0.47793102401869303
SI,2008,Metal ores and quarrying products,735.0,8629.0,8605.0,17234.0,0.5006962980155506,0.49930370198444934
SI,2009,Metal ores and quarrying products,486.0,7584.0,5484.0,13068.0,0.5803489439853077,0.4196510560146924
SI,2010,Metal ores and quarrying products,639.0,9072.0,6494.0,15566.0,0.5828086855968135,0.4171913144031864
SI,2011,Metal ores and quarrying products,699.0,9722.0,6515.0,16237.0,0.5987559278191784,0.4012440721808216
SI,2012,Metal ores and quarrying products,597.0,9331.0,5442.0,14773.0,0.6316252623028498,0.36837473769715023
SI,2013,Metal ores and quarrying products,705.0,10815.0,5216.0,16031.0,0.6746304035930385,0.3253695964069615
SI,2014,Metal ores and quarrying products,758.0,11952.0,4930.0,16882.0,0.7079729889823481,0.29202701101765194
SI,2015,Metal ores and quarrying products,715.0,11647.0,4797.0,16444.0,0.7082826562880078,0.2917173437119922
SI,2016,Metal ores and quarrying products,648.0,12185.0,4715.0,16900.0,0.7210059171597634,0.2789940828402367
SI,2017,Metal ores and quarrying products,704.0,13908.0,4662.0,18570.0,0.7489499192245558,0.2510500807754443
SI,2018,Metal ores and quarrying products,643.0,13719.0,4609.0,18328.0,0.7485268441728503,0.25147315582714974
SI,2019,Metal ores and quarrying products,729.0,14094.0,4333.0,18427.0,0.7648559179464915,0.23514408205350845
SI,2020,Metal ores and quarrying products,663.0,12542.0,3959.0,16501.0,0.7600751469607903,0.23992485303920974
SI,2021,Metal ores and quarrying products,865.0,12690.0,4003.0,16693.0,0.7601988857604984,0.2398011142395016
SI,2022,Metal ores and quarrying products,730.0,13327.0,3905.0,17232.0,0.773386722376973,0.22661327762302694
SI,2023,Metal ores and quarrying products,646.0,12518.0,3433.0,15951.0,0.7847783838003887,0.2152216161996113
SI,2024,Metal ores and quarrying products,590.0,12064.0,3136.0,15200.0,0.7936842105263158,0.2063157894736842
SK,2008,Metal ores and quarrying products,3826.0,29516.0,15009.0,44525.0,0.662908478382931,0.33709152161706907
SK,2009,Metal ores and quarrying products,2781.0,26695.0,8851.0,35546.0,0.7509987059022112,0.2490012940977888
SK,2010,Metal ores and quarrying products,3304.0,30405.0,10074.0,40479.0,0.7511302156673831,0.24886978433261692
SK,2011,Metal ores and quarrying products,3405.0,27312.0,10172.0,37484.0,0.7286308825098708,0.2713691174901291
SK,2012,Metal ores and quarrying products,3240.0,26931.0,8353.0,35284.0,0.7632638022899898,0.2367361977100102
SK,2013,Metal ores and quarrying products,3420.0,27049.0,9259.0,36308.0,0.7449873306158422,0.2550126693841578
SK,2014,Metal ores and quarrying products,3427.0,27758.0,8259.0,36017.0,0.7706916178471277,0.22930838215287225
SK,2015,Metal ores and quarrying products,3522.0,29388.0,8136.0,37524.0,0.7831787655900224,0.2168212344099776
SK,2016,Metal ores and quarrying products,3422.0,35035.0,6247.0,41282.0,0.848674967298096,0.15132503270190398
SK,2017,Metal ores and quarrying products,3378.0,32628.0,7622.0,40250.0,0.8106335403726708,0.1893664596273292
SK,2018,Metal ores and quarrying products,3128.0,35686.0,6827.0,42513.0,0.8394138263589961,0.16058617364100392
SK,2019,Metal ores and quarrying products,2883.0,37636.0,7126.0,44762.0,0.8408024663777312,0.15919753362226888
SK,2020,Metal ores and quarrying products,2655.0,33761.0,5974.0,39735.0,0.849653957468227,0.150346042531773
SK,2021,Metal ores and quarrying products,3330.0,33617.0,6411.0,40028.0,0.8398371140201859,0.16016288597981412
SK,2022,Metal ores and quarrying products,3031.0,30698.0,6066.0,36764.0,0.835001632031335,0.164998367968665
SK,2023,Metal ores and quarrying products,2592.0,28842.0,4769.0,33611.0,0.858111927642736,0.141888072357264
SK,2024,Metal ores and quarrying products,2096.0,28468.0,3437.0,31905.0,0.8922739382541921,0.10772606174580787
DE,2008,"Food, beverages, tobacco",1485.0,267134.0,104164.0,371298.0,0.7194598408825257,0.2805401591174744
DE,2009,"Food, beverages, tobacco",1298.0,265869.85020946997,100361.31595838009,366231.16616785,0.7259618371409091,0.27403816285909094
DE,2010,"Food, beverages, tobacco",1538.0,262955.0,92984.0,355939.0,0.738764226454533,0.26123577354546706
DE,2011,"Food, beverages, tobacco",1130.0,269220.0,105581.0,374801.0,0.7183011784920531,0.2816988215079469
DE,2012,"Food, beverages, tobacco",1261.0,270644.0,95560.0,366204.0,0.7390525499448395,0.2609474500551605
DE,2013,"Food, beverages, tobacco",1127.0,267938.0,105337.0,373275.0,0.717803228182975,0.28219677181702496
DE,2014,"Food, beverages, tobacco",1182.0,257216.0,107810.0,365026.0,0.7046511755327017,0.2953488244672982
DE,2015,"Food, beverages, tobacco",1095.0,261849.28744763264,106037.29621925285,367886.5836668855,0.7117663406957301,0.28823365930426986
DE,2016,"Food, beverages, tobacco",1347.0,243435.0,106359.0,349794.0,0.6959381807578174,0.30406181924218256
DE,2017,"Food, beverages, tobacco",1186.0,240100.0,124033.0,364133.0,0.6593744593321671,0.3406255406678329
DE,2018,"Food, beverages, tobacco",1127.0,280570.0,107325.0,387895.0,0.7233142989726601,0.27668570102733986
DE,2019,"Food, beverages, tobacco",1297.0,267322.0,99868.0,367190.0,0.7280209156022768,0.2719790843977232
DE,2020,"Food, beverages, tobacco",1088.0,258498.8184794349,110767.27976998014,369266.09824941505,0.700033985532124,0.29996601446787596
DE,2021,"Food, beverages, tobacco",1087.0,257828.72468579534,111713.27648012561,369542.001165921,0.6976980258599417,0.3023019741400582
DE,2022,"Food, beverages, tobacco",1089.0,257158.6308921558,112659.27319027107,369817.90408242686,0.6953655516765868,0.30463444832341324
DE,2023,"Food, beverages, tobacco",1057.0,256488.53709851624,113605.26990041653,370093.8069989328,0.6930365551868202,0.30696344481317983
DE,2024,"Food, beverages, tobacco",933.0,255818.4433048767,114551.26661056199,370369.70991543867,0.6907110286186312,0.30928897138136885
FI,2008,"Food, beverages, tobacco",27.0,0.0,41937.0,41937.0,0.0,1.0
FI,2009,"Food, beverages, tobacco",21.0,0.0,32860.0,32860.0,0.0,1.0
FI,2010,"Food, beverages, tobacco",15.0,0.0,35795.0,35795.0,0.0,1.0
FI,2011,"Food, beverages, tobacco",9.0,0.0,34827.0,34827.0,0.0,1.0
FI,2012,"Food, beverages, tobacco",8.0,0.0,35267.0,35267.0,0.0,1.0
FI,2013,"Food, beverages, tobacco",5.0,0.0,36433.0,36433.0,0.0,1.0
FI,2014,"Food, beverages, tobacco",5.0,0.0,37008.0,37008.0,0.0,1.0
FI,2015,"Food, beverages, tobacco",5.0,0.0,33392.0,33392.0,0.0,1.0
FI,2016,"Food, beverages, tobacco",6.0,0.0,36147.0,36147.0,0.0,1.0
FI,2017,"Food, beverages, tobacco",6.0,0.0,38406.0,38406.0,0.0,1.0
FI,2018,"Food, beverages, tobacco",6.0,0.0,39430.0,39430.0,0.0,1.0
FI,2019,"Food, beverages, tobacco",5.0,0.0,36907.0,36907.0,0.0,1.0
FI,2020,"Food, beverages, tobacco",2.0,0.0,36589.0,36589.0,0.0,1.0
FI,2021,"Food, beverages, tobacco",2.0,0.0,37352.0,37352.0,0.0,1.0
FI,2022,"Food, beverages, tobacco",1.0,0.0,33029.534449823506,33029.534449823506,0.0,1.0
FI,2023,"Food, beverages, tobacco",0.0,0.0,27066.0,27066.0,0.0,1.0
FI,2024,"Food, beverages, tobacco",0.0,0.0,26640.0,26640.0,0.0,1.0
HR,2008,"Food, beverages, tobacco",154.0,0.0,0.0,0.0,,
HR,2009,"Food, beverages, tobacco",90.0,0.0,0.0,0.0,,
HR,2010,"Food, beverages, tobacco",100.0,0.0,0.0,0.0,,
HR,2011,"Food, beverages, tobacco",124.0,0.0,0.0,0.0,,
HR,2012,"Food, beverages, tobacco",152.0,0.0,0.0,0.0,,
HR,2013,"Food, beverages, tobacco",126.0,0.0,0.0,0.0,,
HR,2014,"Food, beverages, tobacco",153.0,0.0,0.0,0.0,,
HR,2015,"Food, beverages, tobacco",97.0,0.0,0.0,0.0,,
HR,2016,"Food, beverages, tobacco",128.0,0.0,0.0,0.0,,
HR,2017,"Food, beverages, tobacco",143.0,0.0,0.0,0.0,,
HR,2018,"Food, beverages, tobacco",111.0,0.0,0.0,0.0,,
HR,2019,"Food, beverages, tobacco",106.0,0.0,0.0,0.0,,
HR,2020,"Food, beverages, tobacco",81.0,0.0,0.0,0.0,,
HR,2021,"Food, beverages, tobacco",58.0,0.0,0.0,0.0,,
HR,2022,"Food, beverages, tobacco",68.0,0.0,0.0,0.0,,
HR,2023,"Food, beverages, tobacco",45.0,0.0,0.0,0.0,,
HR,2024,"Food, beverages, tobacco",74.0,0.0,0.0,0.0,,
IE,2008,"Food, beverages, tobacco",10.0,679.9249995366081,0.0,679.9249995366081,1.0,0.0
IE,2009,"Food, beverages, tobacco",11.0,631.0,0.0,631.0,1.0,0.0
IE,2010,"Food, beverages, tobacco",43.0,568.0,0.0,568.0,1.0,0.0
IE,2011,"Food, beverages, tobacco",51.0,611.0,0.0,611.0,1.0,0.0
IE,2012,"Food, beverages, tobacco",47.0,567.0,0.0,567.0,1.0,0.0
IE,2013,"Food, beverages, tobacco",52.0,589.0,0.0,589.0,1.0,0.0
IE,2014,"Food, beverages, tobacco",53.0,578.0,0.0,578.0,1.0,0.0
IE,2015,"Food, beverages, tobacco",51.0,540.0,0.0,540.0,1.0,0.0
IE,2016,"Food, beverages, tobacco",58.0,581.0,0.0,581.0,1.0,0.0
IE,2017,"Food, beverages, tobacco",59.0,546.0,0.0,546.0,1.0,0.0
IE,2018,"Food, beverages, tobacco",49.0,516.0,0.0,516.0,1.0,0.0
IE,2019,"Food, beverages, tobacco",44.0,346.0,0.0,346.0,1.0,0.0
IE,2020,"Food, beverages, tobacco",39.0,449.0,0.0,449.0,1.0,0.0
IE,2021,"Food, beverages, tobacco",32.0,415.0,0.0,415.0,1.0,0.0
IE,2022,"Food, beverages, tobacco",47.0,419.0,0.0,419.0,1.0,0.0
IE,2023,"Food, beverages, tobacco",50.0,344.0,0.0,344.0,1.0,0.0
IE,2024,"Food, beverages, tobacco",52.0,221.0,0.0,221.0,1.0,0.0
IT,2008,"Food, beverages, tobacco",,55967.0,9912.0,65879.0,0.849542342779945,0.15045765722005494
IT,2009,"Food, beverages, tobacco",1093.0,43207.0,6308.0,49515.0,0.8726042613349491,0.127395738665051
IT,2010,"Food, beverages, tobacco",,44818.0,4986.0,49804.0,0.8998875592321902,0.10011244076780981
IT,2011,"Food, beverages, tobacco",1339.0,60186.0,3624.0,63810.0,0.9432063939821345,0.05679360601786554
IT,2012,"Food, beverages, tobacco",1450.0,59948.0,3980.0,63928.0,0.9377424602678013,0.062257539732198726
IT,2013,"Food, beverages, tobacco",1504.0,61267.0,3586.0,64853.0,0.9447057190877831,0.05529428091221686
IT,2014,"Food, beverages, tobacco",1220.0,62993.0,3564.0,66557.0,0.946451913397539,0.05354808660246105
IT,2015,"Food, beverages, tobacco",1261.0,62648.0,5837.972606497418,68485.97260649742,0.9147566664484581,0.08524333355154186
IT,2016,"Food, beverages, tobacco",1435.0,86911.0,5352.0,92263.0,0.9419919144185643,0.05800808558143568
IT,2017,"Food, beverages, tobacco",1453.0,86889.0,5675.0,92564.0,0.9386910678017372,0.061308932198262826
IT,2018,"Food, beverages, tobacco",1386.0,87962.0,6153.86642211608,94115.86642211609,0.9346139322086716,0.06538606779132829
IT,2019,"Food, beverages, tobacco",1529.0,85671.0,6028.0,91699.0,0.9342631871667084,0.06573681283329152
IT,2020,"Food, beverages, tobacco",1518.0,82039.0,6660.0,88699.0,0.9249145988117116,0.07508540118828848
IT,2021,"Food, beverages, tobacco",1648.0,92432.0,6469.76023773474,98901.76023773474,0.9345839728010596,0.06541602719894042
IT,2022,"Food, beverages, tobacco",1691.0,95384.0,8321.0,103705.0,0.9197627886794272,0.08023721132057278
IT,2023,"Food, beverages, tobacco",1456.0,87827.0,7512.0,95339.0,0.9212074806742256,0.07879251932577434
IT,2024,"Food, beverages, tobacco",1444.0,87461.0,7066.0,94527.0,0.9252488706930295,0.07475112930697049
LT,2008,"Food, beverages, tobacco",528.0,0.0,54970.0,54970.0,0.0,1.0
LT,2009,"Food, beverages, tobacco",585.0,0.0,42669.0,42669.0,0.0,1.0
LT,2010,"Food, beverages, tobacco",733.0,0.0,48061.0,48061.0,0.0,1.0
LT,2011,"Food, beverages, tobacco",697.0,0.0,52330.0,52330.0,0.0,1.0
LT,2012,"Food, beverages, tobacco",730.0,0.0,49377.0,49377.0,0.0,1.0
LT,2013,"Food, beverages, tobacco",778.0,0.0,48028.0,48028.0,0.0,1.0
LT,2014,"Food, beverages, tobacco",701.0,0.0,49000.0,49000.0,0.0,1.0
LT,2015,"Food, beverages, tobacco",611.0,0.0,48053.0,48053.0,0.0,1.0
LT,2016,"Food, beverages, tobacco",690.0,0.0,47651.0,47651.0,0.0,1.0
LT,2017,"Food, beverages, tobacco",698.0,0.0,52638.0,52638.0,0.0,1.0
LT,2018,"Food, beverages, tobacco",758.0,0.0,56776.0,56776.0,0.0,1.0
LT,2019,"Food, beverages, tobacco",797.0,0.0,55209.0,55209.0,0.0,1.0
LT,2020,"Food, beverages, tobacco",763.0,0.0,53430.0,53430.0,0.0,1.0
LT,2021,"Food, beverages, tobacco",798.0,0.0,51080.0,51080.0,0.0,1.0
LT,2022,"Food, beverages, tobacco",887.0,0.0,30977.0,30977.0,0.0,1.0
LT,2023,"Food, beverages, tobacco",816.0,0.0,27224.0,27224.0,0.0,1.0
LT,2024,"Food, beverages, tobacco",839.0,0.0,25658.0,25658.0,0.0,1.0
PL,2008,"Food, beverages, tobacco",227.0,145750.0,71682.0,217432.0,0.6703245152507451,0.32967548474925495
PL,2009,"Food, beverages, tobacco",235.0,49290.0,126860.0,176150.0,0.2798183366449049,0.720181663355095
PL,2010,"Food, beverages, tobacco",244.0,131064.0,42225.0,173289.0,0.7563319079687689,0.24366809203123108
PL,2011,"Food, beverages, tobacco",160.0,163944.0,60911.0,224855.0,0.7291098708056303,0.2708901291943697
PL,2012,"Food, beverages, tobacco",268.0,162465.0,47209.0,209674.0,0.7748457128685483,0.2251542871314517
PL,2013,"Food, beverages, tobacco",366.0,163724.0,43550.0,207274.0,0.7898916410162393,0.21010835898376062
PL,2014,"Food, beverages, tobacco",574.0,161028.0,41383.0,202411.0,0.7955496489815277,0.2044503510184723
PL,2015,"Food, beverages, tobacco",508.0,161412.0,34349.0,195761.0,0.8245360413974183,0.1754639586025817
PL,2016,"Food, beverages, tobacco",588.0,164081.0,36204.0,200285.0,0.819237586439324,0.18076241356067604
PL,2017,"Food, beverages, tobacco",470.0,189358.0,43790.0,233148.0,0.8121793881997701,0.1878206118002299
PL,2018,"Food, beverages, tobacco",309.0,197481.0,43658.0,241139.0,0.8189508955415756,0.1810491044584244
PL,2019,"Food, beverages, tobacco",415.0,187956.0,40730.0,228686.0,0.8218955248681599,0.17810447513184016
PL,2020,"Food, beverages, tobacco",383.0,177979.0,35276.0,213255.0,0.834583010949333,0.16541698905066704
PL,2021,"Food, beverages, tobacco",353.0,192914.0,38679.0,231593.0,0.8329871800961169,0.16701281990388311
PL,2022,"Food, beverages, tobacco",468.0,195859.0,38383.0,234242.0,0.836139547988832,0.16386045201116795
PL,2023,"Food, beverages, tobacco",712.0,192470.0,31894.0,224364.0,0.8578470699399191,0.14215293006008095
PL,2024,"Food, beverages, tobacco",704.0,181102.0,35169.0,216271.0,0.8373845776826296,0.16261542231737033
RO,2008,"Food, beverages, tobacco",401.0,0.0,63212.0,63212.0,0.0,1.0
RO,2009,"Food, beverages, tobacco",250.0,0.0,46910.0,46910.0,0.0,1.0
RO,2010,"Food, beverages, tobacco",170.0,0.0,49441.0,49441.0,0.0,1.0
RO,2011,"Food, beverages, tobacco",171.0,0.0,57247.0,57247.0,0.0,1.0
RO,2012,"Food, beverages, tobacco",158.0,0.0,50433.0,50433.0,0.0,1.0
RO,2013,"Food, beverages, tobacco",154.0,0.0,47337.0,47337.0,0.0,1.0
RO,2014,"Food, beverages, tobacco",146.0,0.0,49273.0,49273.0,0.0,1.0
RO,2015,"Food, beverages, tobacco",171.0,0.0,49700.0,49700.0,0.0,1.0
RO,2016,"Food, beverages, tobacco",128.0,0.0,47875.0,47875.0,0.0,1.0
RO,2017,"Food, beverages, tobacco",96.0,0.0,56076.0,56076.0,0.0,1.0
RO,2018,"Food, beverages, tobacco",156.0,0.0,55002.0,55002.0,0.0,1.0
RO,2019,"Food, beverages, tobacco",169.0,0.0,58495.0,58495.0,0.0,1.0
RO,2020,"Food, beverages, tobacco",123.0,0.0,49184.0,49184.0,0.0,1.0
RO,2021,"Food, beverages, tobacco",151.0,0.0,56808.0,56808.0,0.0,1.0
RO,2022,"Food, beverages, tobacco",65.0,0.0,53883.0,53883.0,0.0,1.0
RO,2023,"Food, beverages, tobacco",80.0,0.0,47298.0,47298.0,0.0,1.0
RO,2024,"Food, beverages, tobacco",66.0,0.0,41076.0,41076.0,0.0,1.0
SE,2008,"Food, beverages, tobacco",249.0,44866.0,20766.0,65632.0,0.6835994636762555,0.31640053632374454
SE,2009,"Food, beverages, tobacco",265.0,36606.0,19860.0,56466.0,0.6482839230687494,0.3517160769312507
SE,2010,"Food, beverages, tobacco",265.0,45453.0,22876.0,68329.0,0.6652080375828711,0.3347919624171289
SE,2011,"Food, beverages, tobacco",229.0,42593.0,25314.0,67907.0,0.6272254701282637,0.37277452987173637
SE,2012,"Food, beverages, tobacco",230.0,41885.0,23904.0,65789.0,0.6366565839274043,0.36334341607259574
SE,2013,"Food, beverages, tobacco",244.0,38082.0,28964.0,67046.0,0.5679980908629896,0.4320019091370104
SE,2014,"Food, beverages, tobacco",259.0,37687.0,30348.0,68035.0,0.5539354743881826,0.4460645256118174
SE,2015,"Food, beverages, tobacco",249.0,35929.0,29070.0,64999.0,0.552762350190003,0.4472376498099971
SE,2016,"Food, beverages, tobacco",465.0,39060.0,28419.0,67479.0,0.5788467523229449,0.4211532476770551
SE,2017,"Food, beverages, tobacco",445.0,40525.0,28825.0,69350.0,0.5843547224224946,0.4156452775775054
SE,2018,"Food, beverages, tobacco",515.0,36502.0,32621.0,69123.0,0.5280731449734531,0.47192685502654685
SE,2019,"Food, beverages, tobacco",493.0,35862.0,32358.0,68220.0,0.5256816182937555,0.4743183817062445
SE,2020,"Food, beverages, tobacco",531.0,37318.0,32487.0,69805.0,0.5346035384284793,0.46539646157152065
SE,2021,"Food, beverages, tobacco",582.0,39624.0,32834.0,72458.0,0.5468547296364791,0.4531452703635209
SE,2022,"Food, beverages, tobacco",615.0,36190.55180770137,33175.56896294597,69366.12077064734,0.5217323875925264,0.4782676124074736
SE,2023,"Food, beverages, tobacco",551.0,36693.0,31600.0,68293.0,0.5372878625920665,0.4627121374079335
SE,2024,"Food, beverages, tobacco",602.0,34408.0,31499.0,65907.0,0.522068975981307,0.47793102401869303
SI,2008,"Food, beverages, tobacco",56.0,8629.0,8605.0,17234.0,0.5006962980155506,0.49930370198444934
SI,2009,"Food, beverages, tobacco",26.0,7584.0,5484.0,13068.0,0.5803489439853077,0.4196510560146924
SI,2010,"Food, beverages, tobacco",36.0,9072.0,6494.0,15566.0,0.5828086855968135,0.4171913144031864
SI,2011,"Food, beverages, tobacco",52.0,9722.0,6515.0,16237.0,0.5987559278191784,0.4012440721808216
SI,2012,"Food, beverages, tobacco",47.0,9331.0,5442.0,14773.0,0.6316252623028498,0.36837473769715023
SI,2013,"Food, beverages, tobacco",54.0,10815.0,5216.0,16031.0,0.6746304035930385,0.3253695964069615
SI,2014,"Food, beverages, tobacco",61.0,11952.0,4930.0,16882.0,0.7079729889823481,0.29202701101765194
SI,2015,"Food, beverages, tobacco",39.0,11647.0,4797.0,16444.0,0.7082826562880078,0.2917173437119922
SI,2016,"Food, beverages, tobacco",50.0,12185.0,4715.0,16900.0,0.7210059171597634,0.2789940828402367
SI,2017,"Food, beverages, tobacco",58.0,13908.0,4662.0,18570.0,0.7489499192245558,0.2510500807754443
SI,2018,"Food, beverages, tobacco",72.0,13719.0,4609.0,18328.0,0.7485268441728503,0.25147315582714974
SI,2019,"Food, beverages, tobacco",72.0,14094.0,4333.0,18427.0,0.7648559179464915,0.23514408205350845
SI,2020,"Food, beverages, tobacco",71.0,12542.0,3959.0,16501.0,0.7600751469607903,0.23992485303920974
SI,2021,"Food, beverages, tobacco",65.0,12690.0,4003.0,16693.0,0.7601988857604984,0.2398011142395016
SI,2022,"Food, beverages, tobacco",101.0,13327.0,3905.0,17232.0,0.773386722376973,0.22661327762302694
SI,2023,"Food, beverages, tobacco",88.0,12518.0,3433.0,15951.0,0.7847783838003887,0.2152216161996113
SI,2024,"Food, beverages, tobacco",120.0,12064.0,3136.0,15200.0,0.7936842105263158,0.2063157894736842
SK,2008,"Food, beverages, tobacco",89.0,29516.0,15009.0,44525.0,0.662908478382931,0.33709152161706907
SK,2009,"Food, beverages, tobacco",61.0,26695.0,8851.0,35546.0,0.7509987059022112,0.2490012940977888
SK,2010,"Food, beverages, tobacco",48.0,30405.0,10074.0,40479.0,0.7511302156673831,0.24886978433261692
SK,2011,"Food, beverages, tobacco",44.0,27312.0,10172.0,37484.0,0.7286308825098708,0.2713691174901291
SK,2012,"Food, beverages, tobacco",40.0,26931.0,8353.0,35284.0,0.7632638022899898,0.2367361977100102
SK,2013,"Food, beverages, tobacco",35.0,27049.0,9259.0,36308.0,0.7449873306158422,0.2550126693841578
SK,2014,"Food, beverages, tobacco",27.0,27758.0,8259.0,36017.0,0.7706916178471277,0.22930838215287225
SK,2015,"Food, beverages, tobacco",28.0,29388.0,8136.0,37524.0,0.7831787655900224,0.2168212344099776
SK,2016,"Food, beverages, tobacco",27.0,35035.0,6247.0,41282.0,0.848674967298096,0.15132503270190398
SK,2017,"Food, beverages, tobacco",22.0,32628.0,7622.0,40250.0,0.8106335403726708,0.1893664596273292
SK,2018,"Food, beverages, tobacco",8.0,35686.0,6827.0,42513.0,0.8394138263589961,0.16058617364100392
SK,2019,"Food, beverages, tobacco",11.0,37636.0,7126.0,44762.0,0.8408024663777312,0.15919753362226888
SK,2020,"Food, beverages, tobacco",9.0,33761.0,5974.0,39735.0,0.849653957468227,0.150346042531773
SK,2021,"Food, beverages, tobacco",11.0,33617.0,6411.0,40028.0,0.8398371140201859,0.16016288597981412
SK,2022,"Food, beverages, tobacco",10.0,30698.0,6066.0,36764.0,0.835001632031335,0.164998367968665
SK,2023,"Food, beverages, tobacco",4.0,28842.0,4769.0,33611.0,0.858111927642736,0.141888072357264
SK,2024,"Food, beverages, tobacco",13.0,28468.0,3437.0,31905.0,0.8922739382541921,0.10772606174580787
DE,2008,Textiles and leather products,16.0,267134.0,104164.0,371298.0,0.7194598408825257,0.2805401591174744
DE,2009,Textiles and leather products,17.0,265869.85020946997,100361.31595838009,366231.16616785,0.7259618371409091,0.27403816285909094
DE,2010,Textiles and leather products,26.0,262955.0,92984.0,355939.0,0.738764226454533,0.26123577354546706
DE,2011,Textiles and leather products,13.0,269220.0,105581.0,374801.0,0.7183011784920531,0.2816988215079469
DE,2012,Textiles and leather products,11.0,270644.0,95560.0,366204.0,0.7390525499448395,0.2609474500551605
DE,2013,Textiles and leather products,10.0,267938.0,105337.0,373275.0,0.717803228182975,0.28219677181702496
DE,2014,Textiles and leather products,11.0,257216.0,107810.0,365026.0,0.7046511755327017,0.2953488244672982
DE,2015,Textiles and leather products,8.0,261849.28744763264,106037.29621925285,367886.5836668855,0.7117663406957301,0.28823365930426986
DE,2016,Textiles and leather products,0.0,243435.0,106359.0,349794.0,0.6959381807578174,0.30406181924218256
DE,2017,Textiles and leather products,0.0,240100.0,124033.0,364133.0,0.6593744593321671,0.3406255406678329
DE,2018,Textiles and leather products,3.0,280570.0,107325.0,387895.0,0.7233142989726601,0.27668570102733986
DE,2019,Textiles and leather products,2.0,267322.0,99868.0,367190.0,0.7280209156022768,0.2719790843977232
DE,2020,Textiles and leather products,2.0,258498.8184794349,110767.27976998014,369266.09824941505,0.700033985532124,0.29996601446787596
DE,2021,Textiles and leather products,3.0,257828.72468579534,111713.27648012561,369542.001165921,0.6976980258599417,0.3023019741400582
DE,2022,Textiles and leather products,6.0,257158.6308921558,112659.27319027107,369817.90408242686,0.6953655516765868,0.30463444832341324
DE,2023,Textiles and leather products,5.0,256488.53709851624,113605.26990041653,370093.8069989328,0.6930365551868202,0.30696344481317983
DE,2024,Textiles and leather products,1.0,255818.4433048767,114551.26661056199,370369.70991543867,0.6907110286186312,0.30928897138136885
FI,2008,Textiles and leather products,0.0,0.0,41937.0,41937.0,0.0,1.0
FI,2009,Textiles and leather products,0.0,0.0,32860.0,32860.0,0.0,1.0
FI,2010,Textiles and leather products,0.0,0.0,35795.0,35795.0,0.0,1.0
FI,2011,Textiles and leather products,0.0,0.0,34827.0,34827.0,0.0,1.0
FI,2012,Textiles and leather products,0.0,0.0,35267.0,35267.0,0.0,1.0
FI,2013,Textiles and leather products,0.0,0.0,36433.0,36433.0,0.0,1.0
FI,2014,Textiles and leather products,0.0,0.0,37008.0,37008.0,0.0,1.0
FI,2015,Textiles and leather products,0.0,0.0,33392.0,33392.0,0.0,1.0
FI,2016,Textiles and leather products,0.0,0.0,36147.0,36147.0,0.0,1.0
FI,2017,Textiles and leather products,0.0,0.0,38406.0,38406.0,0.0,1.0
FI,2018,Textiles and leather products,0.0,0.0,39430.0,39430.0,0.0,1.0
FI,2019,Textiles and leather products,0.0,0.0,36907.0,36907.0,0.0,1.0
FI,2020,Textiles and leather products,0.0,0.0,36589.0,36589.0,0.0,1.0
FI,2021,Textiles and leather products,0.0,0.0,37352.0,37352.0,0.0,1.0
FI,2022,Textiles and leather products,0.0,0.0,33029.534449823506,33029.534449823506,0.0,1.0
FI,2023,Textiles and leather products,0.0,0.0,27066.0,27066.0,0.0,1.0
FI,2024,Textiles and leather products,0.0,0.0,26640.0,26640.0,0.0,1.0
HR,2008,Textiles and leather products,0.0,0.0,0.0,0.0,,
HR,2009,Textiles and leather products,0.0,0.0,0.0,0.0,,
HR,2010,Textiles and leather products,0.0,0.0,0.0,0.0,,
HR,2011,Textiles and leather products,1.0,0.0,0.0,0.0,,
HR,2012,Textiles and leather products,1.0,0.0,0.0,0.0,,
HR,2013,Textiles and leather products,1.0,0.0,0.0,0.0,,
HR,2014,Textiles and leather products,1.0,0.0,0.0,0.0,,
HR,2015,Textiles and leather products,1.0,0.0,0.0,0.0,,
HR,2016,Textiles and leather products,0.0,0.0,0.0,0.0,,
HR,2017,Textiles and leather products,1.0,0.0,0.0,0.0,,
HR,2018,Textiles and leather products,0.0,0.0,0.0,0.0,,
HR,2019,Textiles and leather products,1.0,0.0,0.0,0.0,,
HR,2020,Textiles and leather products,13.0,0.0,0.0,0.0,,
HR,2021,Textiles and leather products,2.0,0.0,0.0,0.0,,
HR,2022,Textiles and leather products,3.0,0.0,0.0,0.0,,
HR,2023,Textiles and leather products,2.0,0.0,0.0,0.0,,
HR,2024,Textiles and leather products,3.0,0.0,0.0,0.0,,
IE,2008,Textiles and leather products,0.0,679.9249995366081,0.0,679.9249995366081,1.0,0.0
IE,2009,Textiles and leather products,0.0,631.0,0.0,631.0,1.0,0.0
IE,2010,Textiles and leather products,0.0,568.0,0.0,568.0,1.0,0.0
IE,2011,Textiles and leather products,0.0,611.0,0.0,611.0,1.0,0.0
IE,2012,Textiles and leather products,0.0,567.0,0.0,567.0,1.0,0.0
IE,2013,Textiles and leather products,0.0,589.0,0.0,589.0,1.0,0.0
IE,2014,Textiles and leather products,0.0,578.0,0.0,578.0,1.0,0.0
IE,2015,Textiles and leather products,0.0,540.0,0.0,540.0,1.0,0.0
IE,2016,Textiles and leather products,0.0,581.0,0.0,581.0,1.0,0.0
IE,2017,Textiles and leather products,0.0,546.0,0.0,546.0,1.0,0.0
IE,2018,Textiles and leather products,0.0,516.0,0.0,516.0,1.0,0.0
IE,2019,Textiles and leather products,0.0,346.0,0.0,346.0,1.0,0.0
IE,2020,Textiles and leather products,0.0,449.0,0.0,449.0,1.0,0.0
IE,2021,Textiles and leather products,0.0,415.0,0.0,415.0,1.0,0.0
IE,2022,Textiles and leather products,0.0,419.0,0.0,419.0,1.0,0.0
IE,2023,Textiles and leather products,0.0,344.0,0.0,344.0,1.0,0.0
IE,2024,Textiles and leather products,0.0,221.0,0.0,221.0,1.0,0.0
IT,2008,Textiles and leather products,,55967.0,9912.0,65879.0,0.849542342779945,0.15045765722005494
IT,2009,Textiles and leather products,9.0,43207.0,6308.0,49515.0,0.8726042613349491,0.127395738665051
IT,2010,Textiles and leather products,,44818.0,4986.0,49804.0,0.8998875592321902,0.10011244076780981
IT,2011,Textiles and leather products,166.0,60186.0,3624.0,63810.0,0.9432063939821345,0.05679360601786554
IT,2012,Textiles and leather products,46.0,59948.0,3980.0,63928.0,0.9377424602678013,0.062257539732198726
IT,2013,Textiles and leather products,,61267.0,3586.0,64853.0,0.9447057190877831,0.05529428091221686
IT,2014,Textiles and leather products,102.0,62993.0,3564.0,66557.0,0.946451913397539,0.05354808660246105
IT,2015,Textiles and leather products,94.0,62648.0,5837.972606497418,68485.97260649742,0.9147566664484581,0.08524333355154186
IT,2016,Textiles and leather products,91.0,86911.0,5352.0,92263.0,0.9419919144185643,0.05800808558143568
IT,2017,Textiles and leather products,76.0,86889.0,5675.0,92564.0,0.9386910678017372,0.061308932198262826
IT,2018,Textiles and leather products,55.0,87962.0,6153.86642211608,94115.86642211609,0.9346139322086716,0.06538606779132829
IT,2019,Textiles and leather products,52.0,85671.0,6028.0,91699.0,0.9342631871667084,0.06573681283329152
IT,2020,Textiles and leather products,49.0,82039.0,6660.0,88699.0,0.9249145988117116,0.07508540118828848
IT,2021,Textiles and leather products,60.0,92432.0,6469.76023773474,98901.76023773474,0.9345839728010596,0.06541602719894042
IT,2022,Textiles and leather products,44.0,95384.0,8321.0,103705.0,0.9197627886794272,0.08023721132057278
IT,2023,Textiles and leather products,38.0,87827.0,7512.0,95339.0,0.9212074806742256,0.07879251932577434
IT,2024,Textiles and leather products,33.0,87461.0,7066.0,94527.0,0.9252488706930295,0.07475112930697049
LT,2008,Textiles and leather products,15.0,0.0,54970.0,54970.0,0.0,1.0
LT,2009,Textiles and leather products,1.0,0.0,42669.0,42669.0,0.0,1.0
LT,2010,Textiles and leather products,2.0,0.0,48061.0,48061.0,0.0,1.0
LT,2011,Textiles and leather products,4.0,0.0,52330.0,52330.0,0.0,1.0
LT,2012,Textiles and leather products,4.0,0.0,49377.0,49377.0,0.0,1.0
LT,2013,Textiles and leather products,4.0,0.0,48028.0,48028.0,0.0,1.0
LT,2014,Textiles and leather products,5.0,0.0,49000.0,49000.0,0.0,1.0
LT,2015,Textiles and leather products,3.0,0.0,48053.0,48053.0,0.0,1.0
LT,2016,Textiles and leather products,6.0,0.0,47651.0,47651.0,0.0,1.0
LT,2017,Textiles and leather products,10.0,0.0,52638.0,52638.0,0.0,1.0
LT,2018,Textiles and leather products,8.0,0.0,56776.0,56776.0,0.0,1.0
LT,2019,Textiles and leather products,7.0,0.0,55209.0,55209.0,0.0,1.0
LT,2020,Textiles and leather products,11.0,0.0,53430.0,53430.0,0.0,1.0
LT,2021,Textiles and leather products,18.0,0.0,51080.0,51080.0,0.0,1.0
LT,2022,Textiles and leather products,5.0,0.0,30977.0,30977.0,0.0,1.0
LT,2023,Textiles and leather products,4.0,0.0,27224.0,27224.0,0.0,1.0
LT,2024,Textiles and leather products,3.0,0.0,25658.0,25658.0,0.0,1.0
PL,2008,Textiles and leather products,3.0,145750.0,71682.0,217432.0,0.6703245152507451,0.32967548474925495
PL,2009,Textiles and leather products,2.0,49290.0,126860.0,176150.0,0.2798183366449049,0.720181663355095
PL,2010,Textiles and leather products,1.0,131064.0,42225.0,173289.0,0.7563319079687689,0.24366809203123108
PL,2011,Textiles and leather products,0.0,163944.0,60911.0,224855.0,0.7291098708056303,0.2708901291943697
PL,2012,Textiles and leather products,4.0,162465.0,47209.0,209674.0,0.7748457128685483,0.2251542871314517
PL,2013,Textiles and leather products,8.0,163724.0,43550.0,207274.0,0.7898916410162393,0.21010835898376062
PL,2014,Textiles and leather products,5.0,161028.0,41383.0,202411.0,0.7955496489815277,0.2044503510184723
PL,2015,Textiles and leather products,1.0,161412.0,34349.0,195761.0,0.8245360413974183,0.1754639586025817
PL,2016,Textiles and leather products,0.0,164081.0,36204.0,200285.0,0.819237586439324,0.18076241356067604
PL,2017,Textiles and leather products,1.0,189358.0,43790.0,233148.0,0.8121793881997701,0.1878206118002299
PL,2018,Textiles and leather products,2.0,197481.0,43658.0,241139.0,0.8189508955415756,0.1810491044584244
PL,2019,Textiles and leather products,1.0,187956.0,40730.0,228686.0,0.8218955248681599,0.17810447513184016
PL,2020,Textiles and leather products,3.0,177979.0,35276.0,213255.0,0.834583010949333,0.16541698905066704
PL,2021,Textiles and leather products,1.0,192914.0,38679.0,231593.0,0.8329871800961169,0.16701281990388311
PL,2022,Textiles and leather products,1.0,195859.0,38383.0,234242.0,0.836139547988832,0.16386045201116795
PL,2023,Textiles and leather products,30.0,192470.0,31894.0,224364.0,0.8578470699399191,0.14215293006008095
PL,2024,Textiles and leather products,17.0,181102.0,35169.0,216271.0,0.8373845776826296,0.16261542231737033
RO,2008,Textiles and leather products,8.0,0.0,63212.0,63212.0,0.0,1.0
RO,2009,Textiles and leather products,1.0,0.0,46910.0,46910.0,0.0,1.0
RO,2010,Textiles and leather products,2.0,0.0,49441.0,49441.0,0.0,1.0
RO,2011,Textiles and leather products,0.0,0.0,57247.0,57247.0,0.0,1.0
RO,2012,Textiles and leather products,1.0,0.0,50433.0,50433.0,0.0,1.0
RO,2013,Textiles and leather products,3.0,0.0,47337.0,47337.0,0.0,1.0
RO,2014,Textiles and leather products,0.0,0.0,49273.0,49273.0,0.0,1.0
RO,2015,Textiles and leather products,5.0,0.0,49700.0,49700.0,0.0,1.0
RO,2016,Textiles and leather products,14.0,0.0,47875.0,47875.0,0.0,1.0
RO,2017,Textiles and leather products,0.0,0.0,56076.0,56076.0,0.0,1.0
RO,2018,Textiles and leather products,36.0,0.0,55002.0,55002.0,0.0,1.0
RO,2019,Textiles and leather products,0.0,0.0,58495.0,58495.0,0.0,1.0
RO,2020,Textiles and leather products,2.0,0.0,49184.0,49184.0,0.0,1.0
RO,2021,Textiles and leather products,0.0,0.0,56808.0,56808.0,0.0,1.0
RO,2022,Textiles and leather products,0.0,0.0,53883.0,53883.0,0.0,1.0
RO,2023,Textiles and leather products,0.0,0.0,47298.0,47298.0,0.0,1.0
RO,2024,Textiles and leather products,7.0,0.0,41076.0,41076.0,0.0,1.0
SE,2008,Textiles and leather products,1.0,44866.0,20766.0,65632.0,0.6835994636762555,0.31640053632374454
SE,2009,Textiles and leather products,1.0,36606.0,19860.0,56466.0,0.6482839230687494,0.3517160769312507
SE,2010,Textiles and leather products,1.0,45453.0,22876.0,68329.0,0.6652080375828711,0.3347919624171289
SE,2011,Textiles and leather products,0.0,42593.0,25314.0,67907.0,0.6272254701282637,0.37277452987173637
SE,2012,Textiles and leather products,0.0,41885.0,23904.0,65789.0,0.6366565839274043,0.36334341607259574
SE,2013,Textiles and leather products,0.0,38082.0,28964.0,67046.0,0.5679980908629896,0.4320019091370104
SE,2014,Textiles and leather products,0.0,37687.0,30348.0,68035.0,0.5539354743881826,0.4460645256118174
SE,2015,Textiles and leather products,0.0,35929.0,29070.0,64999.0,0.552762350190003,0.4472376498099971
SE,2016,Textiles and leather products,0.0,39060.0,28419.0,67479.0,0.5788467523229449,0.4211532476770551
SE,2017,Textiles and leather products,0.0,40525.0,28825.0,69350.0,0.5843547224224946,0.4156452775775054
SE,2018,Textiles and leather products,0.0,36502.0,32621.0,69123.0,0.5280731449734531,0.47192685502654685
SE,2019,Textiles and leather products,0.0,35862.0,32358.0,68220.0,0.5256816182937555,0.4743183817062445
SE,2020,Textiles and leather products,0.0,37318.0,32487.0,69805.0,0.5346035384284793,0.46539646157152065
SE,2021,Textiles and leather products,1.0,39624.0,32834.0,72458.0,0.5468547296364791,0.4531452703635209
SE,2022,Textiles and leather products,1.0,36190.55180770137,33175.56896294597,69366.12077064734,0.5217323875925264,0.4782676124074736
SE,2023,Textiles and leather products,0.0,36693.0,31600.0,68293.0,0.5372878625920665,0.4627121374079335
SE,2024,Textiles and leather products,0.0,34408.0,31499.0,65907.0,0.522068975981307,0.47793102401869303
SI,2008,Textiles and leather products,0.0,8629.0,8605.0,17234.0,0.5006962980155506,0.49930370198444934
SI,2009,Textiles and leather products,0.0,7584.0,5484.0,13068.0,0.5803489439853077,0.4196510560146924
SI,2010,Textiles and leather products,0.0,9072.0,6494.0,15566.0,0.5828086855968135,0.4171913144031864
SI,2011,Textiles and leather products,0.0,9722.0,6515.0,16237.0,0.5987559278191784,0.4012440721808216
SI,2012,Textiles and leather products,0.0,9331.0,5442.0,14773.0,0.6316252623028498,0.36837473769715023
SI,2013,Textiles and leather products,0.0,10815.0,5216.0,16031.0,0.6746304035930385,0.3253695964069615
SI,2014,Textiles and leather products,0.0,11952.0,4930.0,16882.0,0.7079729889823481,0.29202701101765194
SI,2015,Textiles and leather products,0.0,11647.0,4797.0,16444.0,0.7082826562880078,0.2917173437119922
SI,2016,Textiles and leather products,0.0,12185.0,4715.0,16900.0,0.7210059171597634,0.2789940828402367
SI,2017,Textiles and leather products,0.0,13908.0,4662.0,18570.0,0.7489499192245558,0.2510500807754443
SI,2018,Textiles and leather products,0.0,13719.0,4609.0,18328.0,0.7485268441728503,0.25147315582714974
SI,2019,Textiles and leather products,137.0,14094.0,4333.0,18427.0,0.7648559179464915,0.23514408205350845
SI,2020,Textiles and leather products,0.0,12542.0,3959.0,16501.0,0.7600751469607903,0.23992485303920974
SI,2021,Textiles and leather products,0.0,12690.0,4003.0,16693.0,0.7601988857604984,0.2398011142395016
SI,2022,Textiles and leather products,0.0,13327.0,3905.0,17232.0,0.773386722376973,0.22661327762302694
SI,2023,Textiles and leather products,0.0,12518.0,3433.0,15951.0,0.7847783838003887,0.2152216161996113
SI,2024,Textiles and leather products,0.0,12064.0,3136.0,15200.0,0.7936842105263158,0.2063157894736842
SK,2008,Textiles and leather products,0.0,29516.0,15009.0,44525.0,0.662908478382931,0.33709152161706907
SK,2009,Textiles and leather products,0.0,26695.0,8851.0,35546.0,0.7509987059022112,0.2490012940977888
SK,2010,Textiles and leather products,0.0,30405.0,10074.0,40479.0,0.7511302156673831,0.24886978433261692
SK,2011,Textiles and leather products,0.0,27312.0,10172.0,37484.0,0.7286308825098708,0.2713691174901291
SK,2012,Textiles and leather products,0.0,26931.0,8353.0,35284.0,0.7632638022899898,0.2367361977100102
SK,2013,Textiles and leather products,0.0,27049.0,9259.0,36308.0,0.7449873306158422,0.2550126693841578
SK,2014,Textiles and leather products,0.0,27758.0,8259.0,36017.0,0.7706916178471277,0.22930838215287225
SK,2015,Textiles and leather products,0.0,29388.0,8136.0,37524.0,0.7831787655900224,0.2168212344099776
SK,2016,Textiles and leather products,0.0,35035.0,6247.0,41282.0,0.848674967298096,0.15132503270190398
SK,2017,Textiles and leather products,0.0,32628.0,7622.0,40250.0,0.8106335403726708,0.1893664596273292
SK,2018,Textiles and leather products,0.0,35686.0,6827.0,42513.0,0.8394138263589961,0.16058617364100392
SK,2019,Textiles and leather products,0.0,37636.0,7126.0,44762.0,0.8408024663777312,0.15919753362226888
SK,2020,Textiles and leather products,0.0,33761.0,5974.0,39735.0,0.849653957468227,0.150346042531773
SK,2021,Textiles and leather products,0.0,33617.0,6411.0,40028.0,0.8398371140201859,0.16016288597981412
SK,2022,Textiles and leather products,0.0,30698.0,6066.0,36764.0,0.835001632031335,0.164998367968665
SK,2023,Textiles and leather products,0.0,28842.0,4769.0,33611.0,0.858111927642736,0.141888072357264
SK,2024,Textiles and leather products,0.0,28468.0,3437.0,31905.0,0.8922739382541921,0.10772606174580787
DE,2008,Wood and cork products,6726.0,267134.0,104164.0,371298.0,0.7194598408825257,0.2805401591174744
DE,2009,Wood and cork products,5421.0,265869.85020946997,100361.31595838009,366231.16616785,0.7259618371409091,0.27403816285909094
DE,2010,Wood and cork products,5619.0,262955.0,92984.0,355939.0,0.738764226454533,0.26123577354546706
DE,2011,Wood and cork products,5451.0,269220.0,105581.0,374801.0,0.7183011784920531,0.2816988215079469
DE,2012,Wood and cork products,5206.0,270644.0,95560.0,366204.0,0.7390525499448395,0.2609474500551605
DE,2013,Wood and cork products,4887.0,267938.0,105337.0,373275.0,0.717803228182975,0.28219677181702496
DE,2014,Wood and cork products,4907.0,257216.0,107810.0,365026.0,0.7046511755327017,0.2953488244672982
DE,2015,Wood and cork products,4932.0,261849.28744763264,106037.29621925285,367886.5836668855,0.7117663406957301,0.28823365930426986
DE,2016,Wood and cork products,4469.0,243435.0,106359.0,349794.0,0.6959381807578174,0.30406181924218256
DE,2017,Wood and cork products,4316.0,240100.0,124033.0,364133.0,0.6593744593321671,0.3406255406678329
DE,2018,Wood and cork products,4512.0,280570.0,107325.0,387895.0,0.7233142989726601,0.27668570102733986
DE,2019,Wood and cork products,4808.0,267322.0,99868.0,367190.0,0.7280209156022768,0.2719790843977232
DE,2020,Wood and cork products,4144.0,258498.8184794349,110767.27976998014,369266.09824941505,0.700033985532124,0.29996601446787596
DE,2021,Wood and cork products,5521.0,257828.72468579534,111713.27648012561,369542.001165921,0.6976980258599417,0.3023019741400582
DE,2022,Wood and cork products,5428.0,257158.6308921558,112659.27319027107,369817.90408242686,0.6953655516765868,0.30463444832341324
DE,2023,Wood and cork products,4918.0,256488.53709851624,113605.26990041653,370093.8069989328,0.6930365551868202,0.30696344481317983
DE,2024,Wood and cork products,4851.0,255818.4433048767,114551.26661056199,370369.70991543867,0.6907110286186312,0.30928897138136885
FI,2008,Wood and cork products,2683.0,0.0,41937.0,41937.0,0.0,1.0
FI,2009,Wood and cork products,1970.0,0.0,32860.0,32860.0,0.0,1.0
FI,2010,Wood and cork products,2089.0,0.0,35795.0,35795.0,0.0,1.0
FI,2011,Wood and cork products,2023.0,0.0,34827.0,34827.0,0.0,1.0
FI,2012,Wood and cork products,1990.0,0.0,35267.0,35267.0,0.0,1.0
FI,2013,Wood and cork products,1813.0,0.0,36433.0,36433.0,0.0,1.0
FI,2014,Wood and cork products,1726.0,0.0,37008.0,37008.0,0.0,1.0
FI,2015,Wood and cork products,1756.0,0.0,33392.0,33392.0,0.0,1.0
FI,2016,Wood and cork products,1820.0,0.0,36147.0,36147.0,0.0,1.0
FI,2017,Wood and cork products,1924.0,0.0,38406.0,38406.0,0.0,1.0
FI,2018,Wood and cork products,2055.0,0.0,39430.0,39430.0,0.0,1.0
FI,2019,Wood and cork products,1886.0,0.0,36907.0,36907.0,0.0,1.0
FI,2020,Wood and cork products,1766.0,0.0,36589.0,36589.0,0.0,1.0
FI,2021,Wood and cork products,1945.0,0.0,37352.0,37352.0,0.0,1.0
FI,2022,Wood and cork products,1808.0,0.0,33029.534449823506,33029.534449823506,0.0,1.0
FI,2023,Wood and cork products,1697.0,0.0,27066.0,27066.0,0.0,1.0
FI,2024,Wood and cork products,1880.0,0.0,26640.0,26640.0,0.0,1.0
HR,2008,Wood and cork products,134.0,0.0,0.0,0.0,,
HR,2009,Wood and cork products,84.0,0.0,0.0,0.0,,
HR,2010,Wood and cork products,85.0,0.0,0.0,0.0,,
HR,2011,Wood and cork products,68.0,0.0,0.0,0.0,,
HR,2012,Wood and cork products,51.0,0.0,0.0,0.0,,
HR,2013,Wood and cork products,45.0,0.0,0.0,0.0,,
HR,2014,Wood and cork products,31.0,0.0,0.0,0.0,,
HR,2015,Wood and cork products,24.0,0.0,0.0,0.0,,
HR,2016,Wood and cork products,23.0,0.0,0.0,0.0,,
HR,2017,Wood and cork products,17.0,0.0,0.0,0.0,,
HR,2018,Wood and cork products,16.0,0.0,0.0,0.0,,
HR,2019,Wood and cork products,29.0,0.0,0.0,0.0,,
HR,2020,Wood and cork products,52.0,0.0,0.0,0.0,,
HR,2021,Wood and cork products,36.0,0.0,0.0,0.0,,
HR,2022,Wood and cork products,32.0,0.0,0.0,0.0,,
HR,2023,Wood and cork products,16.0,0.0,0.0,0.0,,
HR,2024,Wood and cork products,22.0,0.0,0.0,0.0,,
IE,2008,Wood and cork products,0.0,679.9249995366081,0.0,679.9249995366081,1.0,0.0
IE,2009,Wood and cork products,0.0,631.0,0.0,631.0,1.0,0.0
IE,2010,Wood and cork products,0.0,568.0,0.0,568.0,1.0,0.0
IE,2011,Wood and cork products,0.0,611.0,0.0,611.0,1.0,0.0
IE,2012,Wood and cork products,0.0,567.0,0.0,567.0,1.0,0.0
IE,2013,Wood and cork products,0.0,589.0,0.0,589.0,1.0,0.0
IE,2014,Wood and cork products,0.0,578.0,0.0,578.0,1.0,0.0
IE,2015,Wood and cork products,0.0,540.0,0.0,540.0,1.0,0.0
IE,2016,Wood and cork products,0.0,581.0,0.0,581.0,1.0,0.0
IE,2017,Wood and cork products,0.0,546.0,0.0,546.0,1.0,0.0
IE,2018,Wood and cork products,0.0,516.0,0.0,516.0,1.0,0.0
IE,2019,Wood and cork products,0.0,346.0,0.0,346.0,1.0,0.0
IE,2020,Wood and cork products,0.0,449.0,0.0,449.0,1.0,0.0
IE,2021,Wood and cork products,0.0,415.0,0.0,415.0,1.0,0.0
IE,2022,Wood and cork products,0.0,419.0,0.0,419.0,1.0,0.0
IE,2023,Wood and cork products,0.0,344.0,0.0,344.0,1.0,0.0
IE,2024,Wood and cork products,0.0,221.0,0.0,221.0,1.0,0.0
IT,2008,Wood and cork products,,55967.0,9912.0,65879.0,0.849542342779945,0.15045765722005494
IT,2009,Wood and cork products,733.0,43207.0,6308.0,49515.0,0.8726042613349491,0.127395738665051
IT,2010,Wood and cork products,,44818.0,4986.0,49804.0,0.8998875592321902,0.10011244076780981
IT,2011,Wood and cork products,806.0,60186.0,3624.0,63810.0,0.9432063939821345,0.05679360601786554
IT,2012,Wood and cork products,743.0,59948.0,3980.0,63928.0,0.9377424602678013,0.062257539732198726
IT,2013,Wood and cork products,545.0,61267.0,3586.0,64853.0,0.9447057190877831,0.05529428091221686
IT,2014,Wood and cork products,449.0,62993.0,3564.0,66557.0,0.946451913397539,0.05354808660246105
IT,2015,Wood and cork products,442.0,62648.0,5837.972606497418,68485.97260649742,0.9147566664484581,0.08524333355154186
IT,2016,Wood and cork products,447.0,86911.0,5352.0,92263.0,0.9419919144185643,0.05800808558143568
IT,2017,Wood and cork products,500.0,86889.0,5675.0,92564.0,0.9386910678017372,0.061308932198262826
IT,2018,Wood and cork products,478.0,87962.0,6153.86642211608,94115.86642211609,0.9346139322086716,0.06538606779132829
IT,2019,Wood and cork products,497.0,85671.0,6028.0,91699.0,0.9342631871667084,0.06573681283329152
IT,2020,Wood and cork products,515.0,82039.0,6660.0,88699.0,0.9249145988117116,0.07508540118828848
IT,2021,Wood and cork products,557.0,92432.0,6469.76023773474,98901.76023773474,0.9345839728010596,0.06541602719894042
IT,2022,Wood and cork products,421.0,95384.0,8321.0,103705.0,0.9197627886794272,0.08023721132057278
IT,2023,Wood and cork products,342.0,87827.0,7512.0,95339.0,0.9212074806742256,0.07879251932577434
IT,2024,Wood and cork products,452.0,87461.0,7066.0,94527.0,0.9252488706930295,0.07475112930697049
LT,2008,Wood and cork products,296.0,0.0,54970.0,54970.0,0.0,1.0
LT,2009,Wood and cork products,186.0,0.0,42669.0,42669.0,0.0,1.0
LT,2010,Wood and cork products,228.0,0.0,48061.0,48061.0,0.0,1.0
LT,2011,Wood and cork products,267.0,0.0,52330.0,52330.0,0.0,1.0
LT,2012,Wood and cork products,219.0,0.0,49377.0,49377.0,0.0,1.0
LT,2013,Wood and cork products,259.0,0.0,48028.0,48028.0,0.0,1.0
LT,2014,Wood and cork products,244.0,0.0,49000.0,49000.0,0.0,1.0
LT,2015,Wood and cork products,201.0,0.0,48053.0,48053.0,0.0,1.0
LT,2016,Wood and cork products,250.0,0.0,47651.0,47651.0,0.0,1.0
LT,2017,Wood and cork products,205.0,0.0,52638.0,52638.0,0.0,1.0
LT,2018,Wood and cork products,241.0,0.0,56776.0,56776.0,0.0,1.0
LT,2019,Wood and cork products,283.0,0.0,55209.0,55209.0,0.0,1.0
LT,2020,Wood and cork products,244.0,0.0,53430.0,53430.0,0.0,1.0
LT,2021,Wood and cork products,212.0,0.0,51080.0,51080.0,0.0,1.0
LT,2022,Wood and cork products,105.0,0.0,30977.0,30977.0,0.0,1.0
LT,2023,Wood and cork products,10.0,0.0,27224.0,27224.0,0.0,1.0
LT,2024,Wood and cork products,9.0,0.0,25658.0,25658.0,0.0,1.0
PL,2008,Wood and cork products,567.0,145750.0,71682.0,217432.0,0.6703245152507451,0.32967548474925495
PL,2009,Wood and cork products,354.0,49290.0,126860.0,176150.0,0.2798183366449049,0.720181663355095
PL,2010,Wood and cork products,428.0,131064.0,42225.0,173289.0,0.7563319079687689,0.24366809203123108
PL,2011,Wood and cork products,378.0,163944.0,60911.0,224855.0,0.7291098708056303,0.2708901291943697
PL,2012,Wood and cork products,428.0,162465.0,47209.0,209674.0,0.7748457128685483,0.2251542871314517
PL,2013,Wood and cork products,489.0,163724.0,43550.0,207274.0,0.7898916410162393,0.21010835898376062
PL,2014,Wood and cork products,521.0,161028.0,41383.0,202411.0,0.7955496489815277,0.2044503510184723
PL,2015,Wood and cork products,454.0,161412.0,34349.0,195761.0,0.8245360413974183,0.1754639586025817
PL,2016,Wood and cork products,398.0,164081.0,36204.0,200285.0,0.819237586439324,0.18076241356067604
PL,2017,Wood and cork products,527.0,189358.0,43790.0,233148.0,0.8121793881997701,0.1878206118002299
PL,2018,Wood and cork products,560.0,197481.0,43658.0,241139.0,0.8189508955415756,0.1810491044584244
PL,2019,Wood and cork products,398.0,187956.0,40730.0,228686.0,0.8218955248681599,0.17810447513184016
PL,2020,Wood and cork products,525.0,177979.0,35276.0,213255.0,0.834583010949333,0.16541698905066704
PL,2021,Wood and cork products,570.0,192914.0,38679.0,231593.0,0.8329871800961169,0.16701281990388311
PL,2022,Wood and cork products,571.0,195859.0,38383.0,234242.0,0.836139547988832,0.16386045201116795
PL,2023,Wood and cork products,293.0,192470.0,31894.0,224364.0,0.8578470699399191,0.14215293006008095
PL,2024,Wood and cork products,264.0,181102.0,35169.0,216271.0,0.8373845776826296,0.16261542231737033
RO,2008,Wood and cork products,368.0,0.0,63212.0,63212.0,0.0,1.0
RO,2009,Wood and cork products,167.0,0.0,46910.0,46910.0,0.0,1.0
RO,2010,Wood and cork products,271.0,0.0,49441.0,49441.0,0.0,1.0
RO,2011,Wood and cork products,340.0,0.0,57247.0,57247.0,0.0,1.0
RO,2012,Wood and cork products,439.0,0.0,50433.0,50433.0,0.0,1.0
RO,2013,Wood and cork products,580.0,0.0,47337.0,47337.0,0.0,1.0
RO,2014,Wood and cork products,564.0,0.0,49273.0,49273.0,0.0,1.0
RO,2015,Wood and cork products,580.0,0.0,49700.0,49700.0,0.0,1.0
RO,2016,Wood and cork products,578.0,0.0,47875.0,47875.0,0.0,1.0
RO,2017,Wood and cork products,806.0,0.0,56076.0,56076.0,0.0,1.0
RO,2018,Wood and cork products,605.0,0.0,55002.0,55002.0,0.0,1.0
RO,2019,Wood and cork products,776.0,0.0,58495.0,58495.0,0.0,1.0
RO,2020,Wood and cork products,1033.0,0.0,49184.0,49184.0,0.0,1.0
RO,2021,Wood and cork products,1082.0,0.0,56808.0,56808.0,0.0,1.0
RO,2022,Wood and cork products,822.0,0.0,53883.0,53883.0,0.0,1.0
RO,2023,Wood and cork products,455.0,0.0,47298.0,47298.0,0.0,1.0
RO,2024,Wood and cork products,505.0,0.0,41076.0,41076.0,0.0,1.0
SE,2008,Wood and cork products,3667.0,44866.0,20766.0,65632.0,0.6835994636762555,0.31640053632374454
SE,2009,Wood and cork products,3614.0,36606.0,19860.0,56466.0,0.6482839230687494,0.3517160769312507
SE,2010,Wood and cork products,3474.0,45453.0,22876.0,68329.0,0.6652080375828711,0.3347919624171289
SE,2011,Wood and cork products,3447.0,42593.0,25314.0,67907.0,0.6272254701282637,0.37277452987173637
SE,2012,Wood and cork products,3577.0,41885.0,23904.0,65789.0,0.6366565839274043,0.36334341607259574
SE,2013,Wood and cork products,2678.0,38082.0,28964.0,67046.0,0.5679980908629896,0.4320019091370104
SE,2014,Wood and cork products,2785.0,37687.0,30348.0,68035.0,0.5539354743881826,0.4460645256118174
SE,2015,Wood and cork products,2477.0,35929.0,29070.0,64999.0,0.552762350190003,0.4472376498099971
SE,2016,Wood and cork products,2913.0,39060.0,28419.0,67479.0,0.5788467523229449,0.4211532476770551
SE,2017,Wood and cork products,2733.0,40525.0,28825.0,69350.0,0.5843547224224946,0.4156452775775054
SE,2018,Wood and cork products,3426.0,36502.0,32621.0,69123.0,0.5280731449734531,0.47192685502654685
SE,2019,Wood and cork products,3142.0,35862.0,32358.0,68220.0,0.5256816182937555,0.4743183817062445
SE,2020,Wood and cork products,2704.0,37318.0,32487.0,69805.0,0.5346035384284793,0.46539646157152065
SE,2021,Wood and cork products,2702.0,39624.0,32834.0,72458.0,0.5468547296364791,0.4531452703635209
SE,2022,Wood and cork products,2580.0,36190.55180770137,33175.56896294597,69366.12077064734,0.5217323875925264,0.4782676124074736
SE,2023,Wood and cork products,2259.0,36693.0,31600.0,68293.0,0.5372878625920665,0.4627121374079335
SE,2024,Wood and cork products,2274.0,34408.0,31499.0,65907.0,0.522068975981307,0.47793102401869303
SI,2008,Wood and cork products,318.0,8629.0,8605.0,17234.0,0.5006962980155506,0.49930370198444934
SI,2009,Wood and cork products,163.0,7584.0,5484.0,13068.0,0.5803489439853077,0.4196510560146924
SI,2010,Wood and cork products,179.0,9072.0,6494.0,15566.0,0.5828086855968135,0.4171913144031864
SI,2011,Wood and cork products,201.0,9722.0,6515.0,16237.0,0.5987559278191784,0.4012440721808216
SI,2012,Wood and cork products,160.0,9331.0,5442.0,14773.0,0.6316252623028498,0.36837473769715023
SI,2013,Wood and cork products,153.0,10815.0,5216.0,16031.0,0.6746304035930385,0.3253695964069615
SI,2014,Wood and cork products,128.0,11952.0,4930.0,16882.0,0.7079729889823481,0.29202701101765194
SI,2015,Wood and cork products,121.0,11647.0,4797.0,16444.0,0.7082826562880078,0.2917173437119922
SI,2016,Wood and cork products,165.0,12185.0,4715.0,16900.0,0.7210059171597634,0.2789940828402367
SI,2017,Wood and cork products,152.0,13908.0,4662.0,18570.0,0.7489499192245558,0.2510500807754443
SI,2018,Wood and cork products,142.0,13719.0,4609.0,18328.0,0.7485268441728503,0.25147315582714974
SI,2019,Wood and cork products,138.0,14094.0,4333.0,18427.0,0.7648559179464915,0.23514408205350845
SI,2020,Wood and cork products,160.0,12542.0,3959.0,16501.0,0.7600751469607903,0.23992485303920974
SI,2021,Wood and cork products,78.0,12690.0,4003.0,16693.0,0.7601988857604984,0.2398011142395016
SI,2022,Wood and cork products,124.0,13327.0,3905.0,17232.0,0.773386722376973,0.22661327762302694
SI,2023,Wood and cork products,134.0,12518.0,3433.0,15951.0,0.7847783838003887,0.2152216161996113
SI,2024,Wood and cork products,143.0,12064.0,3136.0,15200.0,0.7936842105263158,0.2063157894736842
SK,2008,Wood and cork products,191.0,29516.0,15009.0,44525.0,0.662908478382931,0.33709152161706907
SK,2009,Wood and cork products,89.0,26695.0,8851.0,35546.0,0.7509987059022112,0.2490012940977888
SK,2010,Wood and cork products,91.0,30405.0,10074.0,40479.0,0.7511302156673831,0.24886978433261692
SK,2011,Wood and cork products,96.0,27312.0,10172.0,37484.0,0.7286308825098708,0.2713691174901291
SK,2012,Wood and cork products,73.0,26931.0,8353.0,35284.0,0.7632638022899898,0.2367361977100102
SK,2013,Wood and cork products,65.0,27049.0,9259.0,36308.0,0.7449873306158422,0.2550126693841578
SK,2014,Wood and cork products,64.0,27758.0,8259.0,36017.0,0.7706916178471277,0.22930838215287225
SK,2015,Wood and cork products,60.0,29388.0,8136.0,37524.0,0.7831787655900224,0.2168212344099776
SK,2016,Wood and cork products,86.0,35035.0,6247.0,41282.0,0.848674967298096,0.15132503270190398
SK,2017,Wood and cork products,60.0,32628.0,7622.0,40250.0,0.8106335403726708,0.1893664596273292
SK,2018,Wood and cork products,81.0,35686.0,6827.0,42513.0,0.8394138263589961,0.16058617364100392
SK,2019,Wood and cork products,59.0,37636.0,7126.0,44762.0,0.8408024663777312,0.15919753362226888
SK,2020,Wood and cork products,58.0,33761.0,5974.0,39735.0,0.849653957468227,0.150346042531773
SK,2021,Wood and cork products,68.0,33617.0,6411.0,40028.0,0.8398371140201859,0.16016288597981412
SK,2022,Wood and cork products,85.0,30698.0,6066.0,36764.0,0.835001632031335,0.164998367968665
SK,2023,Wood and cork products,107.0,28842.0,4769.0,33611.0,0.858111927642736,0.141888072357264
SK,2024,Wood and cork products,43.0,28468.0,3437.0,31905.0,0.8922739382541921,0.10772606174580787
DE,2008,Paper and printed matter,12074.0,267134.0,104164.0,371298.0,0.7194598408825257,0.2805401591174744
DE,2009,Paper and printed matter,10640.0,265869.85020946997,100361.31595838009,366231.16616785,0.7259618371409091,0.27403816285909094
DE,2010,Paper and printed matter,10931.0,262955.0,92984.0,355939.0,0.738764226454533,0.26123577354546706
DE,2011,Paper and printed matter,10983.0,269220.0,105581.0,374801.0,0.7183011784920531,0.2816988215079469
DE,2012,Paper and printed matter,10442.0,270644.0,95560.0,366204.0,0.7390525499448395,0.2609474500551605
DE,2013,Paper and printed matter,10343.0,267938.0,105337.0,373275.0,0.717803228182975,0.28219677181702496
DE,2014,Paper and printed matter,10443.0,257216.0,107810.0,365026.0,0.7046511755327017,0.2953488244672982
DE,2015,Paper and printed matter,10705.0,261849.28744763264,106037.29621925285,367886.5836668855,0.7117663406957301,0.28823365930426986
DE,2016,Paper and printed matter,11294.0,243435.0,106359.0,349794.0,0.6959381807578174,0.30406181924218256
DE,2017,Paper and printed matter,10346.0,240100.0,124033.0,364133.0,0.6593744593321671,0.3406255406678329
DE,2018,Paper and printed matter,11387.0,280570.0,107325.0,387895.0,0.7233142989726601,0.27668570102733986
DE,2019,Paper and printed matter,10651.0,267322.0,99868.0,367190.0,0.7280209156022768,0.2719790843977232
DE,2020,Paper and printed matter,9595.0,258498.8184794349,110767.27976998014,369266.09824941505,0.700033985532124,0.29996601446787596
DE,2021,Paper and printed matter,9672.0,257828.72468579534,111713.27648012561,369542.001165921,0.6976980258599417,0.3023019741400582
DE,2022,Paper and printed matter,10217.0,257158.6308921558,112659.27319027107,369817.90408242686,0.6953655516765868,0.30463444832341324
DE,2023,Paper and printed matter,11370.0,256488.53709851624,113605.26990041653,370093.8069989328,0.6930365551868202,0.30696344481317983
DE,2024,Paper and printed matter,12018.0,255818.4433048767,114551.26661056199,370369.70991543867,0.6907110286186312,0.30928897138136885
FI,2008,Paper and printed matter,541.0,0.0,41937.0,41937.0,0.0,1.0
FI,2009,Paper and printed matter,560.0,0.0,32860.0,32860.0,0.0,1.0
FI,2010,Paper and printed matter,544.0,0.0,35795.0,35795.0,0.0,1.0
FI,2011,Paper and printed matter,463.0,0.0,34827.0,34827.0,0.0,1.0
FI,2012,Paper and printed matter,467.0,0.0,35267.0,35267.0,0.0,1.0
FI,2013,Paper and printed matter,467.0,0.0,36433.0,36433.0,0.0,1.0
FI,2014,Paper and printed matter,412.0,0.0,37008.0,37008.0,0.0,1.0
FI,2015,Paper and printed matter,344.0,0.0,33392.0,33392.0,0.0,1.0
FI,2016,Paper and printed matter,339.0,0.0,36147.0,36147.0,0.0,1.0
FI,2017,Paper and printed matter,309.0,0.0,38406.0,38406.0,0.0,1.0
FI,2018,Paper and printed matter,293.0,0.0,39430.0,39430.0,0.0,1.0
FI,2019,Paper and printed matter,299.0,0.0,36907.0,36907.0,0.0,1.0
FI,2020,Paper and printed matter,346.0,0.0,36589.0,36589.0,0.0,1.0
FI,2021,Paper and printed matter,349.0,0.0,37352.0,37352.0,0.0,1.0
FI,2022,Paper and printed matter,325.0,0.0,33029.534449823506,33029.534449823506,0.0,1.0
FI,2023,Paper and printed matter,93.0,0.0,27066.0,27066.0,0.0,1.0
FI,2024,Paper and printed matter,98.0,0.0,26640.0,26640.0,0.0,1.0
HR,2008,Paper and printed matter,363.0,0.0,0.0,0.0,,
HR,2009,Paper and printed matter,339.0,0.0,0.0,0.0,,
HR,2010,Paper and printed matter,334.0,0.0,0.0,0.0,,
HR,2011,Paper and printed matter,273.0,0.0,0.0,0.0,,
HR,2012,Paper and printed matter,266.0,0.0,0.0,0.0,,
HR,2013,Paper and printed matter,234.0,0.0,0.0,0.0,,
HR,2014,Paper and printed matter,287.0,0.0,0.0,0.0,,
HR,2015,Paper and printed matter,280.0,0.0,0.0,0.0,,
HR,2016,Paper and printed matter,221.0,0.0,0.0,0.0,,
HR,2017,Paper and printed matter,319.0,0.0,0.0,0.0,,
HR,2018,Paper and printed matter,377.0,0.0,0.0,0.0,,
HR,2019,Paper and printed matter,383.0,0.0,0.0,0.0,,
HR,2020,Paper and printed matter,332.0,0.0,0.0,0.0,,
HR,2021,Paper and printed matter,284.0,0.0,0.0,0.0,,
HR,2022,Paper and printed matter,296.0,0.0,0.0,0.0,,
HR,2023,Paper and printed matter,341.0,0.0,0.0,0.0,,
HR,2024,Paper and printed matter,357.0,0.0,0.0,0.0,,
IE,2008,Paper and printed matter,0.0,679.9249995366081,0.0,679.9249995366081,1.0,0.0
IE,2009,Paper and printed matter,0.0,631.0,0.0,631.0,1.0,0.0
IE,2010,Paper and printed matter,0.0,568.0,0.0,568.0,1.0,0.0
IE,2011,Paper and printed matter,0.0,611.0,0.0,611.0,1.0,0.0
IE,2012,Paper and printed matter,0.0,567.0,0.0,567.0,1.0,0.0
IE,2013,Paper and printed matter,0.0,589.0,0.0,589.0,1.0,0.0
IE,2014,Paper and printed matter,0.0,578.0,0.0,578.0,1.0,0.0
IE,2015,Paper and printed matter,0.0,540.0,0.0,540.0,1.0,0.0
IE,2016,Paper and printed matter,0.0,581.0,0.0,581.0,1.0,0.0
IE,2017,Paper and printed matter,0.0,546.0,0.0,546.0,1.0,0.0
IE,2018,Paper and printed matter,0.0,516.0,0.0,516.0,1.0,0.0
IE,2019,Paper and printed matter,0.0,346.0,0.0,346.0,1.0,0.0
IE,2020,Paper and printed matter,0.0,449.0,0.0,449.0,1.0,0.0
IE,2021,Paper and printed matter,0.0,415.0,0.0,415.0,1.0,0.0
IE,2022,Paper and printed matter,0.0,419.0,0.0,419.0,1.0,0.0
IE,2023,Paper and printed matter,0.0,344.0,0.0,344.0,1.0,0.0
IE,2024,Paper and printed matter,0.0,221.0,0.0,221.0,1.0,0.0
IT,2008,Paper and printed matter,,55967.0,9912.0,65879.0,0.849542342779945,0.15045765722005494
IT,2009,Paper and printed matter,542.0,43207.0,6308.0,49515.0,0.8726042613349491,0.127395738665051
IT,2010,Paper and printed matter,,44818.0,4986.0,49804.0,0.8998875592321902,0.10011244076780981
IT,2011,Paper and printed matter,550.0,60186.0,3624.0,63810.0,0.9432063939821345,0.05679360601786554
IT,2012,Paper and printed matter,502.0,59948.0,3980.0,63928.0,0.9377424602678013,0.062257539732198726
IT,2013,Paper and printed matter,452.0,61267.0,3586.0,64853.0,0.9447057190877831,0.05529428091221686
IT,2014,Paper and printed matter,467.0,62993.0,3564.0,66557.0,0.946451913397539,0.05354808660246105
IT,2015,Paper and printed matter,458.0,62648.0,5837.972606497418,68485.97260649742,0.9147566664484581,0.08524333355154186
IT,2016,Paper and printed matter,424.0,86911.0,5352.0,92263.0,0.9419919144185643,0.05800808558143568
IT,2017,Paper and printed matter,415.0,86889.0,5675.0,92564.0,0.9386910678017372,0.061308932198262826
IT,2018,Paper and printed matter,477.0,87962.0,6153.86642211608,94115.86642211609,0.9346139322086716,0.06538606779132829
IT,2019,Paper and printed matter,502.0,85671.0,6028.0,91699.0,0.9342631871667084,0.06573681283329152
IT,2020,Paper and printed matter,410.0,82039.0,6660.0,88699.0,0.9249145988117116,0.07508540118828848
IT,2021,Paper and printed matter,488.0,92432.0,6469.76023773474,98901.76023773474,0.9345839728010596,0.06541602719894042
IT,2022,Paper and printed matter,476.0,95384.0,8321.0,103705.0,0.9197627886794272,0.08023721132057278
IT,2023,Paper and printed matter,222.0,87827.0,7512.0,95339.0,0.9212074806742256,0.07879251932577434
IT,2024,Paper and printed matter,304.0,87461.0,7066.0,94527.0,0.9252488706930295,0.07475112930697049
LT,2008,Paper and printed matter,5502.0,0.0,54970.0,54970.0,0.0,1.0
LT,2009,Paper and printed matter,4725.0,0.0,42669.0,42669.0,0.0,1.0
LT,2010,Paper and printed matter,4368.0,0.0,48061.0,48061.0,0.0,1.0
LT,2011,Paper and printed matter,4696.0,0.0,52330.0,52330.0,0.0,1.0
LT,2012,Paper and printed matter,4499.0,0.0,49377.0,49377.0,0.0,1.0
LT,2013,Paper and printed matter,4000.0,0.0,48028.0,48028.0,0.0,1.0
LT,2014,Paper and printed matter,3555.0,0.0,49000.0,49000.0,0.0,1.0
LT,2015,Paper and printed matter,3662.0,0.0,48053.0,48053.0,0.0,1.0
LT,2016,Paper and printed matter,3643.0,0.0,47651.0,47651.0,0.0,1.0
LT,2017,Paper and printed matter,3488.0,0.0,52638.0,52638.0,0.0,1.0
LT,2018,Paper and printed matter,3353.0,0.0,56776.0,56776.0,0.0,1.0
LT,2019,Paper and printed matter,3202.0,0.0,55209.0,55209.0,0.0,1.0
LT,2020,Paper and printed matter,2471.0,0.0,53430.0,53430.0,0.0,1.0
LT,2021,Paper and printed matter,2069.0,0.0,51080.0,51080.0,0.0,1.0
LT,2022,Paper and printed matter,1890.0,0.0,30977.0,30977.0,0.0,1.0
LT,2023,Paper and printed matter,1866.0,0.0,27224.0,27224.0,0.0,1.0
LT,2024,Paper and printed matter,1579.0,0.0,25658.0,25658.0,0.0,1.0
PL,2008,Paper and printed matter,7332.0,145750.0,71682.0,217432.0,0.6703245152507451,0.32967548474925495
PL,2009,Paper and printed matter,6589.0,49290.0,126860.0,176150.0,0.2798183366449049,0.720181663355095
PL,2010,Paper and printed matter,7410.0,131064.0,42225.0,173289.0,0.7563319079687689,0.24366809203123108
PL,2011,Paper and printed matter,7067.0,163944.0,60911.0,224855.0,0.7291098708056303,0.2708901291943697
PL,2012,Paper and printed matter,7046.0,162465.0,47209.0,209674.0,0.7748457128685483,0.2251542871314517
PL,2013,Paper and printed matter,7465.0,163724.0,43550.0,207274.0,0.7898916410162393,0.21010835898376062
PL,2014,Paper and printed matter,7671.0,161028.0,41383.0,202411.0,0.7955496489815277,0.2044503510184723
PL,2015,Paper and printed matter,7488.0,161412.0,34349.0,195761.0,0.8245360413974183,0.1754639586025817
PL,2016,Paper and printed matter,8564.0,164081.0,36204.0,200285.0,0.819237586439324,0.18076241356067604
PL,2017,Paper and printed matter,8743.0,189358.0,43790.0,233148.0,0.8121793881997701,0.1878206118002299
PL,2018,Paper and printed matter,9388.0,197481.0,43658.0,241139.0,0.8189508955415756,0.1810491044584244
PL,2019,Paper and printed matter,9429.0,187956.0,40730.0,228686.0,0.8218955248681599,0.17810447513184016
PL,2020,Paper and printed matter,9228.0,177979.0,35276.0,213255.0,0.834583010949333,0.16541698905066704
PL,2021,Paper and printed matter,10159.0,192914.0,38679.0,231593.0,0.8329871800961169,0.16701281990388311
PL,2022,Paper and printed matter,10752.0,195859.0,38383.0,234242.0,0.836139547988832,0.16386045201116795
PL,2023,Paper and printed matter,11768.0,192470.0,31894.0,224364.0,0.8578470699399191,0.14215293006008095
PL,2024,Paper and printed matter,11390.0,181102.0,35169.0,216271.0,0.8373845776826296,0.16261542231737033
RO,2008,Paper and printed matter,4055.0,0.0,63212.0,63212.0,0.0,1.0
RO,2009,Paper and printed matter,3700.0,0.0,46910.0,46910.0,0.0,1.0
RO,2010,Paper and printed matter,4480.0,0.0,49441.0,49441.0,0.0,1.0
RO,2011,Paper and printed matter,5471.0,0.0,57247.0,57247.0,0.0,1.0
RO,2012,Paper and printed matter,4758.0,0.0,50433.0,50433.0,0.0,1.0
RO,2013,Paper and printed matter,4371.0,0.0,47337.0,47337.0,0.0,1.0
RO,2014,Paper and printed matter,4267.0,0.0,49273.0,49273.0,0.0,1.0
RO,2015,Paper and printed matter,4237.0,0.0,49700.0,49700.0,0.0,1.0
RO,2016,Paper and printed matter,4586.0,0.0,47875.0,47875.0,0.0,1.0
RO,2017,Paper and printed matter,4465.0,0.0,56076.0,56076.0,0.0,1.0
RO,2018,Paper and printed matter,3577.0,0.0,55002.0,55002.0,0.0,1.0
RO,2019,Paper and printed matter,4014.0,0.0,58495.0,58495.0,0.0,1.0
RO,2020,Paper and printed matter,3547.0,0.0,49184.0,49184.0,0.0,1.0
RO,2021,Paper and printed matter,3937.0,0.0,56808.0,56808.0,0.0,1.0
RO,2022,Paper and printed matter,3978.0,0.0,53883.0,53883.0,0.0,1.0
RO,2023,Paper and printed matter,3789.0,0.0,47298.0,47298.0,0.0,1.0
RO,2024,Paper and printed matter,3681.0,0.0,41076.0,41076.0,0.0,1.0
SE,2008,Paper and printed matter,405.0,44866.0,20766.0,65632.0,0.6835994636762555,0.31640053632374454
SE,2009,Paper and printed matter,330.0,36606.0,19860.0,56466.0,0.6482839230687494,0.3517160769312507
SE,2010,Paper and printed matter,371.0,45453.0,22876.0,68329.0,0.6652080375828711,0.3347919624171289
SE,2011,Paper and printed matter,374.0,42593.0,25314.0,67907.0,0.6272254701282637,0.37277452987173637
SE,2012,Paper and printed matter,355.0,41885.0,23904.0,65789.0,0.6366565839274043,0.36334341607259574
SE,2013,Paper and printed matter,335.0,38082.0,28964.0,67046.0,0.5679980908629896,0.4320019091370104
SE,2014,Paper and printed matter,308.0,37687.0,30348.0,68035.0,0.5539354743881826,0.4460645256118174
SE,2015,Paper and printed matter,361.0,35929.0,29070.0,64999.0,0.552762350190003,0.4472376498099971
SE,2016,Paper and printed matter,357.0,39060.0,28419.0,67479.0,0.5788467523229449,0.4211532476770551
SE,2017,Paper and printed matter,345.0,40525.0,28825.0,69350.0,0.5843547224224946,0.4156452775775054
SE,2018,Paper and printed matter,356.0,36502.0,32621.0,69123.0,0.5280731449734531,0.47192685502654685
SE,2019,Paper and printed matter,345.0,35862.0,32358.0,68220.0,0.5256816182937555,0.4743183817062445
SE,2020,Paper and printed matter,400.0,37318.0,32487.0,69805.0,0.5346035384284793,0.46539646157152065
SE,2021,Paper and printed matter,410.0,39624.0,32834.0,72458.0,0.5468547296364791,0.4531452703635209
SE,2022,Paper and printed matter,415.0,36190.55180770137,33175.56896294597,69366.12077064734,0.5217323875925264,0.4782676124074736
SE,2023,Paper and printed matter,400.0,36693.0,31600.0,68293.0,0.5372878625920665,0.4627121374079335
SE,2024,Paper and printed matter,403.0,34408.0,31499.0,65907.0,0.522068975981307,0.47793102401869303
SI,2008,Paper and printed matter,380.0,8629.0,8605.0,17234.0,0.5006962980155506,0.49930370198444934
SI,2009,Paper and printed matter,365.0,7584.0,5484.0,13068.0,0.5803489439853077,0.4196510560146924
SI,2010,Paper and printed matter,360.0,9072.0,6494.0,15566.0,0.5828086855968135,0.4171913144031864
SI,2011,Paper and printed matter,329.0,9722.0,6515.0,16237.0,0.5987559278191784,0.4012440721808216
SI,2012,Paper and printed matter,367.0,9331.0,5442.0,14773.0,0.6316252623028498,0.36837473769715023
SI,2013,Paper and printed matter,387.0,10815.0,5216.0,16031.0,0.6746304035930385,0.3253695964069615
SI,2014,Paper and printed matter,389.0,11952.0,4930.0,16882.0,0.7079729889823481,0.29202701101765194
SI,2015,Paper and printed matter,373.0,11647.0,4797.0,16444.0,0.7082826562880078,0.2917173437119922
SI,2016,Paper and printed matter,324.0,12185.0,4715.0,16900.0,0.7210059171597634,0.2789940828402367
SI,2017,Paper and printed matter,374.0,13908.0,4662.0,18570.0,0.7489499192245558,0.2510500807754443
SI,2018,Paper and printed matter,358.0,13719.0,4609.0,18328.0,0.7485268441728503,0.25147315582714974
SI,2019,Paper and printed matter,299.0,14094.0,4333.0,18427.0,0.7648559179464915,0.23514408205350845
SI,2020,Paper and printed matter,349.0,12542.0,3959.0,16501.0,0.7600751469607903,0.23992485303920974
SI,2021,Paper and printed matter,356.0,12690.0,4003.0,16693.0,0.7601988857604984,0.2398011142395016
SI,2022,Paper and printed matter,401.0,13327.0,3905.0,17232.0,0.773386722376973,0.22661327762302694
SI,2023,Paper and printed matter,399.0,12518.0,3433.0,15951.0,0.7847783838003887,0.2152216161996113
SI,2024,Paper and printed matter,507.0,12064.0,3136.0,15200.0,0.7936842105263158,0.2063157894736842
SK,2008,Paper and printed matter,746.0,29516.0,15009.0,44525.0,0.662908478382931,0.33709152161706907
SK,2009,Paper and printed matter,804.0,26695.0,8851.0,35546.0,0.7509987059022112,0.2490012940977888
SK,2010,Paper and printed matter,873.0,30405.0,10074.0,40479.0,0.7511302156673831,0.24886978433261692
SK,2011,Paper and printed matter,562.0,27312.0,10172.0,37484.0,0.7286308825098708,0.2713691174901291
SK,2012,Paper and printed matter,513.0,26931.0,8353.0,35284.0,0.7632638022899898,0.2367361977100102
SK,2013,Paper and printed matter,507.0,27049.0,9259.0,36308.0,0.7449873306158422,0.2550126693841578
SK,2014,Paper and printed matter,468.0,27758.0,8259.0,36017.0,0.7706916178471277,0.22930838215287225
SK,2015,Paper and printed matter,588.0,29388.0,8136.0,37524.0,0.7831787655900224,0.2168212344099776
SK,2016,Paper and printed matter,624.0,35035.0,6247.0,41282.0,0.848674967298096,0.15132503270190398
SK,2017,Paper and printed matter,654.0,32628.0,7622.0,40250.0,0.8106335403726708,0.1893664596273292
SK,2018,Paper and printed matter,476.0,35686.0,6827.0,42513.0,0.8394138263589961,0.16058617364100392
SK,2019,Paper and printed matter,508.0,37636.0,7126.0,44762.0,0.8408024663777312,0.15919753362226888
SK,2020,Paper and printed matter,425.0,33761.0,5974.0,39735.0,0.849653957468227,0.150346042531773
SK,2021,Paper and printed matter,473.0,33617.0,6411.0,40028.0,0.8398371140201859,0.16016288597981412
SK,2022,Paper and printed matter,542.0,30698.0,6066.0,36764.0,0.835001632031335,0.164998367968665
SK,2023,Paper and printed matter,492.0,28842.0,4769.0,33611.0,0.858111927642736,0.141888072357264
SK,2024,Paper and printed matter,505.0,28468.0,3437.0,31905.0,0.8922739382541921,0.10772606174580787
DE,2008,Refined petroleum products,9350.0,267134.0,104164.0,371298.0,0.7194598408825257,0.2805401591174744
DE,2009,Refined petroleum products,7684.0,265869.85020946997,100361.31595838009,366231.16616785,0.7259618371409091,0.27403816285909094
DE,2010,Refined petroleum products,8986.0,262955.0,92984.0,355939.0,0.738764226454533,0.26123577354546706
DE,2011,Refined petroleum products,9650.0,269220.0,105581.0,374801.0,0.7183011784920531,0.2816988215079469
DE,2012,Refined petroleum products,9985.0,270644.0,95560.0,366204.0,0.7390525499448395,0.2609474500551605
DE,2013,Refined petroleum products,9871.0,267938.0,105337.0,373275.0,0.717803228182975,0.28219677181702496
DE,2014,Refined petroleum products,9500.0,257216.0,107810.0,365026.0,0.7046511755327017,0.2953488244672982
DE,2015,Refined petroleum products,9264.0,261849.28744763264,106037.29621925285,367886.5836668855,0.7117663406957301,0.28823365930426986
DE,2016,Refined petroleum products,9137.0,243435.0,106359.0,349794.0,0.6959381807578174,0.30406181924218256
DE,2017,Refined petroleum products,8755.0,240100.0,124033.0,364133.0,0.6593744593321671,0.3406255406678329
DE,2018,Refined petroleum products,9208.0,280570.0,107325.0,387895.0,0.7233142989726601,0.27668570102733986
DE,2019,Refined petroleum products,8468.0,267322.0,99868.0,367190.0,0.7280209156022768,0.2719790843977232
DE,2020,Refined petroleum products,7659.0,258498.8184794349,110767.27976998014,369266.09824941505,0.700033985532124,0.29996601446787596
DE,2021,Refined petroleum products,8049.0,257828.72468579534,111713.27648012561,369542.001165921,0.6976980258599417,0.3023019741400582
DE,2022,Refined petroleum products,7621.0,257158.6308921558,112659.27319027107,369817.90408242686,0.6953655516765868,0.30463444832341324
DE,2023,Refined petroleum products,8201.0,256488.53709851624,113605.26990041653,370093.8069989328,0.6930365551868202,0.30696344481317983
DE,2024,Refined petroleum products,8586.0,255818.4433048767,114551.26661056199,370369.70991543867,0.6907110286186312,0.30928897138136885
FI,2008,Refined petroleum products,1357.0,0.0,41937.0,41937.0,0.0,1.0
FI,2009,Refined petroleum products,1010.0,0.0,32860.0,32860.0,0.0,1.0
FI,2010,Refined petroleum products,1196.0,0.0,35795.0,35795.0,0.0,1.0
FI,2011,Refined petroleum products,1410.0,0.0,34827.0,34827.0,0.0,1.0
FI,2012,Refined petroleum products,1704.0,0.0,35267.0,35267.0,0.0,1.0
FI,2013,Refined petroleum products,1632.0,0.0,36433.0,36433.0,0.0,1.0
FI,2014,Refined petroleum products,1620.0,0.0,37008.0,37008.0,0.0,1.0
FI,2015,Refined petroleum products,1143.0,0.0,33392.0,33392.0,0.0,1.0
FI,2016,Refined petroleum products,1133.0,0.0,36147.0,36147.0,0.0,1.0
FI,2017,Refined petroleum products,1394.0,0.0,38406.0,38406.0,0.0,1.0
FI,2018,Refined petroleum products,1401.0,0.0,39430.0,39430.0,0.0,1.0
FI,2019,Refined petroleum products,1469.0,0.0,36907.0,36907.0,0.0,1.0
FI,2020,Refined petroleum products,1631.0,0.0,36589.0,36589.0,0.0,1.0
FI,2021,Refined petroleum products,1604.0,0.0,37352.0,37352.0,0.0,1.0
FI,2022,Refined petroleum products,1373.0,0.0,33029.534449823506,33029.534449823506,0.0,1.0
FI,2023,Refined petroleum products,1205.0,0.0,27066.0,27066.0,0.0,1.0
FI,2024,Refined petroleum products,1007.0,0.0,26640.0,26640.0,0.0,1.0
HR,2008,Refined petroleum products,470.0,0.0,0.0,0.0,,
HR,2009,Refined petroleum products,310.0,0.0,0.0,0.0,,
HR,2010,Refined petroleum products,463.0,0.0,0.0,0.0,,
HR,2011,Refined petroleum products,436.0,0.0,0.0,0.0,,
HR,2012,Refined petroleum products,332.0,0.0,0.0,0.0,,
HR,2013,Refined petroleum products,314.0,0.0,0.0,0.0,,
HR,2014,Refined petroleum products,286.0,0.0,0.0,0.0,,
HR,2015,Refined petroleum products,288.0,0.0,0.0,0.0,,
HR,2016,Refined petroleum products,272.0,0.0,0.0,0.0,,
HR,2017,Refined petroleum products,310.0,0.0,0.0,0.0,,
HR,2018,Refined petroleum products,252.0,0.0,0.0,0.0,,
HR,2019,Refined petroleum products,216.0,0.0,0.0,0.0,,
HR,2020,Refined petroleum products,198.0,0.0,0.0,0.0,,
HR,2021,Refined petroleum products,155.0,0.0,0.0,0.0,,
HR,2022,Refined petroleum products,106.0,0.0,0.0,0.0,,
HR,2023,Refined petroleum products,58.0,0.0,0.0,0.0,,
HR,2024,Refined petroleum products,58.0,0.0,0.0,0.0,,
IE,2008,Refined petroleum products,0.0,679.9249995366081,0.0,679.9249995366081,1.0,0.0
IE,2009,Refined petroleum products,0.0,631.0,0.0,631.0,1.0,0.0
IE,2010,Refined petroleum products,0.0,568.0,0.0,568.0,1.0,0.0
IE,2011,Refined petroleum products,0.0,611.0,0.0,611.0,1.0,0.0
IE,2012,Refined petroleum products,0.0,567.0,0.0,567.0,1.0,0.0
IE,2013,Refined petroleum products,0.0,589.0,0.0,589.0,1.0,0.0
IE,2014,Refined petroleum products,0.0,578.0,0.0,578.0,1.0,0.0
IE,2015,Refined petroleum products,0.0,540.0,0.0,540.0,1.0,0.0
IE,2016,Refined petroleum products,0.0,581.0,0.0,581.0,1.0,0.0
IE,2017,Refined petroleum products,0.0,546.0,0.0,546.0,1.0,0.0
IE,2018,Refined petroleum products,0.0,516.0,0.0,516.0,1.0,0.0
IE,2019,Refined petroleum products,0.0,346.0,0.0,346.0,1.0,0.0
IE,2020,Refined petroleum products,0.0,449.0,0.0,449.0,1.0,0.0
IE,2021,Refined petroleum products,0.0,415.0,0.0,415.0,1.0,0.0
IE,2022,Refined petroleum products,0.0,419.0,0.0,419.0,1.0,0.0
IE,2023,Refined petroleum products,0.0,344.0,0.0,344.0,1.0,0.0
IE,2024,Refined petroleum products,0.0,221.0,0.0,221.0,1.0,0.0
IT,2008,Refined petroleum products,,55967.0,9912.0,65879.0,0.849542342779945,0.15045765722005494
IT,2009,Refined petroleum products,681.0,43207.0,6308.0,49515.0,0.8726042613349491,0.127395738665051
IT,2010,Refined petroleum products,,44818.0,4986.0,49804.0,0.8998875592321902,0.10011244076780981
IT,2011,Refined petroleum products,700.0,60186.0,3624.0,63810.0,0.9432063939821345,0.05679360601786554
IT,2012,Refined petroleum products,612.0,59948.0,3980.0,63928.0,0.9377424602678013,0.062257539732198726
IT,2013,Refined petroleum products,589.0,61267.0,3586.0,64853.0,0.9447057190877831,0.05529428091221686
IT,2014,Refined petroleum products,612.0,62993.0,3564.0,66557.0,0.946451913397539,0.05354808660246105
IT,2015,Refined petroleum products,803.0,62648.0,5837.972606497418,68485.97260649742,0.9147566664484581,0.08524333355154186
IT,2016,Refined petroleum products,1011.0,86911.0,5352.0,92263.0,0.9419919144185643,0.05800808558143568
IT,2017,Refined petroleum products,1092.0,86889.0,5675.0,92564.0,0.9386910678017372,0.061308932198262826
IT,2018,Refined petroleum products,1092.0,87962.0,6153.86642211608,94115.86642211609,0.9346139322086716,0.06538606779132829
IT,2019,Refined petroleum products,1116.0,85671.0,6028.0,91699.0,0.9342631871667084,0.06573681283329152
IT,2020,Refined petroleum products,1311.0,82039.0,6660.0,88699.0,0.9249145988117116,0.07508540118828848
IT,2021,Refined petroleum products,1281.0,92432.0,6469.76023773474,98901.76023773474,0.9345839728010596,0.06541602719894042
IT,2022,Refined petroleum products,1145.0,95384.0,8321.0,103705.0,0.9197627886794272,0.08023721132057278
IT,2023,Refined petroleum products,859.0,87827.0,7512.0,95339.0,0.9212074806742256,0.07879251932577434
IT,2024,Refined petroleum products,728.0,87461.0,7066.0,94527.0,0.9252488706930295,0.07475112930697049
LT,2008,Refined petroleum products,3575.0,0.0,54970.0,54970.0,0.0,1.0
LT,2009,Refined petroleum products,3112.0,0.0,42669.0,42669.0,0.0,1.0
LT,2010,Refined petroleum products,4164.0,0.0,48061.0,48061.0,0.0,1.0
LT,2011,Refined petroleum products,5010.0,0.0,52330.0,52330.0,0.0,1.0
LT,2012,Refined petroleum products,4675.0,0.0,49377.0,49377.0,0.0,1.0
LT,2013,Refined petroleum products,3949.0,0.0,48028.0,48028.0,0.0,1.0
LT,2014,Refined petroleum products,5479.0,0.0,49000.0,49000.0,0.0,1.0
LT,2015,Refined petroleum products,5544.0,0.0,48053.0,48053.0,0.0,1.0
LT,2016,Refined petroleum products,5222.0,0.0,47651.0,47651.0,0.0,1.0
LT,2017,Refined petroleum products,5761.0,0.0,52638.0,52638.0,0.0,1.0
LT,2018,Refined petroleum products,6184.0,0.0,56776.0,56776.0,0.0,1.0
LT,2019,Refined petroleum products,6100.0,0.0,55209.0,55209.0,0.0,1.0
LT,2020,Refined petroleum products,6441.0,0.0,53430.0,53430.0,0.0,1.0
LT,2021,Refined petroleum products,6350.0,0.0,51080.0,51080.0,0.0,1.0
LT,2022,Refined petroleum products,1246.0,0.0,30977.0,30977.0,0.0,1.0
LT,2023,Refined petroleum products,611.0,0.0,27224.0,27224.0,0.0,1.0
LT,2024,Refined petroleum products,700.0,0.0,25658.0,25658.0,0.0,1.0
PL,2008,Refined petroleum products,2899.0,145750.0,71682.0,217432.0,0.6703245152507451,0.32967548474925495
PL,2009,Refined petroleum products,2286.0,49290.0,126860.0,176150.0,0.2798183366449049,0.720181663355095
PL,2010,Refined petroleum products,2781.0,131064.0,42225.0,173289.0,0.7563319079687689,0.24366809203123108
PL,2011,Refined petroleum products,3059.0,163944.0,60911.0,224855.0,0.7291098708056303,0.2708901291943697
PL,2012,Refined petroleum products,2876.0,162465.0,47209.0,209674.0,0.7748457128685483,0.2251542871314517
PL,2013,Refined petroleum products,2926.0,163724.0,43550.0,207274.0,0.7898916410162393,0.21010835898376062
PL,2014,Refined petroleum products,2654.0,161028.0,41383.0,202411.0,0.7955496489815277,0.2044503510184723
PL,2015,Refined petroleum products,2518.0,161412.0,34349.0,195761.0,0.8245360413974183,0.1754639586025817
PL,2016,Refined petroleum products,2525.0,164081.0,36204.0,200285.0,0.819237586439324,0.18076241356067604
PL,2017,Refined petroleum products,2816.0,189358.0,43790.0,233148.0,0.8121793881997701,0.1878206118002299
PL,2018,Refined petroleum products,2988.0,197481.0,43658.0,241139.0,0.8189508955415756,0.1810491044584244
PL,2019,Refined petroleum products,3096.0,187956.0,40730.0,228686.0,0.8218955248681599,0.17810447513184016
PL,2020,Refined petroleum products,3299.0,177979.0,35276.0,213255.0,0.834583010949333,0.16541698905066704
PL,2021,Refined petroleum products,3352.0,192914.0,38679.0,231593.0,0.8329871800961169,0.16701281990388311
PL,2022,Refined petroleum products,3251.0,195859.0,38383.0,234242.0,0.836139547988832,0.16386045201116795
PL,2023,Refined petroleum products,2837.0,192470.0,31894.0,224364.0,0.8578470699399191,0.14215293006008095
PL,2024,Refined petroleum products,3230.0,181102.0,35169.0,216271.0,0.8373845776826296,0.16261542231737033
RO,2008,Refined petroleum products,1851.0,0.0,63212.0,63212.0,0.0,1.0
RO,2009,Refined petroleum products,1090.0,0.0,46910.0,46910.0,0.0,1.0
RO,2010,Refined petroleum products,1476.0,0.0,49441.0,49441.0,0.0,1.0
RO,2011,Refined petroleum products,1613.0,0.0,57247.0,57247.0,0.0,1.0
RO,2012,Refined petroleum products,1166.0,0.0,50433.0,50433.0,0.0,1.0
RO,2013,Refined petroleum products,1058.0,0.0,47337.0,47337.0,0.0,1.0
RO,2014,Refined petroleum products,1040.0,0.0,49273.0,49273.0,0.0,1.0
RO,2015,Refined petroleum products,956.0,0.0,49700.0,49700.0,0.0,1.0
RO,2016,Refined petroleum products,1032.0,0.0,47875.0,47875.0,0.0,1.0
RO,2017,Refined petroleum products,1143.0,0.0,56076.0,56076.0,0.0,1.0
RO,2018,Refined petroleum products,1381.0,0.0,55002.0,55002.0,0.0,1.0
RO,2019,Refined petroleum products,1153.0,0.0,58495.0,58495.0,0.0,1.0
RO,2020,Refined petroleum products,1044.0,0.0,49184.0,49184.0,0.0,1.0
RO,2021,Refined petroleum products,1033.0,0.0,56808.0,56808.0,0.0,1.0
RO,2022,Refined petroleum products,572.0,0.0,53883.0,53883.0,0.0,1.0
RO,2023,Refined petroleum products,321.0,0.0,47298.0,47298.0,0.0,1.0
RO,2024,Refined petroleum products,582.0,0.0,41076.0,41076.0,0.0,1.0
SE,2008,Refined petroleum products,415.0,44866.0,20766.0,65632.0,0.6835994636762555,0.31640053632374454
SE,2009,Refined petroleum products,414.0,36606.0,19860.0,56466.0,0.6482839230687494,0.3517160769312507
SE,2010,Refined petroleum products,435.0,45453.0,22876.0,68329.0,0.6652080375828711,0.3347919624171289
SE,2011,Refined petroleum products,813.0,42593.0,25314.0,67907.0,0.6272254701282637,0.37277452987173637
SE,2012,Refined petroleum products,1015.0,41885.0,23904.0,65789.0,0.6366565839274043,0.36334341607259574
SE,2013,Refined petroleum products,890.0,38082.0,28964.0,67046.0,0.5679980908629896,0.4320019091370104
SE,2014,Refined petroleum products,841.0,37687.0,30348.0,68035.0,0.5539354743881826,0.4460645256118174
SE,2015,Refined petroleum products,933.0,35929.0,29070.0,64999.0,0.552762350190003,0.4472376498099971
SE,2016,Refined petroleum products,857.0,39060.0,28419.0,67479.0,0.5788467523229449,0.4211532476770551
SE,2017,Refined petroleum products,746.0,40525.0,28825.0,69350.0,0.5843547224224946,0.4156452775775054
SE,2018,Refined petroleum products,1143.0,36502.0,32621.0,69123.0,0.5280731449734531,0.47192685502654685
SE,2019,Refined petroleum products,830.0,35862.0,32358.0,68220.0,0.5256816182937555,0.4743183817062445
SE,2020,Refined petroleum products,686.0,37318.0,32487.0,69805.0,0.5346035384284793,0.46539646157152065
SE,2021,Refined petroleum products,1101.0,39624.0,32834.0,72458.0,0.5468547296364791,0.4531452703635209
SE,2022,Refined petroleum products,1107.0,36190.55180770137,33175.56896294597,69366.12077064734,0.5217323875925264,0.4782676124074736
SE,2023,Refined petroleum products,913.0,36693.0,31600.0,68293.0,0.5372878625920665,0.4627121374079335
SE,2024,Refined petroleum products,755.0,34408.0,31499.0,65907.0,0.522068975981307,0.47793102401869303
SI,2008,Refined petroleum products,64.0,8629.0,8605.0,17234.0,0.5006962980155506,0.49930370198444934
SI,2009,Refined petroleum products,54.0,7584.0,5484.0,13068.0,0.5803489439853077,0.4196510560146924
SI,2010,Refined petroleum products,73.0,9072.0,6494.0,15566.0,0.5828086855968135,0.4171913144031864
SI,2011,Refined petroleum products,72.0,9722.0,6515.0,16237.0,0.5987559278191784,0.4012440721808216
SI,2012,Refined petroleum products,67.0,9331.0,5442.0,14773.0,0.6316252623028498,0.36837473769715023
SI,2013,Refined petroleum products,53.0,10815.0,5216.0,16031.0,0.6746304035930385,0.3253695964069615
SI,2014,Refined petroleum products,58.0,11952.0,4930.0,16882.0,0.7079729889823481,0.29202701101765194
SI,2015,Refined petroleum products,71.0,11647.0,4797.0,16444.0,0.7082826562880078,0.2917173437119922
SI,2016,Refined petroleum products,59.0,12185.0,4715.0,16900.0,0.7210059171597634,0.2789940828402367
SI,2017,Refined petroleum products,61.0,13908.0,4662.0,18570.0,0.7489499192245558,0.2510500807754443
SI,2018,Refined petroleum products,47.0,13719.0,4609.0,18328.0,0.7485268441728503,0.25147315582714974
SI,2019,Refined petroleum products,0.0,14094.0,4333.0,18427.0,0.7648559179464915,0.23514408205350845
SI,2020,Refined petroleum products,34.0,12542.0,3959.0,16501.0,0.7600751469607903,0.23992485303920974
SI,2021,Refined petroleum products,35.0,12690.0,4003.0,16693.0,0.7601988857604984,0.2398011142395016
SI,2022,Refined petroleum products,24.0,13327.0,3905.0,17232.0,0.773386722376973,0.22661327762302694
SI,2023,Refined petroleum products,30.0,12518.0,3433.0,15951.0,0.7847783838003887,0.2152216161996113
SI,2024,Refined petroleum products,48.0,12064.0,3136.0,15200.0,0.7936842105263158,0.2063157894736842
SK,2008,Refined petroleum products,554.0,29516.0,15009.0,44525.0,0.662908478382931,0.33709152161706907
SK,2009,Refined petroleum products,370.0,26695.0,8851.0,35546.0,0.7509987059022112,0.2490012940977888
SK,2010,Refined petroleum products,405.0,30405.0,10074.0,40479.0,0.7511302156673831,0.24886978433261692
SK,2011,Refined petroleum products,405.0,27312.0,10172.0,37484.0,0.7286308825098708,0.2713691174901291
SK,2012,Refined petroleum products,297.0,26931.0,8353.0,35284.0,0.7632638022899898,0.2367361977100102
SK,2013,Refined petroleum products,347.0,27049.0,9259.0,36308.0,0.7449873306158422,0.2550126693841578
SK,2014,Refined petroleum products,387.0,27758.0,8259.0,36017.0,0.7706916178471277,0.22930838215287225
SK,2015,Refined petroleum products,376.0,29388.0,8136.0,37524.0,0.7831787655900224,0.2168212344099776
SK,2016,Refined petroleum products,305.0,35035.0,6247.0,41282.0,0.848674967298096,0.15132503270190398
SK,2017,Refined petroleum products,305.0,32628.0,7622.0,40250.0,0.8106335403726708,0.1893664596273292
SK,2018,Refined petroleum products,256.0,35686.0,6827.0,42513.0,0.8394138263589961,0.16058617364100392
SK,2019,Refined petroleum products,314.0,37636.0,7126.0,44762.0,0.8408024663777312,0.15919753362226888
SK,2020,Refined petroleum products,308.0,33761.0,5974.0,39735.0,0.849653957468227,0.150346042531773
SK,2021,Refined petroleum products,311.0,33617.0,6411.0,40028.0,0.8398371140201859,0.16016288597981412
SK,2022,Refined petroleum products,226.0,30698.0,6066.0,36764.0,0.835001632031335,0.164998367968665
SK,2023,Refined petroleum products,179.0,28842.0,4769.0,33611.0,0.858111927642736,0.141888072357264
SK,2024,Refined petroleum products,224.0,28468.0,3437.0,31905.0,0.8922739382541921,0.10772606174580787
DE,2008,Chemicals and man-made fibres,2638.0,267134.0,104164.0,371298.0,0.7194598408825257,0.2805401591174744
DE,2009,Chemicals and man-made fibres,2699.0,265869.85020946997,100361.31595838009,366231.16616785,0.7259618371409091,0.27403816285909094
DE,2010,Chemicals and man-made fibres,2377.0,262955.0,92984.0,355939.0,0.738764226454533,0.26123577354546706
DE,2011,Chemicals and man-made fibres,2409.0,269220.0,105581.0,374801.0,0.7183011784920531,0.2816988215079469
DE,2012,Chemicals and man-made fibres,2447.0,270644.0,95560.0,366204.0,0.7390525499448395,0.2609474500551605
DE,2013,Chemicals and man-made fibres,2430.0,267938.0,105337.0,373275.0,0.717803228182975,0.28219677181702496
DE,2014,Chemicals and man-made fibres,2479.0,257216.0,107810.0,365026.0,0.7046511755327017,0.2953488244672982
DE,2015,Chemicals and man-made fibres,2574.0,261849.28744763264,106037.29621925285,367886.5836668855,0.7117663406957301,0.28823365930426986
DE,2016,Chemicals and man-made fibres,2596.0,243435.0,106359.0,349794.0,0.6959381807578174,0.30406181924218256
DE,2017,Chemicals and man-made fibres,2532.0,240100.0,124033.0,364133.0,0.6593744593321671,0.3406255406678329
DE,2018,Chemicals and man-made fibres,2366.0,280570.0,107325.0,387895.0,0.7233142989726601,0.27668570102733986
DE,2019,Chemicals and man-made fibres,2230.0,267322.0,99868.0,367190.0,0.7280209156022768,0.2719790843977232
DE,2020,Chemicals and man-made fibres,1999.0,258498.8184794349,110767.27976998014,369266.09824941505,0.700033985532124,0.29996601446787596
DE,2021,Chemicals and man-made fibres,2562.0,257828.72468579534,111713.27648012561,369542.001165921,0.6976980258599417,0.3023019741400582
DE,2022,Chemicals and man-made fibres,2770.0,257158.6308921558,112659.27319027107,369817.90408242686,0.6953655516765868,0.30463444832341324
DE,2023,Chemicals and man-made fibres,2315.0,256488.53709851624,113605.26990041653,370093.8069989328,0.6930365551868202,0.30696344481317983
DE,2024,Chemicals and man-made fibres,1958.0,255818.4433048767,114551.26661056199,370369.70991543867,0.6907110286186312,0.30928897138136885
FI,2008,Chemicals and man-made fibres,35.0,0.0,41937.0,41937.0,0.0,1.0
FI,2009,Chemicals and man-made fibres,37.0,0.0,32860.0,32860.0,0.0,1.0
FI,2010,Chemicals and man-made fibres,36.0,0.0,35795.0,35795.0,0.0,1.0
FI,2011,Chemicals and man-made fibres,27.0,0.0,34827.0,34827.0,0.0,1.0
FI,2012,Chemicals and man-made fibres,24.0,0.0,35267.0,35267.0,0.0,1.0
FI,2013,Chemicals and man-made fibres,40.0,0.0,36433.0,36433.0,0.0,1.0
FI,2014,Chemicals and man-made fibres,28.0,0.0,37008.0,37008.0,0.0,1.0
FI,2015,Chemicals and man-made fibres,28.0,0.0,33392.0,33392.0,0.0,1.0
FI,2016,Chemicals and man-made fibres,50.0,0.0,36147.0,36147.0,0.0,1.0
FI,2017,Chemicals and man-made fibres,25.0,0.0,38406.0,38406.0,0.0,1.0
FI,2018,Chemicals and man-made fibres,12.0,0.0,39430.0,39430.0,0.0,1.0
FI,2019,Chemicals and man-made fibres,8.0,0.0,36907.0,36907.0,0.0,1.0
FI,2020,Chemicals and man-made fibres,12.0,0.0,36589.0,36589.0,0.0,1.0
FI,2021,Chemicals and man-made fibres,8.0,0.0,37352.0,37352.0,0.0,1.0
FI,2022,Chemicals and man-made fibres,3.0,0.0,33029.534449823506,33029.534449823506,0.0,1.0
FI,2023,Chemicals and man-made fibres,1.0,0.0,27066.0,27066.0,0.0,1.0
FI,2024,Chemicals and man-made fibres,111.0,0.0,26640.0,26640.0,0.0,1.0
HR,2008,Chemicals and man-made fibres,236.0,0.0,0.0,0.0,,
HR,2009,Chemicals and man-made fibres,171.0,0.0,0.0,0.0,,
HR,2010,Chemicals and man-made fibres,164.0,0.0,0.0,0.0,,
HR,2011,Chemicals and man-made fibres,161.0,0.0,0.0,0.0,,
HR,2012,Chemicals and man-made fibres,125.0,0.0,0.0,0.0,,
HR,2013,Chemicals and man-made fibres,113.0,0.0,0.0,0.0,,
HR,2014,Chemicals and man-made fibres,103.0,0.0,0.0,0.0,,
HR,2015,Chemicals and man-made fibres,36.0,0.0,0.0,0.0,,
HR,2016,Chemicals and man-made fibres,75.0,0.0,0.0,0.0,,
HR,2017,Chemicals and man-made fibres,77.0,0.0,0.0,0.0,,
HR,2018,Chemicals and man-made fibres,73.0,0.0,0.0,0.0,,
HR,2019,Chemicals and man-made fibres,84.0,0.0,0.0,0.0,,
HR,2020,Chemicals and man-made fibres,81.0,0.0,0.0,0.0,,
HR,2021,Chemicals and man-made fibres,106.0,0.0,0.0,0.0,,
HR,2022,Chemicals and man-made fibres,128.0,0.0,0.0,0.0,,
HR,2023,Chemicals and man-made fibres,110.0,0.0,0.0,0.0,,
HR,2024,Chemicals and man-made fibres,112.0,0.0,0.0,0.0,,
IE,2008,Chemicals and man-made fibres,16.0,679.9249995366081,0.0,679.9249995366081,1.0,0.0
IE,2009,Chemicals and man-made fibres,4.0,631.0,0.0,631.0,1.0,0.0
IE,2010,Chemicals and man-made fibres,0.0,568.0,0.0,568.0,1.0,0.0
IE,2011,Chemicals and man-made fibres,0.0,611.0,0.0,611.0,1.0,0.0
IE,2012,Chemicals and man-made fibres,0.0,567.0,0.0,567.0,1.0,0.0
IE,2013,Chemicals and man-made fibres,0.0,589.0,0.0,589.0,1.0,0.0
IE,2014,Chemicals and man-made fibres,0.0,578.0,0.0,578.0,1.0,0.0
IE,2015,Chemicals and man-made fibres,0.0,540.0,0.0,540.0,1.0,0.0
IE,2016,Chemicals and man-made fibres,0.0,581.0,0.0,581.0,1.0,0.0
IE,2017,Chemicals and man-made fibres,0.0,546.0,0.0,546.0,1.0,0.0
IE,2018,Chemicals and man-made fibres,0.0,516.0,0.0,516.0,1.0,0.0
IE,2019,Chemicals and man-made fibres,0.0,346.0,0.0,346.0,1.0,0.0
IE,2020,Chemicals and man-made fibres,0.0,449.0,0.0,449.0,1.0,0.0
IE,2021,Chemicals and man-made fibres,0.0,415.0,0.0,415.0,1.0,0.0
IE,2022,Chemicals and man-made fibres,0.0,419.0,0.0,419.0,1.0,0.0
IE,2023,Chemicals and man-made fibres,0.0,344.0,0.0,344.0,1.0,0.0
IE,2024,Chemicals and man-made fibres,0.0,221.0,0.0,221.0,1.0,0.0
IT,2008,Chemicals and man-made fibres,,55967.0,9912.0,65879.0,0.849542342779945,0.15045765722005494
IT,2009,Chemicals and man-made fibres,179.0,43207.0,6308.0,49515.0,0.8726042613349491,0.127395738665051
IT,2010,Chemicals and man-made fibres,,44818.0,4986.0,49804.0,0.8998875592321902,0.10011244076780981
IT,2011,Chemicals and man-made fibres,226.0,60186.0,3624.0,63810.0,0.9432063939821345,0.05679360601786554
IT,2012,Chemicals and man-made fibres,202.0,59948.0,3980.0,63928.0,0.9377424602678013,0.062257539732198726
IT,2013,Chemicals and man-made fibres,168.0,61267.0,3586.0,64853.0,0.9447057190877831,0.05529428091221686
IT,2014,Chemicals and man-made fibres,235.0,62993.0,3564.0,66557.0,0.946451913397539,0.05354808660246105
IT,2015,Chemicals and man-made fibres,202.0,62648.0,5837.972606497418,68485.97260649742,0.9147566664484581,0.08524333355154186
IT,2016,Chemicals and man-made fibres,208.0,86911.0,5352.0,92263.0,0.9419919144185643,0.05800808558143568
IT,2017,Chemicals and man-made fibres,233.0,86889.0,5675.0,92564.0,0.9386910678017372,0.061308932198262826
IT,2018,Chemicals and man-made fibres,217.0,87962.0,6153.86642211608,94115.86642211609,0.9346139322086716,0.06538606779132829
IT,2019,Chemicals and man-made fibres,197.0,85671.0,6028.0,91699.0,0.9342631871667084,0.06573681283329152
IT,2020,Chemicals and man-made fibres,197.0,82039.0,6660.0,88699.0,0.9249145988117116,0.07508540118828848
IT,2021,Chemicals and man-made fibres,209.0,92432.0,6469.76023773474,98901.76023773474,0.9345839728010596,0.06541602719894042
IT,2022,Chemicals and man-made fibres,533.0,95384.0,8321.0,103705.0,0.9197627886794272,0.08023721132057278
IT,2023,Chemicals and man-made fibres,279.0,87827.0,7512.0,95339.0,0.9212074806742256,0.07879251932577434
IT,2024,Chemicals and man-made fibres,234.0,87461.0,7066.0,94527.0,0.9252488706930295,0.07475112930697049
LT,2008,Chemicals and man-made fibres,426.0,0.0,54970.0,54970.0,0.0,1.0
LT,2009,Chemicals and man-made fibres,215.0,0.0,42669.0,42669.0,0.0,1.0
LT,2010,Chemicals and man-made fibres,301.0,0.0,48061.0,48061.0,0.0,1.0
LT,2011,Chemicals and man-made fibres,315.0,0.0,52330.0,52330.0,0.0,1.0
LT,2012,Chemicals and man-made fibres,312.0,0.0,49377.0,49377.0,0.0,1.0
LT,2013,Chemicals and man-made fibres,332.0,0.0,48028.0,48028.0,0.0,1.0
LT,2014,Chemicals and man-made fibres,319.0,0.0,49000.0,49000.0,0.0,1.0
LT,2015,Chemicals and man-made fibres,281.0,0.0,48053.0,48053.0,0.0,1.0
LT,2016,Chemicals and man-made fibres,404.0,0.0,47651.0,47651.0,0.0,1.0
LT,2017,Chemicals and man-made fibres,441.0,0.0,52638.0,52638.0,0.0,1.0
LT,2018,Chemicals and man-made fibres,453.0,0.0,56776.0,56776.0,0.0,1.0
LT,2019,Chemicals and man-made fibres,458.0,0.0,55209.0,55209.0,0.0,1.0
LT,2020,Chemicals and man-made fibres,425.0,0.0,53430.0,53430.0,0.0,1.0
LT,2021,Chemicals and man-made fibres,452.0,0.0,51080.0,51080.0,0.0,1.0
LT,2022,Chemicals and man-made fibres,369.0,0.0,30977.0,30977.0,0.0,1.0
LT,2023,Chemicals and man-made fibres,263.0,0.0,27224.0,27224.0,0.0,1.0
LT,2024,Chemicals and man-made fibres,284.0,0.0,25658.0,25658.0,0.0,1.0
PL,2008,Chemicals and man-made fibres,1546.0,145750.0,71682.0,217432.0,0.6703245152507451,0.32967548474925495
PL,2009,Chemicals and man-made fibres,1206.0,49290.0,126860.0,176150.0,0.2798183366449049,0.720181663355095
PL,2010,Chemicals and man-made fibres,1145.0,131064.0,42225.0,173289.0,0.7563319079687689,0.24366809203123108
PL,2011,Chemicals and man-made fibres,1118.0,163944.0,60911.0,224855.0,0.7291098708056303,0.2708901291943697
PL,2012,Chemicals and man-made fibres,953.0,162465.0,47209.0,209674.0,0.7748457128685483,0.2251542871314517
PL,2013,Chemicals and man-made fibres,870.0,163724.0,43550.0,207274.0,0.7898916410162393,0.21010835898376062
PL,2014,Chemicals and man-made fibres,936.0,161028.0,41383.0,202411.0,0.7955496489815277,0.2044503510184723
PL,2015,Chemicals and man-made fibres,774.0,161412.0,34349.0,195761.0,0.8245360413974183,0.1754639586025817
PL,2016,Chemicals and man-made fibres,750.0,164081.0,36204.0,200285.0,0.819237586439324,0.18076241356067604
PL,2017,Chemicals and man-made fibres,940.0,189358.0,43790.0,233148.0,0.8121793881997701,0.1878206118002299
PL,2018,Chemicals and man-made fibres,918.0,197481.0,43658.0,241139.0,0.8189508955415756,0.1810491044584244
PL,2019,Chemicals and man-made fibres,754.0,187956.0,40730.0,228686.0,0.8218955248681599,0.17810447513184016
PL,2020,Chemicals and man-made fibres,775.0,177979.0,35276.0,213255.0,0.834583010949333,0.16541698905066704
PL,2021,Chemicals and man-made fibres,845.0,192914.0,38679.0,231593.0,0.8329871800961169,0.16701281990388311
PL,2022,Chemicals and man-made fibres,742.0,195859.0,38383.0,234242.0,0.836139547988832,0.16386045201116795
PL,2023,Chemicals and man-made fibres,778.0,192470.0,31894.0,224364.0,0.8578470699399191,0.14215293006008095
PL,2024,Chemicals and man-made fibres,1059.0,181102.0,35169.0,216271.0,0.8373845776826296,0.16261542231737033
RO,2008,Chemicals and man-made fibres,500.0,0.0,63212.0,63212.0,0.0,1.0
RO,2009,Chemicals and man-made fibres,160.0,0.0,46910.0,46910.0,0.0,1.0
RO,2010,Chemicals and man-made fibres,209.0,0.0,49441.0,49441.0,0.0,1.0
RO,2011,Chemicals and man-made fibres,402.0,0.0,57247.0,57247.0,0.0,1.0
RO,2012,Chemicals and man-made fibres,469.0,0.0,50433.0,50433.0,0.0,1.0
RO,2013,Chemicals and man-made fibres,441.0,0.0,47337.0,47337.0,0.0,1.0
RO,2014,Chemicals and man-made fibres,552.0,0.0,49273.0,49273.0,0.0,1.0
RO,2015,Chemicals and man-made fibres,763.0,0.0,49700.0,49700.0,0.0,1.0
RO,2016,Chemicals and man-made fibres,736.0,0.0,47875.0,47875.0,0.0,1.0
RO,2017,Chemicals and man-made fibres,581.0,0.0,56076.0,56076.0,0.0,1.0
RO,2018,Chemicals and man-made fibres,587.0,0.0,55002.0,55002.0,0.0,1.0
RO,2019,Chemicals and man-made fibres,803.0,0.0,58495.0,58495.0,0.0,1.0
RO,2020,Chemicals and man-made fibres,897.0,0.0,49184.0,49184.0,0.0,1.0
RO,2021,Chemicals and man-made fibres,1034.0,0.0,56808.0,56808.0,0.0,1.0
RO,2022,Chemicals and man-made fibres,865.0,0.0,53883.0,53883.0,0.0,1.0
RO,2023,Chemicals and man-made fibres,785.0,0.0,47298.0,47298.0,0.0,1.0
RO,2024,Chemicals and man-made fibres,824.0,0.0,41076.0,41076.0,0.0,1.0
SE,2008,Chemicals and man-made fibres,238.0,44866.0,20766.0,65632.0,0.6835994636762555,0.31640053632374454
SE,2009,Chemicals and man-made fibres,267.0,36606.0,19860.0,56466.0,0.6482839230687494,0.3517160769312507
SE,2010,Chemicals and man-made fibres,202.0,45453.0,22876.0,68329.0,0.6652080375828711,0.3347919624171289
SE,2011,Chemicals and man-made fibres,176.0,42593.0,25314.0,67907.0,0.6272254701282637,0.37277452987173637
SE,2012,Chemicals and man-made fibres,190.0,41885.0,23904.0,65789.0,0.6366565839274043,0.36334341607259574
SE,2013,Chemicals and man-made fibres,158.0,38082.0,28964.0,67046.0,0.5679980908629896,0.4320019091370104
SE,2014,Chemicals and man-made fibres,126.0,37687.0,30348.0,68035.0,0.5539354743881826,0.4460645256118174
SE,2015,Chemicals and man-made fibres,115.0,35929.0,29070.0,64999.0,0.552762350190003,0.4472376498099971
SE,2016,Chemicals and man-made fibres,142.0,39060.0,28419.0,67479.0,0.5788467523229449,0.4211532476770551
SE,2017,Chemicals and man-made fibres,139.0,40525.0,28825.0,69350.0,0.5843547224224946,0.4156452775775054
SE,2018,Chemicals and man-made fibres,105.0,36502.0,32621.0,69123.0,0.5280731449734531,0.47192685502654685
SE,2019,Chemicals and man-made fibres,65.0,35862.0,32358.0,68220.0,0.5256816182937555,0.4743183817062445
SE,2020,Chemicals and man-made fibres,110.0,37318.0,32487.0,69805.0,0.5346035384284793,0.46539646157152065
SE,2021,Chemicals and man-made fibres,137.0,39624.0,32834.0,72458.0,0.5468547296364791,0.4531452703635209
SE,2022,Chemicals and man-made fibres,129.0,36190.55180770137,33175.56896294597,69366.12077064734,0.5217323875925264,0.4782676124074736
SE,2023,Chemicals and man-made fibres,85.0,36693.0,31600.0,68293.0,0.5372878625920665,0.4627121374079335
SE,2024,Chemicals and man-made fibres,114.0,34408.0,31499.0,65907.0,0.522068975981307,0.47793102401869303
SI,2008,Chemicals and man-made fibres,89.0,8629.0,8605.0,17234.0,0.5006962980155506,0.49930370198444934
SI,2009,Chemicals and man-made fibres,58.0,7584.0,5484.0,13068.0,0.5803489439853077,0.4196510560146924
SI,2010,Chemicals and man-made fibres,45.0,9072.0,6494.0,15566.0,0.5828086855968135,0.4171913144031864
SI,2011,Chemicals and man-made fibres,35.0,9722.0,6515.0,16237.0,0.5987559278191784,0.4012440721808216
SI,2012,Chemicals and man-made fibres,34.0,9331.0,5442.0,14773.0,0.6316252623028498,0.36837473769715023
SI,2013,Chemicals and man-made fibres,26.0,10815.0,5216.0,16031.0,0.6746304035930385,0.3253695964069615
SI,2014,Chemicals and man-made fibres,30.0,11952.0,4930.0,16882.0,0.7079729889823481,0.29202701101765194
SI,2015,Chemicals and man-made fibres,37.0,11647.0,4797.0,16444.0,0.7082826562880078,0.2917173437119922
SI,2016,Chemicals and man-made fibres,35.0,12185.0,4715.0,16900.0,0.7210059171597634,0.2789940828402367
SI,2017,Chemicals and man-made fibres,31.0,13908.0,4662.0,18570.0,0.7489499192245558,0.2510500807754443
SI,2018,Chemicals and man-made fibres,40.0,13719.0,4609.0,18328.0,0.7485268441728503,0.25147315582714974
SI,2019,Chemicals and man-made fibres,37.0,14094.0,4333.0,18427.0,0.7648559179464915,0.23514408205350845
SI,2020,Chemicals and man-made fibres,31.0,12542.0,3959.0,16501.0,0.7600751469607903,0.23992485303920974
SI,2021,Chemicals and man-made fibres,33.0,12690.0,4003.0,16693.0,0.7601988857604984,0.2398011142395016
SI,2022,Chemicals and man-made fibres,33.0,13327.0,3905.0,17232.0,0.773386722376973,0.22661327762302694
SI,2023,Chemicals and man-made fibres,27.0,12518.0,3433.0,15951.0,0.7847783838003887,0.2152216161996113
SI,2024,Chemicals and man-made fibres,24.0,12064.0,3136.0,15200.0,0.7936842105263158,0.2063157894736842
SK,2008,Chemicals and man-made fibres,222.0,29516.0,15009.0,44525.0,0.662908478382931,0.33709152161706907
SK,2009,Chemicals and man-made fibres,96.0,26695.0,8851.0,35546.0,0.7509987059022112,0.2490012940977888
SK,2010,Chemicals and man-made fibres,75.0,30405.0,10074.0,40479.0,0.7511302156673831,0.24886978433261692
SK,2011,Chemicals and man-made fibres,64.0,27312.0,10172.0,37484.0,0.7286308825098708,0.2713691174901291
SK,2012,Chemicals and man-made fibres,51.0,26931.0,8353.0,35284.0,0.7632638022899898,0.2367361977100102
SK,2013,Chemicals and man-made fibres,66.0,27049.0,9259.0,36308.0,0.7449873306158422,0.2550126693841578
SK,2014,Chemicals and man-made fibres,77.0,27758.0,8259.0,36017.0,0.7706916178471277,0.22930838215287225
SK,2015,Chemicals and man-made fibres,96.0,29388.0,8136.0,37524.0,0.7831787655900224,0.2168212344099776
SK,2016,Chemicals and man-made fibres,57.0,35035.0,6247.0,41282.0,0.848674967298096,0.15132503270190398
SK,2017,Chemicals and man-made fibres,66.0,32628.0,7622.0,40250.0,0.8106335403726708,0.1893664596273292
SK,2018,Chemicals and man-made fibres,73.0,35686.0,6827.0,42513.0,0.8394138263589961,0.16058617364100392
SK,2019,Chemicals and man-made fibres,64.0,37636.0,7126.0,44762.0,0.8408024663777312,0.15919753362226888
SK,2020,Chemicals and man-made fibres,55.0,33761.0,5974.0,39735.0,0.849653957468227,0.150346042531773
SK,2021,Chemicals and man-made fibres,65.0,33617.0,6411.0,40028.0,0.8398371140201859,0.16016288597981412
SK,2022,Chemicals and man-made fibres,97.0,30698.0,6066.0,36764.0,0.835001632031335,0.164998367968665
SK,2023,Chemicals and man-made fibres,71.0,28842.0,4769.0,33611.0,0.858111927642736,0.141888072357264
SK,2024,Chemicals and man-made fibres,116.0,28468.0,3437.0,31905.0,0.8922739382541921,0.10772606174580787
DE,2008,Rubber and plastic products,15464.0,267134.0,104164.0,371298.0,0.7194598408825257,0.2805401591174744
DE,2009,Rubber and plastic products,10259.0,265869.85020946997,100361.31595838009,366231.16616785,0.7259618371409091,0.27403816285909094
DE,2010,Rubber and plastic products,12996.0,262955.0,92984.0,355939.0,0.738764226454533,0.26123577354546706
DE,2011,Rubber and plastic products,14340.0,269220.0,105581.0,374801.0,0.7183011784920531,0.2816988215079469
DE,2012,Rubber and plastic products,13081.0,270644.0,95560.0,366204.0,0.7390525499448395,0.2609474500551605
DE,2013,Rubber and plastic products,12417.0,267938.0,105337.0,373275.0,0.717803228182975,0.28219677181702496
DE,2014,Rubber and plastic products,12311.0,257216.0,107810.0,365026.0,0.7046511755327017,0.2953488244672982
DE,2015,Rubber and plastic products,12296.0,261849.28744763264,106037.29621925285,367886.5836668855,0.7117663406957301,0.28823365930426986
DE,2016,Rubber and plastic products,13893.0,243435.0,106359.0,349794.0,0.6959381807578174,0.30406181924218256
DE,2017,Rubber and plastic products,14513.0,240100.0,124033.0,364133.0,0.6593744593321671,0.3406255406678329
DE,2018,Rubber and plastic products,14291.0,280570.0,107325.0,387895.0,0.7233142989726601,0.27668570102733986
DE,2019,Rubber and plastic products,12802.0,267322.0,99868.0,367190.0,0.7280209156022768,0.2719790843977232
DE,2020,Rubber and plastic products,9461.0,258498.8184794349,110767.27976998014,369266.09824941505,0.700033985532124,0.29996601446787596
DE,2021,Rubber and plastic products,11166.0,257828.72468579534,111713.27648012561,369542.001165921,0.6976980258599417,0.3023019741400582
DE,2022,Rubber and plastic products,10547.0,257158.6308921558,112659.27319027107,369817.90408242686,0.6953655516765868,0.30463444832341324
DE,2023,Rubber and plastic products,12003.0,256488.53709851624,113605.26990041653,370093.8069989328,0.6930365551868202,0.30696344481317983
DE,2024,Rubber and plastic products,11724.0,255818.4433048767,114551.26661056199,370369.70991543867,0.6907110286186312,0.30928897138136885
FI,2008,Rubber and plastic products,1030.0,0.0,41937.0,41937.0,0.0,1.0
FI,2009,Rubber and plastic products,704.0,0.0,32860.0,32860.0,0.0,1.0
FI,2010,Rubber and plastic products,891.0,0.0,35795.0,35795.0,0.0,1.0
FI,2011,Rubber and plastic products,867.0,0.0,34827.0,34827.0,0.0,1.0
FI,2012,Rubber and plastic products,835.0,0.0,35267.0,35267.0,0.0,1.0
FI,2013,Rubber and plastic products,751.0,0.0,36433.0,36433.0,0.0,1.0
FI,2014,Rubber and plastic products,714.0,0.0,37008.0,37008.0,0.0,1.0
FI,2015,Rubber and plastic products,778.0,0.0,33392.0,33392.0,0.0,1.0
FI,2016,Rubber and plastic products,844.0,0.0,36147.0,36147.0,0.0,1.0
FI,2017,Rubber and plastic products,957.0,0.0,38406.0,38406.0,0.0,1.0
FI,2018,Rubber and plastic products,902.0,0.0,39430.0,39430.0,0.0,1.0
FI,2019,Rubber and plastic products,767.0,0.0,36907.0,36907.0,0.0,1.0
FI,2020,Rubber and plastic products,849.0,0.0,36589.0,36589.0,0.0,1.0
FI,2021,Rubber and plastic products,908.0,0.0,37352.0,37352.0,0.0,1.0
FI,2022,Rubber and plastic products,747.0,0.0,33029.534449823506,33029.534449823506,0.0,1.0
FI,2023,Rubber and plastic products,677.0,0.0,27066.0,27066.0,0.0,1.0
FI,2024,Rubber and plastic products,711.0,0.0,26640.0,26640.0,0.0,1.0
HR,2008,Rubber and plastic products,409.0,0.0,0.0,0.0,,
HR,2009,Rubber and plastic products,333.0,0.0,0.0,0.0,,
HR,2010,Rubber and plastic products,281.0,0.0,0.0,0.0,,
HR,2011,Rubber and plastic products,256.0,0.0,0.0,0.0,,
HR,2012,Rubber and plastic products,226.0,0.0,0.0,0.0,,
HR,2013,Rubber and plastic products,221.0,0.0,0.0,0.0,,
HR,2014,Rubber and plastic products,206.0,0.0,0.0,0.0,,
HR,2015,Rubber and plastic products,187.0,0.0,0.0,0.0,,
HR,2016,Rubber and plastic products,185.0,0.0,0.0,0.0,,
HR,2017,Rubber and plastic products,135.0,0.0,0.0,0.0,,
HR,2018,Rubber and plastic products,182.0,0.0,0.0,0.0,,
HR,2019,Rubber and plastic products,155.0,0.0,0.0,0.0,,
HR,2020,Rubber and plastic products,106.0,0.0,0.0,0.0,,
HR,2021,Rubber and plastic products,134.0,0.0,0.0,0.0,,
HR,2022,Rubber and plastic products,122.0,0.0,0.0,0.0,,
HR,2023,Rubber and plastic products,120.0,0.0,0.0,0.0,,
HR,2024,Rubber and plastic products,78.0,0.0,0.0,0.0,,
IE,2008,Rubber and plastic products,0.0,679.9249995366081,0.0,679.9249995366081,1.0,0.0
IE,2009,Rubber and plastic products,0.0,631.0,0.0,631.0,1.0,0.0
IE,2010,Rubber and plastic products,0.0,568.0,0.0,568.0,1.0,0.0
IE,2011,Rubber and plastic products,0.0,611.0,0.0,611.0,1.0,0.0
IE,2012,Rubber and plastic products,0.0,567.0,0.0,567.0,1.0,0.0
IE,2013,Rubber and plastic products,0.0,589.0,0.0,589.0,1.0,0.0
IE,2014,Rubber and plastic products,0.0,578.0,0.0,578.0,1.0,0.0
IE,2015,Rubber and plastic products,0.0,540.0,0.0,540.0,1.0,0.0
IE,2016,Rubber and plastic products,0.0,581.0,0.0,581.0,1.0,0.0
IE,2017,Rubber and plastic products,0.0,546.0,0.0,546.0,1.0,0.0
IE,2018,Rubber and plastic products,0.0,516.0,0.0,516.0,1.0,0.0
IE,2019,Rubber and plastic products,0.0,346.0,0.0,346.0,1.0,0.0
IE,2020,Rubber and plastic products,0.0,449.0,0.0,449.0,1.0,0.0
IE,2021,Rubber and plastic products,0.0,415.0,0.0,415.0,1.0,0.0
IE,2022,Rubber and plastic products,0.0,419.0,0.0,419.0,1.0,0.0
IE,2023,Rubber and plastic products,0.0,344.0,0.0,344.0,1.0,0.0
IE,2024,Rubber and plastic products,0.0,221.0,0.0,221.0,1.0,0.0
IT,2008,Rubber and plastic products,,55967.0,9912.0,65879.0,0.849542342779945,0.15045765722005494
IT,2009,Rubber and plastic products,2189.0,43207.0,6308.0,49515.0,0.8726042613349491,0.127395738665051
IT,2010,Rubber and plastic products,2448.0,44818.0,4986.0,49804.0,0.8998875592321902,0.10011244076780981
IT,2011,Rubber and plastic products,2489.0,60186.0,3624.0,63810.0,0.9432063939821345,0.05679360601786554
IT,2012,Rubber and plastic products,2180.0,59948.0,3980.0,63928.0,0.9377424602678013,0.062257539732198726
IT,2013,Rubber and plastic products,2755.0,61267.0,3586.0,64853.0,0.9447057190877831,0.05529428091221686
IT,2014,Rubber and plastic products,2727.0,62993.0,3564.0,66557.0,0.946451913397539,0.05354808660246105
IT,2015,Rubber and plastic products,2669.0,62648.0,5837.972606497418,68485.97260649742,0.9147566664484581,0.08524333355154186
IT,2016,Rubber and plastic products,3929.0,86911.0,5352.0,92263.0,0.9419919144185643,0.05800808558143568
IT,2017,Rubber and plastic products,3859.0,86889.0,5675.0,92564.0,0.9386910678017372,0.061308932198262826
IT,2018,Rubber and plastic products,3533.0,87962.0,6153.86642211608,94115.86642211609,0.9346139322086716,0.06538606779132829
IT,2019,Rubber and plastic products,2964.0,85671.0,6028.0,91699.0,0.9342631871667084,0.06573681283329152
IT,2020,Rubber and plastic products,2370.0,82039.0,6660.0,88699.0,0.9249145988117116,0.07508540118828848
IT,2021,Rubber and plastic products,2940.0,92432.0,6469.76023773474,98901.76023773474,0.9345839728010596,0.06541602719894042
IT,2022,Rubber and plastic products,2631.0,95384.0,8321.0,103705.0,0.9197627886794272,0.08023721132057278
IT,2023,Rubber and plastic products,2980.0,87827.0,7512.0,95339.0,0.9212074806742256,0.07879251932577434
IT,2024,Rubber and plastic products,3238.0,87461.0,7066.0,94527.0,0.9252488706930295,0.07475112930697049
LT,2008,Rubber and plastic products,891.0,0.0,54970.0,54970.0,0.0,1.0
LT,2009,Rubber and plastic products,336.0,0.0,42669.0,42669.0,0.0,1.0
LT,2010,Rubber and plastic products,512.0,0.0,48061.0,48061.0,0.0,1.0
LT,2011,Rubber and plastic products,878.0,0.0,52330.0,52330.0,0.0,1.0
LT,2012,Rubber and plastic products,827.0,0.0,49377.0,49377.0,0.0,1.0
LT,2013,Rubber and plastic products,685.0,0.0,48028.0,48028.0,0.0,1.0
LT,2014,Rubber and plastic products,714.0,0.0,49000.0,49000.0,0.0,1.0
LT,2015,Rubber and plastic products,1050.0,0.0,48053.0,48053.0,0.0,1.0
LT,2016,Rubber and plastic products,846.0,0.0,47651.0,47651.0,0.0,1.0
LT,2017,Rubber and plastic products,925.0,0.0,52638.0,52638.0,0.0,1.0
LT,2018,Rubber and plastic products,1039.0,0.0,56776.0,56776.0,0.0,1.0
LT,2019,Rubber and plastic products,702.0,0.0,55209.0,55209.0,0.0,1.0
LT,2020,Rubber and plastic products,556.0,0.0,53430.0,53430.0,0.0,1.0
LT,2021,Rubber and plastic products,530.0,0.0,51080.0,51080.0,0.0,1.0
LT,2022,Rubber and plastic products,300.0,0.0,30977.0,30977.0,0.0,1.0
LT,2023,Rubber and plastic products,184.0,0.0,27224.0,27224.0,0.0,1.0
LT,2024,Rubber and plastic products,92.0,0.0,25658.0,25658.0,0.0,1.0
PL,2008,Rubber and plastic products,3420.0,145750.0,71682.0,217432.0,0.6703245152507451,0.32967548474925495
PL,2009,Rubber and plastic products,1909.0,49290.0,126860.0,176150.0,0.2798183366449049,0.720181663355095
PL,2010,Rubber and plastic products,1866.0,131064.0,42225.0,173289.0,0.7563319079687689,0.24366809203123108
PL,2011,Rubber and plastic products,1963.0,163944.0,60911.0,224855.0,0.7291098708056303,0.2708901291943697
PL,2012,Rubber and plastic products,2173.0,162465.0,47209.0,209674.0,0.7748457128685483,0.2251542871314517
PL,2013,Rubber and plastic products,1772.0,163724.0,43550.0,207274.0,0.7898916410162393,0.21010835898376062
PL,2014,Rubber and plastic products,1920.0,161028.0,41383.0,202411.0,0.7955496489815277,0.2044503510184723
PL,2015,Rubber and plastic products,1882.0,161412.0,34349.0,195761.0,0.8245360413974183,0.1754639586025817
PL,2016,Rubber and plastic products,2213.0,164081.0,36204.0,200285.0,0.819237586439324,0.18076241356067604
PL,2017,Rubber and plastic products,2446.0,189358.0,43790.0,233148.0,0.8121793881997701,0.1878206118002299
PL,2018,Rubber and plastic products,2599.0,197481.0,43658.0,241139.0,0.8189508955415756,0.1810491044584244
PL,2019,Rubber and plastic products,2072.0,187956.0,40730.0,228686.0,0.8218955248681599,0.17810447513184016
PL,2020,Rubber and plastic products,1959.0,177979.0,35276.0,213255.0,0.834583010949333,0.16541698905066704
PL,2021,Rubber and plastic products,2118.0,192914.0,38679.0,231593.0,0.8329871800961169,0.16701281990388311
PL,2022,Rubber and plastic products,2519.0,195859.0,38383.0,234242.0,0.836139547988832,0.16386045201116795
PL,2023,Rubber and plastic products,2630.0,192470.0,31894.0,224364.0,0.8578470699399191,0.14215293006008095
PL,2024,Rubber and plastic products,2156.0,181102.0,35169.0,216271.0,0.8373845776826296,0.16261542231737033
RO,2008,Rubber and plastic products,1279.0,0.0,63212.0,63212.0,0.0,1.0
RO,2009,Rubber and plastic products,396.0,0.0,46910.0,46910.0,0.0,1.0
RO,2010,Rubber and plastic products,618.0,0.0,49441.0,49441.0,0.0,1.0
RO,2011,Rubber and plastic products,826.0,0.0,57247.0,57247.0,0.0,1.0
RO,2012,Rubber and plastic products,792.0,0.0,50433.0,50433.0,0.0,1.0
RO,2013,Rubber and plastic products,917.0,0.0,47337.0,47337.0,0.0,1.0
RO,2014,Rubber and plastic products,1013.0,0.0,49273.0,49273.0,0.0,1.0
RO,2015,Rubber and plastic products,841.0,0.0,49700.0,49700.0,0.0,1.0
RO,2016,Rubber and plastic products,841.0,0.0,47875.0,47875.0,0.0,1.0
RO,2017,Rubber and plastic products,930.0,0.0,56076.0,56076.0,0.0,1.0
RO,2018,Rubber and plastic products,1074.0,0.0,55002.0,55002.0,0.0,1.0
RO,2019,Rubber and plastic products,794.0,0.0,58495.0,58495.0,0.0,1.0
RO,2020,Rubber and plastic products,781.0,0.0,49184.0,49184.0,0.0,1.0
RO,2021,Rubber and plastic products,868.0,0.0,56808.0,56808.0,0.0,1.0
RO,2022,Rubber and plastic products,944.0,0.0,53883.0,53883.0,0.0,1.0
RO,2023,Rubber and plastic products,823.0,0.0,47298.0,47298.0,0.0,1.0
RO,2024,Rubber and plastic products,811.0,0.0,41076.0,41076.0,0.0,1.0
SE,2008,Rubber and plastic products,4016.0,44866.0,20766.0,65632.0,0.6835994636762555,0.31640053632374454
SE,2009,Rubber and plastic products,2912.0,36606.0,19860.0,56466.0,0.6482839230687494,0.3517160769312507
SE,2010,Rubber and plastic products,4030.0,45453.0,22876.0,68329.0,0.6652080375828711,0.3347919624171289
SE,2011,Rubber and plastic products,3562.0,42593.0,25314.0,67907.0,0.6272254701282637,0.37277452987173637
SE,2012,Rubber and plastic products,2851.0,41885.0,23904.0,65789.0,0.6366565839274043,0.36334341607259574
SE,2013,Rubber and plastic products,3127.0,38082.0,28964.0,67046.0,0.5679980908629896,0.4320019091370104
SE,2014,Rubber and plastic products,2603.0,37687.0,30348.0,68035.0,0.5539354743881826,0.4460645256118174
SE,2015,Rubber and plastic products,3118.0,35929.0,29070.0,64999.0,0.552762350190003,0.4472376498099971
SE,2016,Rubber and plastic products,3247.0,39060.0,28419.0,67479.0,0.5788467523229449,0.4211532476770551
SE,2017,Rubber and plastic products,3317.0,40525.0,28825.0,69350.0,0.5843547224224946,0.4156452775775054
SE,2018,Rubber and plastic products,3233.0,36502.0,32621.0,69123.0,0.5280731449734531,0.47192685502654685
SE,2019,Rubber and plastic products,2871.0,35862.0,32358.0,68220.0,0.5256816182937555,0.4743183817062445
SE,2020,Rubber and plastic products,2957.0,37318.0,32487.0,69805.0,0.5346035384284793,0.46539646157152065
SE,2021,Rubber and plastic products,3401.0,39624.0,32834.0,72458.0,0.5468547296364791,0.4531452703635209
SE,2022,Rubber and plastic products,3075.0,36190.55180770137,33175.56896294597,69366.12077064734,0.5217323875925264,0.4782676124074736
SE,2023,Rubber and plastic products,3278.0,36693.0,31600.0,68293.0,0.5372878625920665,0.4627121374079335
SE,2024,Rubber and plastic products,3059.0,34408.0,31499.0,65907.0,0.522068975981307,0.47793102401869303
SI,2008,Rubber and plastic products,393.0,8629.0,8605.0,17234.0,0.5006962980155506,0.49930370198444934
SI,2009,Rubber and plastic products,261.0,7584.0,5484.0,13068.0,0.5803489439853077,0.4196510560146924
SI,2010,Rubber and plastic products,268.0,9072.0,6494.0,15566.0,0.5828086855968135,0.4171913144031864
SI,2011,Rubber and plastic products,320.0,9722.0,6515.0,16237.0,0.5987559278191784,0.4012440721808216
SI,2012,Rubber and plastic products,270.0,9331.0,5442.0,14773.0,0.6316252623028498,0.36837473769715023
SI,2013,Rubber and plastic products,356.0,10815.0,5216.0,16031.0,0.6746304035930385,0.3253695964069615
SI,2014,Rubber and plastic products,366.0,11952.0,4930.0,16882.0,0.7079729889823481,0.29202701101765194
SI,2015,Rubber and plastic products,335.0,11647.0,4797.0,16444.0,0.7082826562880078,0.2917173437119922
SI,2016,Rubber and plastic products,372.0,12185.0,4715.0,16900.0,0.7210059171597634,0.2789940828402367
SI,2017,Rubber and plastic products,392.0,13908.0,4662.0,18570.0,0.7489499192245558,0.2510500807754443
SI,2018,Rubber and plastic products,405.0,13719.0,4609.0,18328.0,0.7485268441728503,0.25147315582714974
SI,2019,Rubber and plastic products,339.0,14094.0,4333.0,18427.0,0.7648559179464915,0.23514408205350845
SI,2020,Rubber and plastic products,217.0,12542.0,3959.0,16501.0,0.7600751469607903,0.23992485303920974
SI,2021,Rubber and plastic products,218.0,12690.0,4003.0,16693.0,0.7601988857604984,0.2398011142395016
SI,2022,Rubber and plastic products,231.0,13327.0,3905.0,17232.0,0.773386722376973,0.22661327762302694
SI,2023,Rubber and plastic products,196.0,12518.0,3433.0,15951.0,0.7847783838003887,0.2152216161996113
SI,2024,Rubber and plastic products,155.0,12064.0,3136.0,15200.0,0.7936842105263158,0.2063157894736842
SK,2008,Rubber and plastic products,1278.0,29516.0,15009.0,44525.0,0.662908478382931,0.33709152161706907
SK,2009,Rubber and plastic products,706.0,26695.0,8851.0,35546.0,0.7509987059022112,0.2490012940977888
SK,2010,Rubber and plastic products,1025.0,30405.0,10074.0,40479.0,0.7511302156673831,0.24886978433261692
SK,2011,Rubber and plastic products,893.0,27312.0,10172.0,37484.0,0.7286308825098708,0.2713691174901291
SK,2012,Rubber and plastic products,850.0,26931.0,8353.0,35284.0,0.7632638022899898,0.2367361977100102
SK,2013,Rubber and plastic products,750.0,27049.0,9259.0,36308.0,0.7449873306158422,0.2550126693841578
SK,2014,Rubber and plastic products,811.0,27758.0,8259.0,36017.0,0.7706916178471277,0.22930838215287225
SK,2015,Rubber and plastic products,857.0,29388.0,8136.0,37524.0,0.7831787655900224,0.2168212344099776
SK,2016,Rubber and plastic products,884.0,35035.0,6247.0,41282.0,0.848674967298096,0.15132503270190398
SK,2017,Rubber and plastic products,906.0,32628.0,7622.0,40250.0,0.8106335403726708,0.1893664596273292
SK,2018,Rubber and plastic products,742.0,35686.0,6827.0,42513.0,0.8394138263589961,0.16058617364100392
SK,2019,Rubber and plastic products,622.0,37636.0,7126.0,44762.0,0.8408024663777312,0.15919753362226888
SK,2020,Rubber and plastic products,519.0,33761.0,5974.0,39735.0,0.849653957468227,0.150346042531773
SK,2021,Rubber and plastic products,686.0,33617.0,6411.0,40028.0,0.8398371140201859,0.16016288597981412
SK,2022,Rubber and plastic products,519.0,30698.0,6066.0,36764.0,0.835001632031335,0.164998367968665
SK,2023,Rubber and plastic products,485.0,28842.0,4769.0,33611.0,0.858111927642736,0.141888072357264
SK,2024,Rubber and plastic products,509.0,28468.0,3437.0,31905.0,0.8922739382541921,0.10772606174580787
DE,2008,Non-metallic mineral products,615.0,267134.0,104164.0,371298.0,0.7194598408825257,0.2805401591174744
DE,2009,Non-metallic mineral products,436.0,265869.85020946997,100361.31595838009,366231.16616785,0.7259618371409091,0.27403816285909094
DE,2010,Non-metallic mineral products,486.0,262955.0,92984.0,355939.0,0.738764226454533,0.26123577354546706
DE,2011,Non-metallic mineral products,393.0,269220.0,105581.0,374801.0,0.7183011784920531,0.2816988215079469
DE,2012,Non-metallic mineral products,381.0,270644.0,95560.0,366204.0,0.7390525499448395,0.2609474500551605
DE,2013,Non-metallic mineral products,373.0,267938.0,105337.0,373275.0,0.717803228182975,0.28219677181702496
DE,2014,Non-metallic mineral products,447.0,257216.0,107810.0,365026.0,0.7046511755327017,0.2953488244672982
DE,2015,Non-metallic mineral products,486.0,261849.28744763264,106037.29621925285,367886.5836668855,0.7117663406957301,0.28823365930426986
DE,2016,Non-metallic mineral products,392.0,243435.0,106359.0,349794.0,0.6959381807578174,0.30406181924218256
DE,2017,Non-metallic mineral products,414.0,240100.0,124033.0,364133.0,0.6593744593321671,0.3406255406678329
DE,2018,Non-metallic mineral products,361.0,280570.0,107325.0,387895.0,0.7233142989726601,0.27668570102733986
DE,2019,Non-metallic mineral products,329.0,267322.0,99868.0,367190.0,0.7280209156022768,0.2719790843977232
DE,2020,Non-metallic mineral products,180.0,258498.8184794349,110767.27976998014,369266.09824941505,0.700033985532124,0.29996601446787596
DE,2021,Non-metallic mineral products,216.0,257828.72468579534,111713.27648012561,369542.001165921,0.6976980258599417,0.3023019741400582
DE,2022,Non-metallic mineral products,217.0,257158.6308921558,112659.27319027107,369817.90408242686,0.6953655516765868,0.30463444832341324
DE,2023,Non-metallic mineral products,290.0,256488.53709851624,113605.26990041653,370093.8069989328,0.6930365551868202,0.30696344481317983
DE,2024,Non-metallic mineral products,266.0,255818.4433048767,114551.26661056199,370369.70991543867,0.6907110286186312,0.30928897138136885
FI,2008,Non-metallic mineral products,38.0,0.0,41937.0,41937.0,0.0,1.0
FI,2009,Non-metallic mineral products,20.0,0.0,32860.0,32860.0,0.0,1.0
FI,2010,Non-metallic mineral products,16.0,0.0,35795.0,35795.0,0.0,1.0
FI,2011,Non-metallic mineral products,20.0,0.0,34827.0,34827.0,0.0,1.0
FI,2012,Non-metallic mineral products,17.0,0.0,35267.0,35267.0,0.0,1.0
FI,2013,Non-metallic mineral products,14.0,0.0,36433.0,36433.0,0.0,1.0
FI,2014,Non-metallic mineral products,12.0,0.0,37008.0,37008.0,0.0,1.0
FI,2015,Non-metallic mineral products,16.0,0.0,33392.0,33392.0,0.0,1.0
FI,2016,Non-metallic mineral products,15.0,0.0,36147.0,36147.0,0.0,1.0
FI,2017,Non-metallic mineral products,15.0,0.0,38406.0,38406.0,0.0,1.0
FI,2018,Non-metallic mineral products,17.0,0.0,39430.0,39430.0,0.0,1.0
FI,2019,Non-metallic mineral products,18.0,0.0,36907.0,36907.0,0.0,1.0
FI,2020,Non-metallic mineral products,22.0,0.0,36589.0,36589.0,0.0,1.0
FI,2021,Non-metallic mineral products,36.0,0.0,37352.0,37352.0,0.0,1.0
FI,2022,Non-metallic mineral products,19.0,0.0,33029.534449823506,33029.534449823506,0.0,1.0
FI,2023,Non-metallic mineral products,25.0,0.0,27066.0,27066.0,0.0,1.0
FI,2024,Non-metallic mineral products,20.0,0.0,26640.0,26640.0,0.0,1.0
HR,2008,Non-metallic mineral products,13.0,0.0,0.0,0.0,,
HR,2009,Non-metallic mineral products,10.0,0.0,0.0,0.0,,
HR,2010,Non-metallic mineral products,9.0,0.0,0.0,0.0,,
HR,2011,Non-metallic mineral products,7.0,0.0,0.0,0.0,,
HR,2012,Non-metallic mineral products,6.0,0.0,0.0,0.0,,
HR,2013,Non-metallic mineral products,8.0,0.0,0.0,0.0,,
HR,2014,Non-metallic mineral products,6.0,0.0,0.0,0.0,,
HR,2015,Non-metallic mineral products,5.0,0.0,0.0,0.0,,
HR,2016,Non-metallic mineral products,8.0,0.0,0.0,0.0,,
HR,2017,Non-metallic mineral products,5.0,0.0,0.0,0.0,,
HR,2018,Non-metallic mineral products,5.0,0.0,0.0,0.0,,
HR,2019,Non-metallic mineral products,10.0,0.0,0.0,0.0,,
HR,2020,Non-metallic mineral products,24.0,0.0,0.0,0.0,,
HR,2021,Non-metallic mineral products,8.0,0.0,0.0,0.0,,
HR,2022,Non-metallic mineral products,9.0,0.0,0.0,0.0,,
HR,2023,Non-metallic mineral products,6.0,0.0,0.0,0.0,,
HR,2024,Non-metallic mineral products,7.0,0.0,0.0,0.0,,
IE,2008,Non-metallic mineral products,0.0,679.9249995366081,0.0,679.9249995366081,1.0,0.0
IE,2009,Non-metallic mineral products,0.0,631.0,0.0,631.0,1.0,0.0
IE,2010,Non-metallic mineral products,0.0,568.0,0.0,568.0,1.0,0.0
IE,2011,Non-metallic mineral products,0.0,611.0,0.0,611.0,1.0,0.0
IE,2012,Non-metallic mineral products,0.0,567.0,0.0,567.0,1.0,0.0
IE,2013,Non-metallic mineral products,0.0,589.0,0.0,589.0,1.0,0.0
IE,2014,Non-metallic mineral products,0.0,578.0,0.0,578.0,1.0,0.0
IE,2015,Non-metallic mineral products,0.0,540.0,0.0,540.0,1.0,0.0
IE,2016,Non-metallic mineral products,0.0,581.0,0.0,581.0,1.0,0.0
IE,2017,Non-metallic mineral products,0.0,546.0,0.0,546.0,1.0,0.0
IE,2018,Non-metallic mineral products,0.0,516.0,0.0,516.0,1.0,0.0
IE,2019,Non-metallic mineral products,0.0,346.0,0.0,346.0,1.0,0.0
IE,2020,Non-metallic mineral products,0.0,449.0,0.0,449.0,1.0,0.0
IE,2021,Non-metallic mineral products,0.0,415.0,0.0,415.0,1.0,0.0
IE,2022,Non-metallic mineral products,0.0,419.0,0.0,419.0,1.0,0.0
IE,2023,Non-metallic mineral products,0.0,344.0,0.0,344.0,1.0,0.0
IE,2024,Non-metallic mineral products,0.0,221.0,0.0,221.0,1.0,0.0
IT,2008,Non-metallic mineral products,,55967.0,9912.0,65879.0,0.849542342779945,0.15045765722005494
IT,2009,Non-metallic mineral products,62.0,43207.0,6308.0,49515.0,0.8726042613349491,0.127395738665051
IT,2010,Non-metallic mineral products,,44818.0,4986.0,49804.0,0.8998875592321902,0.10011244076780981
IT,2011,Non-metallic mineral products,112.0,60186.0,3624.0,63810.0,0.9432063939821345,0.05679360601786554
IT,2012,Non-metallic mineral products,113.0,59948.0,3980.0,63928.0,0.9377424602678013,0.062257539732198726
IT,2013,Non-metallic mineral products,107.0,61267.0,3586.0,64853.0,0.9447057190877831,0.05529428091221686
IT,2014,Non-metallic mineral products,26.0,62993.0,3564.0,66557.0,0.946451913397539,0.05354808660246105
IT,2015,Non-metallic mineral products,40.0,62648.0,5837.972606497418,68485.97260649742,0.9147566664484581,0.08524333355154186
IT,2016,Non-metallic mineral products,53.0,86911.0,5352.0,92263.0,0.9419919144185643,0.05800808558143568
IT,2017,Non-metallic mineral products,72.0,86889.0,5675.0,92564.0,0.9386910678017372,0.061308932198262826
IT,2018,Non-metallic mineral products,56.0,87962.0,6153.86642211608,94115.86642211609,0.9346139322086716,0.06538606779132829
IT,2019,Non-metallic mineral products,82.0,85671.0,6028.0,91699.0,0.9342631871667084,0.06573681283329152
IT,2020,Non-metallic mineral products,91.0,82039.0,6660.0,88699.0,0.9249145988117116,0.07508540118828848
IT,2021,Non-metallic mineral products,87.0,92432.0,6469.76023773474,98901.76023773474,0.9345839728010596,0.06541602719894042
IT,2022,Non-metallic mineral products,76.0,95384.0,8321.0,103705.0,0.9197627886794272,0.08023721132057278
IT,2023,Non-metallic mineral products,122.0,87827.0,7512.0,95339.0,0.9212074806742256,0.07879251932577434
IT,2024,Non-metallic mineral products,104.0,87461.0,7066.0,94527.0,0.9252488706930295,0.07475112930697049
LT,2008,Non-metallic mineral products,58.0,0.0,54970.0,54970.0,0.0,1.0
LT,2009,Non-metallic mineral products,28.0,0.0,42669.0,42669.0,0.0,1.0
LT,2010,Non-metallic mineral products,39.0,0.0,48061.0,48061.0,0.0,1.0
LT,2011,Non-metallic mineral products,42.0,0.0,52330.0,52330.0,0.0,1.0
LT,2012,Non-metallic mineral products,31.0,0.0,49377.0,49377.0,0.0,1.0
LT,2013,Non-metallic mineral products,29.0,0.0,48028.0,48028.0,0.0,1.0
LT,2014,Non-metallic mineral products,27.0,0.0,49000.0,49000.0,0.0,1.0
LT,2015,Non-metallic mineral products,24.0,0.0,48053.0,48053.0,0.0,1.0
LT,2016,Non-metallic mineral products,25.0,0.0,47651.0,47651.0,0.0,1.0
LT,2017,Non-metallic mineral products,31.0,0.0,52638.0,52638.0,0.0,1.0
LT,2018,Non-metallic mineral products,35.0,0.0,56776.0,56776.0,0.0,1.0
LT,2019,Non-metallic mineral products,35.0,0.0,55209.0,55209.0,0.0,1.0
LT,2020,Non-metallic mineral products,58.0,0.0,53430.0,53430.0,0.0,1.0
LT,2021,Non-metallic mineral products,111.0,0.0,51080.0,51080.0,0.0,1.0
LT,2022,Non-metallic mineral products,34.0,0.0,30977.0,30977.0,0.0,1.0
LT,2023,Non-metallic mineral products,12.0,0.0,27224.0,27224.0,0.0,1.0
LT,2024,Non-metallic mineral products,6.0,0.0,25658.0,25658.0,0.0,1.0
PL,2008,Non-metallic mineral products,122.0,145750.0,71682.0,217432.0,0.6703245152507451,0.32967548474925495
PL,2009,Non-metallic mineral products,75.0,49290.0,126860.0,176150.0,0.2798183366449049,0.720181663355095
PL,2010,Non-metallic mineral products,34.0,131064.0,42225.0,173289.0,0.7563319079687689,0.24366809203123108
PL,2011,Non-metallic mineral products,46.0,163944.0,60911.0,224855.0,0.7291098708056303,0.2708901291943697
PL,2012,Non-metallic mineral products,69.0,162465.0,47209.0,209674.0,0.7748457128685483,0.2251542871314517
PL,2013,Non-metallic mineral products,137.0,163724.0,43550.0,207274.0,0.7898916410162393,0.21010835898376062
PL,2014,Non-metallic mineral products,64.0,161028.0,41383.0,202411.0,0.7955496489815277,0.2044503510184723
PL,2015,Non-metallic mineral products,48.0,161412.0,34349.0,195761.0,0.8245360413974183,0.1754639586025817
PL,2016,Non-metallic mineral products,41.0,164081.0,36204.0,200285.0,0.819237586439324,0.18076241356067604
PL,2017,Non-metallic mineral products,57.0,189358.0,43790.0,233148.0,0.8121793881997701,0.1878206118002299
PL,2018,Non-metallic mineral products,51.0,197481.0,43658.0,241139.0,0.8189508955415756,0.1810491044584244
PL,2019,Non-metallic mineral products,57.0,187956.0,40730.0,228686.0,0.8218955248681599,0.17810447513184016
PL,2020,Non-metallic mineral products,60.0,177979.0,35276.0,213255.0,0.834583010949333,0.16541698905066704
PL,2021,Non-metallic mineral products,82.0,192914.0,38679.0,231593.0,0.8329871800961169,0.16701281990388311
PL,2022,Non-metallic mineral products,46.0,195859.0,38383.0,234242.0,0.836139547988832,0.16386045201116795
PL,2023,Non-metallic mineral products,40.0,192470.0,31894.0,224364.0,0.8578470699399191,0.14215293006008095
PL,2024,Non-metallic mineral products,56.0,181102.0,35169.0,216271.0,0.8373845776826296,0.16261542231737033
RO,2008,Non-metallic mineral products,14.0,0.0,63212.0,63212.0,0.0,1.0
RO,2009,Non-metallic mineral products,5.0,0.0,46910.0,46910.0,0.0,1.0
RO,2010,Non-metallic mineral products,3.0,0.0,49441.0,49441.0,0.0,1.0
RO,2011,Non-metallic mineral products,22.0,0.0,57247.0,57247.0,0.0,1.0
RO,2012,Non-metallic mineral products,2.0,0.0,50433.0,50433.0,0.0,1.0
RO,2013,Non-metallic mineral products,7.0,0.0,47337.0,47337.0,0.0,1.0
RO,2014,Non-metallic mineral products,35.0,0.0,49273.0,49273.0,0.0,1.0
RO,2015,Non-metallic mineral products,27.0,0.0,49700.0,49700.0,0.0,1.0
RO,2016,Non-metallic mineral products,98.0,0.0,47875.0,47875.0,0.0,1.0
RO,2017,Non-metallic mineral products,110.0,0.0,56076.0,56076.0,0.0,1.0
RO,2018,Non-metallic mineral products,7.0,0.0,55002.0,55002.0,0.0,1.0
RO,2019,Non-metallic mineral products,16.0,0.0,58495.0,58495.0,0.0,1.0
RO,2020,Non-metallic mineral products,4.0,0.0,49184.0,49184.0,0.0,1.0
RO,2021,Non-metallic mineral products,10.0,0.0,56808.0,56808.0,0.0,1.0
RO,2022,Non-metallic mineral products,11.0,0.0,53883.0,53883.0,0.0,1.0
RO,2023,Non-metallic mineral products,14.0,0.0,47298.0,47298.0,0.0,1.0
RO,2024,Non-metallic mineral products,21.0,0.0,41076.0,41076.0,0.0,1.0
SE,2008,Non-metallic mineral products,50.0,44866.0,20766.0,65632.0,0.6835994636762555,0.31640053632374454
SE,2009,Non-metallic mineral products,51.0,36606.0,19860.0,56466.0,0.6482839230687494,0.3517160769312507
SE,2010,Non-metallic mineral products,44.0,45453.0,22876.0,68329.0,0.6652080375828711,0.3347919624171289
SE,2011,Non-metallic mineral products,44.0,42593.0,25314.0,67907.0,0.6272254701282637,0.37277452987173637
SE,2012,Non-metallic mineral products,48.0,41885.0,23904.0,65789.0,0.6366565839274043,0.36334341607259574
SE,2013,Non-metallic mineral products,34.0,38082.0,28964.0,67046.0,0.5679980908629896,0.4320019091370104
SE,2014,Non-metallic mineral products,36.0,37687.0,30348.0,68035.0,0.5539354743881826,0.4460645256118174
SE,2015,Non-metallic mineral products,37.0,35929.0,29070.0,64999.0,0.552762350190003,0.4472376498099971
SE,2016,Non-metallic mineral products,30.0,39060.0,28419.0,67479.0,0.5788467523229449,0.4211532476770551
SE,2017,Non-metallic mineral products,31.0,40525.0,28825.0,69350.0,0.5843547224224946,0.4156452775775054
SE,2018,Non-metallic mineral products,30.0,36502.0,32621.0,69123.0,0.5280731449734531,0.47192685502654685
SE,2019,Non-metallic mineral products,8.0,35862.0,32358.0,68220.0,0.5256816182937555,0.4743183817062445
SE,2020,Non-metallic mineral products,12.0,37318.0,32487.0,69805.0,0.5346035384284793,0.46539646157152065
SE,2021,Non-metallic mineral products,44.0,39624.0,32834.0,72458.0,0.5468547296364791,0.4531452703635209
SE,2022,Non-metallic mineral products,35.0,36190.55180770137,33175.56896294597,69366.12077064734,0.5217323875925264,0.4782676124074736
SE,2023,Non-metallic mineral products,26.0,36693.0,31600.0,68293.0,0.5372878625920665,0.4627121374079335
SE,2024,Non-metallic mineral products,21.0,34408.0,31499.0,65907.0,0.522068975981307,0.47793102401869303
SI,2008,Non-metallic mineral products,17.0,8629.0,8605.0,17234.0,0.5006962980155506,0.49930370198444934
SI,2009,Non-metallic mineral products,9.0,7584.0,5484.0,13068.0,0.5803489439853077,0.4196510560146924
SI,2010,Non-metallic mineral products,8.0,9072.0,6494.0,15566.0,0.5828086855968135,0.4171913144031864
SI,2011,Non-metallic mineral products,8.0,9722.0,6515.0,16237.0,0.5987559278191784,0.4012440721808216
SI,2012,Non-metallic mineral products,7.0,9331.0,5442.0,14773.0,0.6316252623028498,0.36837473769715023
SI,2013,Non-metallic mineral products,7.0,10815.0,5216.0,16031.0,0.6746304035930385,0.3253695964069615
SI,2014,Non-metallic mineral products,7.0,11952.0,4930.0,16882.0,0.7079729889823481,0.29202701101765194
SI,2015,Non-metallic mineral products,8.0,11647.0,4797.0,16444.0,0.7082826562880078,0.2917173437119922
SI,2016,Non-metallic mineral products,7.0,12185.0,4715.0,16900.0,0.7210059171597634,0.2789940828402367
SI,2017,Non-metallic mineral products,5.0,13908.0,4662.0,18570.0,0.7489499192245558,0.2510500807754443
SI,2018,Non-metallic mineral products,5.0,13719.0,4609.0,18328.0,0.7485268441728503,0.25147315582714974
SI,2019,Non-metallic mineral products,5.0,14094.0,4333.0,18427.0,0.7648559179464915,0.23514408205350845
SI,2020,Non-metallic mineral products,3.0,12542.0,3959.0,16501.0,0.7600751469607903,0.23992485303920974
SI,2021,Non-metallic mineral products,4.0,12690.0,4003.0,16693.0,0.7601988857604984,0.2398011142395016
SI,2022,Non-metallic mineral products,3.0,13327.0,3905.0,17232.0,0.773386722376973,0.22661327762302694
SI,2023,Non-metallic mineral products,2.0,12518.0,3433.0,15951.0,0.7847783838003887,0.2152216161996113
SI,2024,Non-metallic mineral products,1.0,12064.0,3136.0,15200.0,0.7936842105263158,0.2063157894736842
SK,2008,Non-metallic mineral products,24.0,29516.0,15009.0,44525.0,0.662908478382931,0.33709152161706907
SK,2009,Non-metallic mineral products,11.0,26695.0,8851.0,35546.0,0.7509987059022112,0.2490012940977888
SK,2010,Non-metallic mineral products,10.0,30405.0,10074.0,40479.0,0.7511302156673831,0.24886978433261692
SK,2011,Non-metallic mineral products,13.0,27312.0,10172.0,37484.0,0.7286308825098708,0.2713691174901291
SK,2012,Non-metallic mineral products,10.0,26931.0,8353.0,35284.0,0.7632638022899898,0.2367361977100102
SK,2013,Non-metallic mineral products,6.0,27049.0,9259.0,36308.0,0.7449873306158422,0.2550126693841578
SK,2014,Non-metallic mineral products,3.0,27758.0,8259.0,36017.0,0.7706916178471277,0.22930838215287225
SK,2015,Non-metallic mineral products,3.0,29388.0,8136.0,37524.0,0.7831787655900224,0.2168212344099776
SK,2016,Non-metallic mineral products,3.0,35035.0,6247.0,41282.0,0.848674967298096,0.15132503270190398
SK,2017,Non-metallic mineral products,2.0,32628.0,7622.0,40250.0,0.8106335403726708,0.1893664596273292
SK,2018,Non-metallic mineral products,1.0,35686.0,6827.0,42513.0,0.8394138263589961,0.16058617364100392
SK,2019,Non-metallic mineral products,1.0,37636.0,7126.0,44762.0,0.8408024663777312,0.15919753362226888
SK,2020,Non-metallic mineral products,1.0,33761.0,5974.0,39735.0,0.849653957468227,0.150346042531773
SK,2021,Non-metallic mineral products,1.0,33617.0,6411.0,40028.0,0.8398371140201859,0.16016288597981412
SK,2022,Non-metallic mineral products,0.0,30698.0,6066.0,36764.0,0.835001632031335,0.164998367968665
SK,2023,Non-metallic mineral products,40.0,28842.0,4769.0,33611.0,0.858111927642736,0.141888072357264
SK,2024,Non-metallic mineral products,0.0,28468.0,3437.0,31905.0,0.8922739382541921,0.10772606174580787
DE,2008,Basic and fabricated metals,4346.0,267134.0,104164.0,371298.0,0.7194598408825257,0.2805401591174744
DE,2009,Basic and fabricated metals,3463.0,265869.85020946997,100361.31595838009,366231.16616785,0.7259618371409091,0.27403816285909094
DE,2010,Basic and fabricated metals,4239.0,262955.0,92984.0,355939.0,0.738764226454533,0.26123577354546706
DE,2011,Basic and fabricated metals,4605.0,269220.0,105581.0,374801.0,0.7183011784920531,0.2816988215079469
DE,2012,Basic and fabricated metals,5298.0,270644.0,95560.0,366204.0,0.7390525499448395,0.2609474500551605
DE,2013,Basic and fabricated metals,5306.0,267938.0,105337.0,373275.0,0.717803228182975,0.28219677181702496
DE,2014,Basic and fabricated metals,5592.0,257216.0,107810.0,365026.0,0.7046511755327017,0.2953488244672982
DE,2015,Basic and fabricated metals,6258.0,261849.28744763264,106037.29621925285,367886.5836668855,0.7117663406957301,0.28823365930426986
DE,2016,Basic and fabricated metals,5279.0,243435.0,106359.0,349794.0,0.6959381807578174,0.30406181924218256
DE,2017,Basic and fabricated metals,4963.0,240100.0,124033.0,364133.0,0.6593744593321671,0.3406255406678329
DE,2018,Basic and fabricated metals,7469.0,280570.0,107325.0,387895.0,0.7233142989726601,0.27668570102733986
DE,2019,Basic and fabricated metals,7008.0,267322.0,99868.0,367190.0,0.7280209156022768,0.2719790843977232
DE,2020,Basic and fabricated metals,4277.0,258498.8184794349,110767.27976998014,369266.09824941505,0.700033985532124,0.29996601446787596
DE,2021,Basic and fabricated metals,4165.0,257828.72468579534,111713.27648012561,369542.001165921,0.6976980258599417,0.3023019741400582
DE,2022,Basic and fabricated metals,4244.0,257158.6308921558,112659.27319027107,369817.90408242686,0.6953655516765868,0.30463444832341324
DE,2023,Basic and fabricated metals,5344.0,256488.53709851624,113605.26990041653,370093.8069989328,0.6930365551868202,0.30696344481317983
DE,2024,Basic and fabricated metals,5114.0,255818.4433048767,114551.26661056199,370369.70991543867,0.6907110286186312,0.30928897138136885
FI,2008,Basic and fabricated metals,415.0,0.0,41937.0,41937.0,0.0,1.0
FI,2009,Basic and fabricated metals,364.0,0.0,32860.0,32860.0,0.0,1.0
FI,2010,Basic and fabricated metals,307.0,0.0,35795.0,35795.0,0.0,1.0
FI,2011,Basic and fabricated metals,173.0,0.0,34827.0,34827.0,0.0,1.0
FI,2012,Basic and fabricated metals,116.0,0.0,35267.0,35267.0,0.0,1.0
FI,2013,Basic and fabricated metals,125.0,0.0,36433.0,36433.0,0.0,1.0
FI,2014,Basic and fabricated metals,37.0,0.0,37008.0,37008.0,0.0,1.0
FI,2015,Basic and fabricated metals,17.0,0.0,33392.0,33392.0,0.0,1.0
FI,2016,Basic and fabricated metals,12.0,0.0,36147.0,36147.0,0.0,1.0
FI,2017,Basic and fabricated metals,15.0,0.0,38406.0,38406.0,0.0,1.0
FI,2018,Basic and fabricated metals,18.0,0.0,39430.0,39430.0,0.0,1.0
FI,2019,Basic and fabricated metals,18.0,0.0,36907.0,36907.0,0.0,1.0
FI,2020,Basic and fabricated metals,20.0,0.0,36589.0,36589.0,0.0,1.0
FI,2021,Basic and fabricated metals,21.0,0.0,37352.0,37352.0,0.0,1.0
FI,2022,Basic and fabricated metals,22.0,0.0,33029.534449823506,33029.534449823506,0.0,1.0
FI,2023,Basic and fabricated metals,0.0,0.0,27066.0,27066.0,0.0,1.0
FI,2024,Basic and fabricated metals,0.0,0.0,26640.0,26640.0,0.0,1.0
HR,2008,Basic and fabricated metals,17.0,0.0,0.0,0.0,,
HR,2009,Basic and fabricated metals,19.0,0.0,0.0,0.0,,
HR,2010,Basic and fabricated metals,17.0,0.0,0.0,0.0,,
HR,2011,Basic and fabricated metals,13.0,0.0,0.0,0.0,,
HR,2012,Basic and fabricated metals,8.0,0.0,0.0,0.0,,
HR,2013,Basic and fabricated metals,22.0,0.0,0.0,0.0,,
HR,2014,Basic and fabricated metals,18.0,0.0,0.0,0.0,,
HR,2015,Basic and fabricated metals,11.0,0.0,0.0,0.0,,
HR,2016,Basic and fabricated metals,12.0,0.0,0.0,0.0,,
HR,2017,Basic and fabricated metals,10.0,0.0,0.0,0.0,,
HR,2018,Basic and fabricated metals,7.0,0.0,0.0,0.0,,
HR,2019,Basic and fabricated metals,6.0,0.0,0.0,0.0,,
HR,2020,Basic and fabricated metals,3.0,0.0,0.0,0.0,,
HR,2021,Basic and fabricated metals,4.0,0.0,0.0,0.0,,
HR,2022,Basic and fabricated metals,4.0,0.0,0.0,0.0,,
HR,2023,Basic and fabricated metals,1.0,0.0,0.0,0.0,,
HR,2024,Basic and fabricated metals,4.0,0.0,0.0,0.0,,
IE,2008,Basic and fabricated metals,0.0,679.9249995366081,0.0,679.9249995366081,1.0,0.0
IE,2009,Basic and fabricated metals,0.0,631.0,0.0,631.0,1.0,0.0
IE,2010,Basic and fabricated metals,0.0,568.0,0.0,568.0,1.0,0.0
IE,2011,Basic and fabricated metals,0.0,611.0,0.0,611.0,1.0,0.0
IE,2012,Basic and fabricated metals,0.0,567.0,0.0,567.0,1.0,0.0
IE,2013,Basic and fabricated metals,0.0,589.0,0.0,589.0,1.0,0.0
IE,2014,Basic and fabricated metals,0.0,578.0,0.0,578.0,1.0,0.0
IE,2015,Basic and fabricated metals,0.0,540.0,0.0,540.0,1.0,0.0
IE,2016,Basic and fabricated metals,0.0,581.0,0.0,581.0,1.0,0.0
IE,2017,Basic and fabricated metals,0.0,546.0,0.0,546.0,1.0,0.0
IE,2018,Basic and fabricated metals,0.0,516.0,0.0,516.0,1.0,0.0
IE,2019,Basic and fabricated metals,0.0,346.0,0.0,346.0,1.0,0.0
IE,2020,Basic and fabricated metals,0.0,449.0,0.0,449.0,1.0,0.0
IE,2021,Basic and fabricated metals,0.0,415.0,0.0,415.0,1.0,0.0
IE,2022,Basic and fabricated metals,0.0,419.0,0.0,419.0,1.0,0.0
IE,2023,Basic and fabricated metals,0.0,344.0,0.0,344.0,1.0,0.0
IE,2024,Basic and fabricated metals,0.0,221.0,0.0,221.0,1.0,0.0
IT,2008,Basic and fabricated metals,,55967.0,9912.0,65879.0,0.849542342779945,0.15045765722005494
IT,2009,Basic and fabricated metals,572.0,43207.0,6308.0,49515.0,0.8726042613349491,0.127395738665051
IT,2010,Basic and fabricated metals,506.0,44818.0,4986.0,49804.0,0.8998875592321902,0.10011244076780981
IT,2011,Basic and fabricated metals,490.0,60186.0,3624.0,63810.0,0.9432063939821345,0.05679360601786554
IT,2012,Basic and fabricated metals,497.0,59948.0,3980.0,63928.0,0.9377424602678013,0.062257539732198726
IT,2013,Basic and fabricated metals,481.0,61267.0,3586.0,64853.0,0.9447057190877831,0.05529428091221686
IT,2014,Basic and fabricated metals,469.0,62993.0,3564.0,66557.0,0.946451913397539,0.05354808660246105
IT,2015,Basic and fabricated metals,519.0,62648.0,5837.972606497418,68485.97260649742,0.9147566664484581,0.08524333355154186
IT,2016,Basic and fabricated metals,611.0,86911.0,5352.0,92263.0,0.9419919144185643,0.05800808558143568
IT,2017,Basic and fabricated metals,639.0,86889.0,5675.0,92564.0,0.9386910678017372,0.061308932198262826
IT,2018,Basic and fabricated metals,866.0,87962.0,6153.86642211608,94115.86642211609,0.9346139322086716,0.06538606779132829
IT,2019,Basic and fabricated metals,930.0,85671.0,6028.0,91699.0,0.9342631871667084,0.06573681283329152
IT,2020,Basic and fabricated metals,854.0,82039.0,6660.0,88699.0,0.9249145988117116,0.07508540118828848
IT,2021,Basic and fabricated metals,1038.0,92432.0,6469.76023773474,98901.76023773474,0.9345839728010596,0.06541602719894042
IT,2022,Basic and fabricated metals,1361.0,95384.0,8321.0,103705.0,0.9197627886794272,0.08023721132057278
IT,2023,Basic and fabricated metals,1342.0,87827.0,7512.0,95339.0,0.9212074806742256,0.07879251932577434
IT,2024,Basic and fabricated metals,1176.0,87461.0,7066.0,94527.0,0.9252488706930295,0.07475112930697049
LT,2008,Basic and fabricated metals,128.0,0.0,54970.0,54970.0,0.0,1.0
LT,2009,Basic and fabricated metals,81.0,0.0,42669.0,42669.0,0.0,1.0
LT,2010,Basic and fabricated metals,107.0,0.0,48061.0,48061.0,0.0,1.0
LT,2011,Basic and fabricated metals,126.0,0.0,52330.0,52330.0,0.0,1.0
LT,2012,Basic and fabricated metals,136.0,0.0,49377.0,49377.0,0.0,1.0
LT,2013,Basic and fabricated metals,133.0,0.0,48028.0,48028.0,0.0,1.0
LT,2014,Basic and fabricated metals,110.0,0.0,49000.0,49000.0,0.0,1.0
LT,2015,Basic and fabricated metals,55.0,0.0,48053.0,48053.0,0.0,1.0
LT,2016,Basic and fabricated metals,57.0,0.0,47651.0,47651.0,0.0,1.0
LT,2017,Basic and fabricated metals,87.0,0.0,52638.0,52638.0,0.0,1.0
LT,2018,Basic and fabricated metals,105.0,0.0,56776.0,56776.0,0.0,1.0
LT,2019,Basic and fabricated metals,117.0,0.0,55209.0,55209.0,0.0,1.0
LT,2020,Basic and fabricated metals,100.0,0.0,53430.0,53430.0,0.0,1.0
LT,2021,Basic and fabricated metals,100.0,0.0,51080.0,51080.0,0.0,1.0
LT,2022,Basic and fabricated metals,44.0,0.0,30977.0,30977.0,0.0,1.0
LT,2023,Basic and fabricated metals,32.0,0.0,27224.0,27224.0,0.0,1.0
LT,2024,Basic and fabricated metals,30.0,0.0,25658.0,25658.0,0.0,1.0
PL,2008,Basic and fabricated metals,380.0,145750.0,71682.0,217432.0,0.6703245152507451,0.32967548474925495
PL,2009,Basic and fabricated metals,193.0,49290.0,126860.0,176150.0,0.2798183366449049,0.720181663355095
PL,2010,Basic and fabricated metals,187.0,131064.0,42225.0,173289.0,0.7563319079687689,0.24366809203123108
PL,2011,Basic and fabricated metals,250.0,163944.0,60911.0,224855.0,0.7291098708056303,0.2708901291943697
PL,2012,Basic and fabricated metals,259.0,162465.0,47209.0,209674.0,0.7748457128685483,0.2251542871314517
PL,2013,Basic and fabricated metals,298.0,163724.0,43550.0,207274.0,0.7898916410162393,0.21010835898376062
PL,2014,Basic and fabricated metals,274.0,161028.0,41383.0,202411.0,0.7955496489815277,0.2044503510184723
PL,2015,Basic and fabricated metals,225.0,161412.0,34349.0,195761.0,0.8245360413974183,0.1754639586025817
PL,2016,Basic and fabricated metals,192.0,164081.0,36204.0,200285.0,0.819237586439324,0.18076241356067604
PL,2017,Basic and fabricated metals,266.0,189358.0,43790.0,233148.0,0.8121793881997701,0.1878206118002299
PL,2018,Basic and fabricated metals,386.0,197481.0,43658.0,241139.0,0.8189508955415756,0.1810491044584244
PL,2019,Basic and fabricated metals,488.0,187956.0,40730.0,228686.0,0.8218955248681599,0.17810447513184016
PL,2020,Basic and fabricated metals,410.0,177979.0,35276.0,213255.0,0.834583010949333,0.16541698905066704
PL,2021,Basic and fabricated metals,386.0,192914.0,38679.0,231593.0,0.8329871800961169,0.16701281990388311
PL,2022,Basic and fabricated metals,357.0,195859.0,38383.0,234242.0,0.836139547988832,0.16386045201116795
PL,2023,Basic and fabricated metals,271.0,192470.0,31894.0,224364.0,0.8578470699399191,0.14215293006008095
PL,2024,Basic and fabricated metals,294.0,181102.0,35169.0,216271.0,0.8373845776826296,0.16261542231737033
RO,2008,Basic and fabricated metals,68.0,0.0,63212.0,63212.0,0.0,1.0
RO,2009,Basic and fabricated metals,54.0,0.0,46910.0,46910.0,0.0,1.0
RO,2010,Basic and fabricated metals,69.0,0.0,49441.0,49441.0,0.0,1.0
RO,2011,Basic and fabricated metals,101.0,0.0,57247.0,57247.0,0.0,1.0
RO,2012,Basic and fabricated metals,112.0,0.0,50433.0,50433.0,0.0,1.0
RO,2013,Basic and fabricated metals,186.0,0.0,47337.0,47337.0,0.0,1.0
RO,2014,Basic and fabricated metals,124.0,0.0,49273.0,49273.0,0.0,1.0
RO,2015,Basic and fabricated metals,52.0,0.0,49700.0,49700.0,0.0,1.0
RO,2016,Basic and fabricated metals,212.0,0.0,47875.0,47875.0,0.0,1.0
RO,2017,Basic and fabricated metals,248.0,0.0,56076.0,56076.0,0.0,1.0
RO,2018,Basic and fabricated metals,270.0,0.0,55002.0,55002.0,0.0,1.0
RO,2019,Basic and fabricated metals,168.0,0.0,58495.0,58495.0,0.0,1.0
RO,2020,Basic and fabricated metals,101.0,0.0,49184.0,49184.0,0.0,1.0
RO,2021,Basic and fabricated metals,88.0,0.0,56808.0,56808.0,0.0,1.0
RO,2022,Basic and fabricated metals,122.0,0.0,53883.0,53883.0,0.0,1.0
RO,2023,Basic and fabricated metals,121.0,0.0,47298.0,47298.0,0.0,1.0
RO,2024,Basic and fabricated metals,122.0,0.0,41076.0,41076.0,0.0,1.0
SE,2008,Basic and fabricated metals,393.0,44866.0,20766.0,65632.0,0.6835994636762555,0.31640053632374454
SE,2009,Basic and fabricated metals,280.0,36606.0,19860.0,56466.0,0.6482839230687494,0.3517160769312507
SE,2010,Basic and fabricated metals,334.0,45453.0,22876.0,68329.0,0.6652080375828711,0.3347919624171289
SE,2011,Basic and fabricated metals,397.0,42593.0,25314.0,67907.0,0.6272254701282637,0.37277452987173637
SE,2012,Basic and fabricated metals,544.0,41885.0,23904.0,65789.0,0.6366565839274043,0.36334341607259574
SE,2013,Basic and fabricated metals,389.0,38082.0,28964.0,67046.0,0.5679980908629896,0.4320019091370104
SE,2014,Basic and fabricated metals,364.0,37687.0,30348.0,68035.0,0.5539354743881826,0.4460645256118174
SE,2015,Basic and fabricated metals,483.0,35929.0,29070.0,64999.0,0.552762350190003,0.4472376498099971
SE,2016,Basic and fabricated metals,490.0,39060.0,28419.0,67479.0,0.5788467523229449,0.4211532476770551
SE,2017,Basic and fabricated metals,867.0,40525.0,28825.0,69350.0,0.5843547224224946,0.4156452775775054
SE,2018,Basic and fabricated metals,458.0,36502.0,32621.0,69123.0,0.5280731449734531,0.47192685502654685
SE,2019,Basic and fabricated metals,423.0,35862.0,32358.0,68220.0,0.5256816182937555,0.4743183817062445
SE,2020,Basic and fabricated metals,394.0,37318.0,32487.0,69805.0,0.5346035384284793,0.46539646157152065
SE,2021,Basic and fabricated metals,487.0,39624.0,32834.0,72458.0,0.5468547296364791,0.4531452703635209
SE,2022,Basic and fabricated metals,476.0,36190.55180770137,33175.56896294597,69366.12077064734,0.5217323875925264,0.4782676124074736
SE,2023,Basic and fabricated metals,482.0,36693.0,31600.0,68293.0,0.5372878625920665,0.4627121374079335
SE,2024,Basic and fabricated metals,418.0,34408.0,31499.0,65907.0,0.522068975981307,0.47793102401869303
SI,2008,Basic and fabricated metals,89.0,8629.0,8605.0,17234.0,0.5006962980155506,0.49930370198444934
SI,2009,Basic and fabricated metals,46.0,7584.0,5484.0,13068.0,0.5803489439853077,0.4196510560146924
SI,2010,Basic and fabricated metals,55.0,9072.0,6494.0,15566.0,0.5828086855968135,0.4171913144031864
SI,2011,Basic and fabricated metals,29.0,9722.0,6515.0,16237.0,0.5987559278191784,0.4012440721808216
SI,2012,Basic and fabricated metals,29.0,9331.0,5442.0,14773.0,0.6316252623028498,0.36837473769715023
SI,2013,Basic and fabricated metals,38.0,10815.0,5216.0,16031.0,0.6746304035930385,0.3253695964069615
SI,2014,Basic and fabricated metals,61.0,11952.0,4930.0,16882.0,0.7079729889823481,0.29202701101765194
SI,2015,Basic and fabricated metals,75.0,11647.0,4797.0,16444.0,0.7082826562880078,0.2917173437119922
SI,2016,Basic and fabricated metals,101.0,12185.0,4715.0,16900.0,0.7210059171597634,0.2789940828402367
SI,2017,Basic and fabricated metals,95.0,13908.0,4662.0,18570.0,0.7489499192245558,0.2510500807754443
SI,2018,Basic and fabricated metals,84.0,13719.0,4609.0,18328.0,0.7485268441728503,0.25147315582714974
SI,2019,Basic and fabricated metals,86.0,14094.0,4333.0,18427.0,0.7648559179464915,0.23514408205350845
SI,2020,Basic and fabricated metals,104.0,12542.0,3959.0,16501.0,0.7600751469607903,0.23992485303920974
SI,2021,Basic and fabricated metals,117.0,12690.0,4003.0,16693.0,0.7601988857604984,0.2398011142395016
SI,2022,Basic and fabricated metals,114.0,13327.0,3905.0,17232.0,0.773386722376973,0.22661327762302694
SI,2023,Basic and fabricated metals,114.0,12518.0,3433.0,15951.0,0.7847783838003887,0.2152216161996113
SI,2024,Basic and fabricated metals,111.0,12064.0,3136.0,15200.0,0.7936842105263158,0.2063157894736842
SK,2008,Basic and fabricated metals,64.0,29516.0,15009.0,44525.0,0.662908478382931,0.33709152161706907
SK,2009,Basic and fabricated metals,42.0,26695.0,8851.0,35546.0,0.7509987059022112,0.2490012940977888
SK,2010,Basic and fabricated metals,47.0,30405.0,10074.0,40479.0,0.7511302156673831,0.24886978433261692
SK,2011,Basic and fabricated metals,61.0,27312.0,10172.0,37484.0,0.7286308825098708,0.2713691174901291
SK,2012,Basic and fabricated metals,73.0,26931.0,8353.0,35284.0,0.7632638022899898,0.2367361977100102
SK,2013,Basic and fabricated metals,76.0,27049.0,9259.0,36308.0,0.7449873306158422,0.2550126693841578
SK,2014,Basic and fabricated metals,60.0,27758.0,8259.0,36017.0,0.7706916178471277,0.22930838215287225
SK,2015,Basic and fabricated metals,65.0,29388.0,8136.0,37524.0,0.7831787655900224,0.2168212344099776
SK,2016,Basic and fabricated metals,75.0,35035.0,6247.0,41282.0,0.848674967298096,0.15132503270190398
SK,2017,Basic and fabricated metals,70.0,32628.0,7622.0,40250.0,0.8106335403726708,0.1893664596273292
SK,2018,Basic and fabricated metals,50.0,35686.0,6827.0,42513.0,0.8394138263589961,0.16058617364100392
SK,2019,Basic and fabricated metals,93.0,37636.0,7126.0,44762.0,0.8408024663777312,0.15919753362226888
SK,2020,Basic and fabricated metals,92.0,33761.0,5974.0,39735.0,0.849653957468227,0.150346042531773
SK,2021,Basic and fabricated metals,77.0,33617.0,6411.0,40028.0,0.8398371140201859,0.16016288597981412
SK,2022,Basic and fabricated metals,71.0,30698.0,6066.0,36764.0,0.835001632031335,0.164998367968665
SK,2023,Basic and fabricated metals,86.0,28842.0,4769.0,33611.0,0.858111927642736,0.141888072357264
SK,2024,Basic and fabricated metals,85.0,28468.0,3437.0,31905.0,0.8922739382541921,0.10772606174580787
DE,2008,Machinery and equipment,193.0,267134.0,104164.0,371298.0,0.7194598408825257,0.2805401591174744
DE,2009,Machinery and equipment,320.0,265869.85020946997,100361.31595838009,366231.16616785,0.7259618371409091,0.27403816285909094
DE,2010,Machinery and equipment,43.0,262955.0,92984.0,355939.0,0.738764226454533,0.26123577354546706
DE,2011,Machinery and equipment,22.0,269220.0,105581.0,374801.0,0.7183011784920531,0.2816988215079469
DE,2012,Machinery and equipment,42.0,270644.0,95560.0,366204.0,0.7390525499448395,0.2609474500551605
DE,2013,Machinery and equipment,116.0,267938.0,105337.0,373275.0,0.717803228182975,0.28219677181702496
DE,2014,Machinery and equipment,38.0,257216.0,107810.0,365026.0,0.7046511755327017,0.2953488244672982
DE,2015,Machinery and equipment,34.0,261849.28744763264,106037.29621925285,367886.5836668855,0.7117663406957301,0.28823365930426986
DE,2016,Machinery and equipment,18.0,243435.0,106359.0,349794.0,0.6959381807578174,0.30406181924218256
DE,2017,Machinery and equipment,7.0,240100.0,124033.0,364133.0,0.6593744593321671,0.3406255406678329
DE,2018,Machinery and equipment,10.0,280570.0,107325.0,387895.0,0.7233142989726601,0.27668570102733986
DE,2019,Machinery and equipment,14.0,267322.0,99868.0,367190.0,0.7280209156022768,0.2719790843977232
DE,2020,Machinery and equipment,12.0,258498.8184794349,110767.27976998014,369266.09824941505,0.700033985532124,0.29996601446787596
DE,2021,Machinery and equipment,9.0,257828.72468579534,111713.27648012561,369542.001165921,0.6976980258599417,0.3023019741400582
DE,2022,Machinery and equipment,7.0,257158.6308921558,112659.27319027107,369817.90408242686,0.6953655516765868,0.30463444832341324
DE,2023,Machinery and equipment,10.0,256488.53709851624,113605.26990041653,370093.8069989328,0.6930365551868202,0.30696344481317983
DE,2024,Machinery and equipment,17.0,255818.4433048767,114551.26661056199,370369.70991543867,0.6907110286186312,0.30928897138136885
FI,2008,Machinery and equipment,1.0,0.0,41937.0,41937.0,0.0,1.0
FI,2009,Machinery and equipment,0.0,0.0,32860.0,32860.0,0.0,1.0
FI,2010,Machinery and equipment,0.0,0.0,35795.0,35795.0,0.0,1.0
FI,2011,Machinery and equipment,0.0,0.0,34827.0,34827.0,0.0,1.0
FI,2012,Machinery and equipment,0.0,0.0,35267.0,35267.0,0.0,1.0
FI,2013,Machinery and equipment,0.0,0.0,36433.0,36433.0,0.0,1.0
FI,2014,Machinery and equipment,0.0,0.0,37008.0,37008.0,0.0,1.0
FI,2015,Machinery and equipment,0.0,0.0,33392.0,33392.0,0.0,1.0
FI,2016,Machinery and equipment,0.0,0.0,36147.0,36147.0,0.0,1.0
FI,2017,Machinery and equipment,0.0,0.0,38406.0,38406.0,0.0,1.0
FI,2018,Machinery and equipment,0.0,0.0,39430.0,39430.0,0.0,1.0
FI,2019,Machinery and equipment,0.0,0.0,36907.0,36907.0,0.0,1.0
FI,2020,Machinery and equipment,0.0,0.0,36589.0,36589.0,0.0,1.0
FI,2021,Machinery and equipment,0.0,0.0,37352.0,37352.0,0.0,1.0
FI,2022,Machinery and equipment,0.0,0.0,33029.534449823506,33029.534449823506,0.0,1.0
FI,2023,Machinery and equipment,0.0,0.0,27066.0,27066.0,0.0,1.0
FI,2024,Machinery and equipment,0.0,0.0,26640.0,26640.0,0.0,1.0
HR,2008,Machinery and equipment,1.0,0.0,0.0,0.0,,
HR,2009,Machinery and equipment,0.0,0.0,0.0,0.0,,
HR,2010,Machinery and equipment,0.0,0.0,0.0,0.0,,
HR,2011,Machinery and equipment,0.0,0.0,0.0,0.0,,
HR,2012,Machinery and equipment,0.0,0.0,0.0,0.0,,
HR,2013,Machinery and equipment,0.0,0.0,0.0,0.0,,
HR,2014,Machinery and equipment,0.0,0.0,0.0,0.0,,
HR,2015,Machinery and equipment,0.0,0.0,0.0,0.0,,
HR,2016,Machinery and equipment,0.0,0.0,0.0,0.0,,
HR,2017,Machinery and equipment,0.0,0.0,0.0,0.0,,
HR,2018,Machinery and equipment,0.0,0.0,0.0,0.0,,
HR,2019,Machinery and equipment,0.0,0.0,0.0,0.0,,
HR,2020,Machinery and equipment,0.0,0.0,0.0,0.0,,
HR,2021,Machinery and equipment,1.0,0.0,0.0,0.0,,
HR,2022,Machinery and equipment,2.0,0.0,0.0,0.0,,
HR,2023,Machinery and equipment,1.0,0.0,0.0,0.0,,
HR,2024,Machinery and equipment,2.0,0.0,0.0,0.0,,
IE,2008,Machinery and equipment,0.0,679.9249995366081,0.0,679.9249995366081,1.0,0.0
IE,2009,Machinery and equipment,0.0,631.0,0.0,631.0,1.0,0.0
IE,2010,Machinery and equipment,0.0,568.0,0.0,568.0,1.0,0.0
IE,2011,Machinery and equipment,0.0,611.0,0.0,611.0,1.0,0.0
IE,2012,Machinery and equipment,0.0,567.0,0.0,567.0,1.0,0.0
IE,2013,Machinery and equipment,0.0,589.0,0.0,589.0,1.0,0.0
IE,2014,Machinery and equipment,0.0,578.0,0.0,578.0,1.0,0.0
IE,2015,Machinery and equipment,0.0,540.0,0.0,540.0,1.0,0.0
IE,2016,Machinery and equipment,0.0,581.0,0.0,581.0,1.0,0.0
IE,2017,Machinery and equipment,0.0,546.0,0.0,546.0,1.0,0.0
IE,2018,Machinery and equipment,0.0,516.0,0.0,516.0,1.0,0.0
IE,2019,Machinery and equipment,0.0,346.0,0.0,346.0,1.0,0.0
IE,2020,Machinery and equipment,0.0,449.0,0.0,449.0,1.0,0.0
IE,2021,Machinery and equipment,0.0,415.0,0.0,415.0,1.0,0.0
IE,2022,Machinery and equipment,0.0,419.0,0.0,419.0,1.0,0.0
IE,2023,Machinery and equipment,0.0,344.0,0.0,344.0,1.0,0.0
IE,2024,Machinery and equipment,0.0,221.0,0.0,221.0,1.0,0.0
IT,2008,Machinery and equipment,,55967.0,9912.0,65879.0,0.849542342779945,0.15045765722005494
IT,2009,Machinery and equipment,6.0,43207.0,6308.0,49515.0,0.8726042613349491,0.127395738665051
IT,2010,Machinery and equipment,,44818.0,4986.0,49804.0,0.8998875592321902,0.10011244076780981
IT,2011,Machinery and equipment,44.0,60186.0,3624.0,63810.0,0.9432063939821345,0.05679360601786554
IT,2012,Machinery and equipment,47.0,59948.0,3980.0,63928.0,0.9377424602678013,0.062257539732198726
IT,2013,Machinery and equipment,325.0,61267.0,3586.0,64853.0,0.9447057190877831,0.05529428091221686
IT,2014,Machinery and equipment,,62993.0,3564.0,66557.0,0.946451913397539,0.05354808660246105
IT,2015,Machinery and equipment,,62648.0,5837.972606497418,68485.97260649742,0.9147566664484581,0.08524333355154186
IT,2016,Machinery and equipment,65.0,86911.0,5352.0,92263.0,0.9419919144185643,0.05800808558143568
IT,2017,Machinery and equipment,59.0,86889.0,5675.0,92564.0,0.9386910678017372,0.061308932198262826
IT,2018,Machinery and equipment,64.0,87962.0,6153.86642211608,94115.86642211609,0.9346139322086716,0.06538606779132829
IT,2019,Machinery and equipment,52.0,85671.0,6028.0,91699.0,0.9342631871667084,0.06573681283329152
IT,2020,Machinery and equipment,45.0,82039.0,6660.0,88699.0,0.9249145988117116,0.07508540118828848
IT,2021,Machinery and equipment,65.0,92432.0,6469.76023773474,98901.76023773474,0.9345839728010596,0.06541602719894042
IT,2022,Machinery and equipment,54.0,95384.0,8321.0,103705.0,0.9197627886794272,0.08023721132057278
IT,2023,Machinery and equipment,65.0,87827.0,7512.0,95339.0,0.9212074806742256,0.07879251932577434
IT,2024,Machinery and equipment,69.0,87461.0,7066.0,94527.0,0.9252488706930295,0.07475112930697049
LT,2008,Machinery and equipment,7.0,0.0,54970.0,54970.0,0.0,1.0
LT,2009,Machinery and equipment,2.0,0.0,42669.0,42669.0,0.0,1.0
LT,2010,Machinery and equipment,3.0,0.0,48061.0,48061.0,0.0,1.0
LT,2011,Machinery and equipment,5.0,0.0,52330.0,52330.0,0.0,1.0
LT,2012,Machinery and equipment,5.0,0.0,49377.0,49377.0,0.0,1.0
LT,2013,Machinery and equipment,5.0,0.0,48028.0,48028.0,0.0,1.0
LT,2014,Machinery and equipment,6.0,0.0,49000.0,49000.0,0.0,1.0
LT,2015,Machinery and equipment,4.0,0.0,48053.0,48053.0,0.0,1.0
LT,2016,Machinery and equipment,5.0,0.0,47651.0,47651.0,0.0,1.0
LT,2017,Machinery and equipment,8.0,0.0,52638.0,52638.0,0.0,1.0
LT,2018,Machinery and equipment,9.0,0.0,56776.0,56776.0,0.0,1.0
LT,2019,Machinery and equipment,10.0,0.0,55209.0,55209.0,0.0,1.0
LT,2020,Machinery and equipment,12.0,0.0,53430.0,53430.0,0.0,1.0
LT,2021,Machinery and equipment,22.0,0.0,51080.0,51080.0,0.0,1.0
LT,2022,Machinery and equipment,23.0,0.0,30977.0,30977.0,0.0,1.0
LT,2023,Machinery and equipment,16.0,0.0,27224.0,27224.0,0.0,1.0
LT,2024,Machinery and equipment,25.0,0.0,25658.0,25658.0,0.0,1.0
PL,2008,Machinery and equipment,60.0,145750.0,71682.0,217432.0,0.6703245152507451,0.32967548474925495
PL,2009,Machinery and equipment,42.0,49290.0,126860.0,176150.0,0.2798183366449049,0.720181663355095
PL,2010,Machinery and equipment,28.0,131064.0,42225.0,173289.0,0.7563319079687689,0.24366809203123108
PL,2011,Machinery and equipment,31.0,163944.0,60911.0,224855.0,0.7291098708056303,0.2708901291943697
PL,2012,Machinery and equipment,39.0,162465.0,47209.0,209674.0,0.7748457128685483,0.2251542871314517
PL,2013,Machinery and equipment,164.0,163724.0,43550.0,207274.0,0.7898916410162393,0.21010835898376062
PL,2014,Machinery and equipment,163.0,161028.0,41383.0,202411.0,0.7955496489815277,0.2044503510184723
PL,2015,Machinery and equipment,30.0,161412.0,34349.0,195761.0,0.8245360413974183,0.1754639586025817
PL,2016,Machinery and equipment,35.0,164081.0,36204.0,200285.0,0.819237586439324,0.18076241356067604
PL,2017,Machinery and equipment,28.0,189358.0,43790.0,233148.0,0.8121793881997701,0.1878206118002299
PL,2018,Machinery and equipment,84.0,197481.0,43658.0,241139.0,0.8189508955415756,0.1810491044584244
PL,2019,Machinery and equipment,116.0,187956.0,40730.0,228686.0,0.8218955248681599,0.17810447513184016
PL,2020,Machinery and equipment,355.0,177979.0,35276.0,213255.0,0.834583010949333,0.16541698905066704
PL,2021,Machinery and equipment,2.0,192914.0,38679.0,231593.0,0.8329871800961169,0.16701281990388311
PL,2022,Machinery and equipment,2.0,195859.0,38383.0,234242.0,0.836139547988832,0.16386045201116795
PL,2023,Machinery and equipment,4.0,192470.0,31894.0,224364.0,0.8578470699399191,0.14215293006008095
PL,2024,Machinery and equipment,1.0,181102.0,35169.0,216271.0,0.8373845776826296,0.16261542231737033
RO,2008,Machinery and equipment,0.0,0.0,63212.0,63212.0,0.0,1.0
RO,2009,Machinery and equipment,0.0,0.0,46910.0,46910.0,0.0,1.0
RO,2010,Machinery and equipment,0.0,0.0,49441.0,49441.0,0.0,1.0
RO,2011,Machinery and equipment,0.0,0.0,57247.0,57247.0,0.0,1.0
RO,2012,Machinery and equipment,0.0,0.0,50433.0,50433.0,0.0,1.0
RO,2013,Machinery and equipment,0.0,0.0,47337.0,47337.0,0.0,1.0
RO,2014,Machinery and equipment,0.0,0.0,49273.0,49273.0,0.0,1.0
RO,2015,Machinery and equipment,1.0,0.0,49700.0,49700.0,0.0,1.0
RO,2016,Machinery and equipment,0.0,0.0,47875.0,47875.0,0.0,1.0
RO,2017,Machinery and equipment,0.0,0.0,56076.0,56076.0,0.0,1.0
RO,2018,Machinery and equipment,0.0,0.0,55002.0,55002.0,0.0,1.0
RO,2019,Machinery and equipment,0.0,0.0,58495.0,58495.0,0.0,1.0
RO,2020,Machinery and equipment,0.0,0.0,49184.0,49184.0,0.0,1.0
RO,2021,Machinery and equipment,0.0,0.0,56808.0,56808.0,0.0,1.0
RO,2022,Machinery and equipment,0.0,0.0,53883.0,53883.0,0.0,1.0
RO,2023,Machinery and equipment,0.0,0.0,47298.0,47298.0,0.0,1.0
RO,2024,Machinery and equipment,0.0,0.0,41076.0,41076.0,0.0,1.0
SE,2008,Machinery and equipment,61.0,44866.0,20766.0,65632.0,0.6835994636762555,0.31640053632374454
SE,2009,Machinery and equipment,52.0,36606.0,19860.0,56466.0,0.6482839230687494,0.3517160769312507
SE,2010,Machinery and equipment,25.0,45453.0,22876.0,68329.0,0.6652080375828711,0.3347919624171289
SE,2011,Machinery and equipment,29.0,42593.0,25314.0,67907.0,0.6272254701282637,0.37277452987173637
SE,2012,Machinery and equipment,100.0,41885.0,23904.0,65789.0,0.6366565839274043,0.36334341607259574
SE,2013,Machinery and equipment,21.0,38082.0,28964.0,67046.0,0.5679980908629896,0.4320019091370104
SE,2014,Machinery and equipment,24.0,37687.0,30348.0,68035.0,0.5539354743881826,0.4460645256118174
SE,2015,Machinery and equipment,27.0,35929.0,29070.0,64999.0,0.552762350190003,0.4472376498099971
SE,2016,Machinery and equipment,21.0,39060.0,28419.0,67479.0,0.5788467523229449,0.4211532476770551
SE,2017,Machinery and equipment,11.0,40525.0,28825.0,69350.0,0.5843547224224946,0.4156452775775054
SE,2018,Machinery and equipment,13.0,36502.0,32621.0,69123.0,0.5280731449734531,0.47192685502654685
SE,2019,Machinery and equipment,0.0,35862.0,32358.0,68220.0,0.5256816182937555,0.4743183817062445
SE,2020,Machinery and equipment,0.0,37318.0,32487.0,69805.0,0.5346035384284793,0.46539646157152065
SE,2021,Machinery and equipment,2.0,39624.0,32834.0,72458.0,0.5468547296364791,0.4531452703635209
SE,2022,Machinery and equipment,3.0,36190.55180770137,33175.56896294597,69366.12077064734,0.5217323875925264,0.4782676124074736
SE,2023,Machinery and equipment,1.0,36693.0,31600.0,68293.0,0.5372878625920665,0.4627121374079335
SE,2024,Machinery and equipment,0.0,34408.0,31499.0,65907.0,0.522068975981307,0.47793102401869303
SI,2008,Machinery and equipment,0.0,8629.0,8605.0,17234.0,0.5006962980155506,0.49930370198444934
SI,2009,Machinery and equipment,0.0,7584.0,5484.0,13068.0,0.5803489439853077,0.4196510560146924
SI,2010,Machinery and equipment,0.0,9072.0,6494.0,15566.0,0.5828086855968135,0.4171913144031864
SI,2011,Machinery and equipment,0.0,9722.0,6515.0,16237.0,0.5987559278191784,0.4012440721808216
SI,2012,Machinery and equipment,0.0,9331.0,5442.0,14773.0,0.6316252623028498,0.36837473769715023
SI,2013,Machinery and equipment,0.0,10815.0,5216.0,16031.0,0.6746304035930385,0.3253695964069615
SI,2014,Machinery and equipment,0.0,11952.0,4930.0,16882.0,0.7079729889823481,0.29202701101765194
SI,2015,Machinery and equipment,0.0,11647.0,4797.0,16444.0,0.7082826562880078,0.2917173437119922
SI,2016,Machinery and equipment,0.0,12185.0,4715.0,16900.0,0.7210059171597634,0.2789940828402367
SI,2017,Machinery and equipment,0.0,13908.0,4662.0,18570.0,0.7489499192245558,0.2510500807754443
SI,2018,Machinery and equipment,0.0,13719.0,4609.0,18328.0,0.7485268441728503,0.25147315582714974
SI,2019,Machinery and equipment,0.0,14094.0,4333.0,18427.0,0.7648559179464915,0.23514408205350845
SI,2020,Machinery and equipment,0.0,12542.0,3959.0,16501.0,0.7600751469607903,0.23992485303920974
SI,2021,Machinery and equipment,0.0,12690.0,4003.0,16693.0,0.7601988857604984,0.2398011142395016
SI,2022,Machinery and equipment,0.0,13327.0,3905.0,17232.0,0.773386722376973,0.22661327762302694
SI,2023,Machinery and equipment,0.0,12518.0,3433.0,15951.0,0.7847783838003887,0.2152216161996113
SI,2024,Machinery and equipment,0.0,12064.0,3136.0,15200.0,0.7936842105263158,0.2063157894736842
SK,2008,Machinery and equipment,5.0,29516.0,15009.0,44525.0,0.662908478382931,0.33709152161706907
SK,2009,Machinery and equipment,6.0,26695.0,8851.0,35546.0,0.7509987059022112,0.2490012940977888
SK,2010,Machinery and equipment,9.0,30405.0,10074.0,40479.0,0.7511302156673831,0.24886978433261692
SK,2011,Machinery and equipment,2.0,27312.0,10172.0,37484.0,0.7286308825098708,0.2713691174901291
SK,2012,Machinery and equipment,2.0,26931.0,8353.0,35284.0,0.7632638022899898,0.2367361977100102
SK,2013,Machinery and equipment,2.0,27049.0,9259.0,36308.0,0.7449873306158422,0.2550126693841578
SK,2014,Machinery and equipment,2.0,27758.0,8259.0,36017.0,0.7706916178471277,0.22930838215287225
SK,2015,Machinery and equipment,1.0,29388.0,8136.0,37524.0,0.7831787655900224,0.2168212344099776
SK,2016,Machinery and equipment,0.0,35035.0,6247.0,41282.0,0.848674967298096,0.15132503270190398
SK,2017,Machinery and equipment,2.0,32628.0,7622.0,40250.0,0.8106335403726708,0.1893664596273292
SK,2018,Machinery and equipment,2.0,35686.0,6827.0,42513.0,0.8394138263589961,0.16058617364100392
SK,2019,Machinery and equipment,2.0,37636.0,7126.0,44762.0,0.8408024663777312,0.15919753362226888
SK,2020,Machinery and equipment,0.0,33761.0,5974.0,39735.0,0.849653957468227,0.150346042531773
SK,2021,Machinery and equipment,0.0,33617.0,6411.0,40028.0,0.8398371140201859,0.16016288597981412
SK,2022,Machinery and equipment,0.0,30698.0,6066.0,36764.0,0.835001632031335,0.164998367968665
SK,2023,Machinery and equipment,0.0,28842.0,4769.0,33611.0,0.858111927642736,0.141888072357264
SK,2024,Machinery and equipment,0.0,28468.0,3437.0,31905.0,0.8922739382541921,0.10772606174580787
DE,2008,Electrical machinery,3392.0,267134.0,104164.0,371298.0,0.7194598408825257,0.2805401591174744
DE,2009,Electrical machinery,2684.0,265869.85020946997,100361.31595838009,366231.16616785,0.7259618371409091,0.27403816285909094
DE,2010,Electrical machinery,3078.0,262955.0,92984.0,355939.0,0.738764226454533,0.26123577354546706
DE,2011,Electrical machinery,2933.0,269220.0,105581.0,374801.0,0.7183011784920531,0.2816988215079469
DE,2012,Electrical machinery,2663.0,270644.0,95560.0,366204.0,0.7390525499448395,0.2609474500551605
DE,2013,Electrical machinery,2530.0,267938.0,105337.0,373275.0,0.717803228182975,0.28219677181702496
DE,2014,Electrical machinery,2543.0,257216.0,107810.0,365026.0,0.7046511755327017,0.2953488244672982
DE,2015,Electrical machinery,2459.0,261849.28744763264,106037.29621925285,367886.5836668855,0.7117663406957301,0.28823365930426986
DE,2016,Electrical machinery,3204.0,243435.0,106359.0,349794.0,0.6959381807578174,0.30406181924218256
DE,2017,Electrical machinery,3317.0,240100.0,124033.0,364133.0,0.6593744593321671,0.3406255406678329
DE,2018,Electrical machinery,3049.0,280570.0,107325.0,387895.0,0.7233142989726601,0.27668570102733986
DE,2019,Electrical machinery,2955.0,267322.0,99868.0,367190.0,0.7280209156022768,0.2719790843977232
DE,2020,Electrical machinery,1926.0,258498.8184794349,110767.27976998014,369266.09824941505,0.700033985532124,0.29996601446787596
DE,2021,Electrical machinery,2273.0,257828.72468579534,111713.27648012561,369542.001165921,0.6976980258599417,0.3023019741400582
DE,2022,Electrical machinery,2431.0,257158.6308921558,112659.27319027107,369817.90408242686,0.6953655516765868,0.30463444832341324
DE,2023,Electrical machinery,2833.0,256488.53709851624,113605.26990041653,370093.8069989328,0.6930365551868202,0.30696344481317983
DE,2024,Electrical machinery,2768.0,255818.4433048767,114551.26661056199,370369.70991543867,0.6907110286186312,0.30928897138136885
FI,2008,Electrical machinery,209.0,0.0,41937.0,41937.0,0.0,1.0
FI,2009,Electrical machinery,105.0,0.0,32860.0,32860.0,0.0,1.0
FI,2010,Electrical machinery,112.0,0.0,35795.0,35795.0,0.0,1.0
FI,2011,Electrical machinery,75.0,0.0,34827.0,34827.0,0.0,1.0
FI,2012,Electrical machinery,69.0,0.0,35267.0,35267.0,0.0,1.0
FI,2013,Electrical machinery,76.0,0.0,36433.0,36433.0,0.0,1.0
FI,2014,Electrical machinery,70.0,0.0,37008.0,37008.0,0.0,1.0
FI,2015,Electrical machinery,25.0,0.0,33392.0,33392.0,0.0,1.0
FI,2016,Electrical machinery,21.0,0.0,36147.0,36147.0,0.0,1.0
FI,2017,Electrical machinery,29.0,0.0,38406.0,38406.0,0.0,1.0
FI,2018,Electrical machinery,24.0,0.0,39430.0,39430.0,0.0,1.0
FI,2019,Electrical machinery,15.0,0.0,36907.0,36907.0,0.0,1.0
FI,2020,Electrical machinery,8.0,0.0,36589.0,36589.0,0.0,1.0
FI,2021,Electrical machinery,2.0,0.0,37352.0,37352.0,0.0,1.0
FI,2022,Electrical machinery,38.0,0.0,33029.534449823506,33029.534449823506,0.0,1.0
FI,2023,Electrical machinery,18.0,0.0,27066.0,27066.0,0.0,1.0
FI,2024,Electrical machinery,39.0,0.0,26640.0,26640.0,0.0,1.0
HR,2008,Electrical machinery,155.0,0.0,0.0,0.0,,
HR,2009,Electrical machinery,77.0,0.0,0.0,0.0,,
HR,2010,Electrical machinery,95.0,0.0,0.0,0.0,,
HR,2011,Electrical machinery,115.0,0.0,0.0,0.0,,
HR,2012,Electrical machinery,77.0,0.0,0.0,0.0,,
HR,2013,Electrical machinery,74.0,0.0,0.0,0.0,,
HR,2014,Electrical machinery,63.0,0.0,0.0,0.0,,
HR,2015,Electrical machinery,81.0,0.0,0.0,0.0,,
HR,2016,Electrical machinery,38.0,0.0,0.0,0.0,,
HR,2017,Electrical machinery,44.0,0.0,0.0,0.0,,
HR,2018,Electrical machinery,52.0,0.0,0.0,0.0,,
HR,2019,Electrical machinery,49.0,0.0,0.0,0.0,,
HR,2020,Electrical machinery,73.0,0.0,0.0,0.0,,
HR,2021,Electrical machinery,109.0,0.0,0.0,0.0,,
HR,2022,Electrical machinery,82.0,0.0,0.0,0.0,,
HR,2023,Electrical machinery,54.0,0.0,0.0,0.0,,
HR,2024,Electrical machinery,73.0,0.0,0.0,0.0,,
IE,2008,Electrical machinery,0.0,679.9249995366081,0.0,679.9249995366081,1.0,0.0
IE,2009,Electrical machinery,0.0,631.0,0.0,631.0,1.0,0.0
IE,2010,Electrical machinery,0.0,568.0,0.0,568.0,1.0,0.0
IE,2011,Electrical machinery,0.0,611.0,0.0,611.0,1.0,0.0
IE,2012,Electrical machinery,0.0,567.0,0.0,567.0,1.0,0.0
IE,2013,Electrical machinery,0.0,589.0,0.0,589.0,1.0,0.0
IE,2014,Electrical machinery,0.0,578.0,0.0,578.0,1.0,0.0
IE,2015,Electrical machinery,0.0,540.0,0.0,540.0,1.0,0.0
IE,2016,Electrical machinery,0.0,581.0,0.0,581.0,1.0,0.0
IE,2017,Electrical machinery,0.0,546.0,0.0,546.0,1.0,0.0
IE,2018,Electrical machinery,0.0,516.0,0.0,516.0,1.0,0.0
IE,2019,Electrical machinery,0.0,346.0,0.0,346.0,1.0,0.0
IE,2020,Electrical machinery,0.0,449.0,0.0,449.0,1.0,0.0
IE,2021,Electrical machinery,0.0,415.0,0.0,415.0,1.0,0.0
IE,2022,Electrical machinery,0.0,419.0,0.0,419.0,1.0,0.0
IE,2023,Electrical machinery,0.0,344.0,0.0,344.0,1.0,0.0
IE,2024,Electrical machinery,0.0,221.0,0.0,221.0,1.0,0.0
IT,2008,Electrical machinery,,55967.0,9912.0,65879.0,0.849542342779945,0.15045765722005494
IT,2009,Electrical machinery,482.0,43207.0,6308.0,49515.0,0.8726042613349491,0.127395738665051
IT,2010,Electrical machinery,,44818.0,4986.0,49804.0,0.8998875592321902,0.10011244076780981
IT,2011,Electrical machinery,391.0,60186.0,3624.0,63810.0,0.9432063939821345,0.05679360601786554
IT,2012,Electrical machinery,433.0,59948.0,3980.0,63928.0,0.9377424602678013,0.062257539732198726
IT,2013,Electrical machinery,,61267.0,3586.0,64853.0,0.9447057190877831,0.05529428091221686
IT,2014,Electrical machinery,386.0,62993.0,3564.0,66557.0,0.946451913397539,0.05354808660246105
IT,2015,Electrical machinery,383.0,62648.0,5837.972606497418,68485.97260649742,0.9147566664484581,0.08524333355154186
IT,2016,Electrical machinery,510.0,86911.0,5352.0,92263.0,0.9419919144185643,0.05800808558143568
IT,2017,Electrical machinery,450.0,86889.0,5675.0,92564.0,0.9386910678017372,0.061308932198262826
IT,2018,Electrical machinery,419.0,87962.0,6153.86642211608,94115.86642211609,0.9346139322086716,0.06538606779132829
IT,2019,Electrical machinery,415.0,85671.0,6028.0,91699.0,0.9342631871667084,0.06573681283329152
IT,2020,Electrical machinery,407.0,82039.0,6660.0,88699.0,0.9249145988117116,0.07508540118828848
IT,2021,Electrical machinery,457.0,92432.0,6469.76023773474,98901.76023773474,0.9345839728010596,0.06541602719894042
IT,2022,Electrical machinery,461.0,95384.0,8321.0,103705.0,0.9197627886794272,0.08023721132057278
IT,2023,Electrical machinery,602.0,87827.0,7512.0,95339.0,0.9212074806742256,0.07879251932577434
IT,2024,Electrical machinery,614.0,87461.0,7066.0,94527.0,0.9252488706930295,0.07475112930697049
LT,2008,Electrical machinery,137.0,0.0,54970.0,54970.0,0.0,1.0
LT,2009,Electrical machinery,75.0,0.0,42669.0,42669.0,0.0,1.0
LT,2010,Electrical machinery,99.0,0.0,48061.0,48061.0,0.0,1.0
LT,2011,Electrical machinery,104.0,0.0,52330.0,52330.0,0.0,1.0
LT,2012,Electrical machinery,95.0,0.0,49377.0,49377.0,0.0,1.0
LT,2013,Electrical machinery,75.0,0.0,48028.0,48028.0,0.0,1.0
LT,2014,Electrical machinery,84.0,0.0,49000.0,49000.0,0.0,1.0
LT,2015,Electrical machinery,69.0,0.0,48053.0,48053.0,0.0,1.0
LT,2016,Electrical machinery,71.0,0.0,47651.0,47651.0,0.0,1.0
LT,2017,Electrical machinery,92.0,0.0,52638.0,52638.0,0.0,1.0
LT,2018,Electrical machinery,125.0,0.0,56776.0,56776.0,0.0,1.0
LT,2019,Electrical machinery,133.0,0.0,55209.0,55209.0,0.0,1.0
LT,2020,Electrical machinery,138.0,0.0,53430.0,53430.0,0.0,1.0
LT,2021,Electrical machinery,178.0,0.0,51080.0,51080.0,0.0,1.0
LT,2022,Electrical machinery,149.0,0.0,30977.0,30977.0,0.0,1.0
LT,2023,Electrical machinery,106.0,0.0,27224.0,27224.0,0.0,1.0
LT,2024,Electrical machinery,102.0,0.0,25658.0,25658.0,0.0,1.0
PL,2008,Electrical machinery,1300.0,145750.0,71682.0,217432.0,0.6703245152507451,0.32967548474925495
PL,2009,Electrical machinery,1062.0,49290.0,126860.0,176150.0,0.2798183366449049,0.720181663355095
PL,2010,Electrical machinery,1117.0,131064.0,42225.0,173289.0,0.7563319079687689,0.24366809203123108
PL,2011,Electrical machinery,1252.0,163944.0,60911.0,224855.0,0.7291098708056303,0.2708901291943697
PL,2012,Electrical machinery,1060.0,162465.0,47209.0,209674.0,0.7748457128685483,0.2251542871314517
PL,2013,Electrical machinery,998.0,163724.0,43550.0,207274.0,0.7898916410162393,0.21010835898376062
PL,2014,Electrical machinery,795.0,161028.0,41383.0,202411.0,0.7955496489815277,0.2044503510184723
PL,2015,Electrical machinery,829.0,161412.0,34349.0,195761.0,0.8245360413974183,0.1754639586025817
PL,2016,Electrical machinery,849.0,164081.0,36204.0,200285.0,0.819237586439324,0.18076241356067604
PL,2017,Electrical machinery,923.0,189358.0,43790.0,233148.0,0.8121793881997701,0.1878206118002299
PL,2018,Electrical machinery,867.0,197481.0,43658.0,241139.0,0.8189508955415756,0.1810491044584244
PL,2019,Electrical machinery,739.0,187956.0,40730.0,228686.0,0.8218955248681599,0.17810447513184016
PL,2020,Electrical machinery,686.0,177979.0,35276.0,213255.0,0.834583010949333,0.16541698905066704
PL,2021,Electrical machinery,811.0,192914.0,38679.0,231593.0,0.8329871800961169,0.16701281990388311
PL,2022,Electrical machinery,769.0,195859.0,38383.0,234242.0,0.836139547988832,0.16386045201116795
PL,2023,Electrical machinery,634.0,192470.0,31894.0,224364.0,0.8578470699399191,0.14215293006008095
PL,2024,Electrical machinery,770.0,181102.0,35169.0,216271.0,0.8373845776826296,0.16261542231737033
RO,2008,Electrical machinery,837.0,0.0,63212.0,63212.0,0.0,1.0
RO,2009,Electrical machinery,369.0,0.0,46910.0,46910.0,0.0,1.0
RO,2010,Electrical machinery,409.0,0.0,49441.0,49441.0,0.0,1.0
RO,2011,Electrical machinery,422.0,0.0,57247.0,57247.0,0.0,1.0
RO,2012,Electrical machinery,297.0,0.0,50433.0,50433.0,0.0,1.0
RO,2013,Electrical machinery,284.0,0.0,47337.0,47337.0,0.0,1.0
RO,2014,Electrical machinery,238.0,0.0,49273.0,49273.0,0.0,1.0
RO,2015,Electrical machinery,166.0,0.0,49700.0,49700.0,0.0,1.0
RO,2016,Electrical machinery,269.0,0.0,47875.0,47875.0,0.0,1.0
RO,2017,Electrical machinery,312.0,0.0,56076.0,56076.0,0.0,1.0
RO,2018,Electrical machinery,283.0,0.0,55002.0,55002.0,0.0,1.0
RO,2019,Electrical machinery,343.0,0.0,58495.0,58495.0,0.0,1.0
RO,2020,Electrical machinery,252.0,0.0,49184.0,49184.0,0.0,1.0
RO,2021,Electrical machinery,218.0,0.0,56808.0,56808.0,0.0,1.0
RO,2022,Electrical machinery,291.0,0.0,53883.0,53883.0,0.0,1.0
RO,2023,Electrical machinery,354.0,0.0,47298.0,47298.0,0.0,1.0
RO,2024,Electrical machinery,326.0,0.0,41076.0,41076.0,0.0,1.0
SE,2008,Electrical machinery,891.0,44866.0,20766.0,65632.0,0.6835994636762555,0.31640053632374454
SE,2009,Electrical machinery,838.0,36606.0,19860.0,56466.0,0.6482839230687494,0.3517160769312507
SE,2010,Electrical machinery,917.0,45453.0,22876.0,68329.0,0.6652080375828711,0.3347919624171289
SE,2011,Electrical machinery,727.0,42593.0,25314.0,67907.0,0.6272254701282637,0.37277452987173637
SE,2012,Electrical machinery,596.0,41885.0,23904.0,65789.0,0.6366565839274043,0.36334341607259574
SE,2013,Electrical machinery,583.0,38082.0,28964.0,67046.0,0.5679980908629896,0.4320019091370104
SE,2014,Electrical machinery,632.0,37687.0,30348.0,68035.0,0.5539354743881826,0.4460645256118174
SE,2015,Electrical machinery,635.0,35929.0,29070.0,64999.0,0.552762350190003,0.4472376498099971
SE,2016,Electrical machinery,737.0,39060.0,28419.0,67479.0,0.5788467523229449,0.4211532476770551
SE,2017,Electrical machinery,732.0,40525.0,28825.0,69350.0,0.5843547224224946,0.4156452775775054
SE,2018,Electrical machinery,799.0,36502.0,32621.0,69123.0,0.5280731449734531,0.47192685502654685
SE,2019,Electrical machinery,637.0,35862.0,32358.0,68220.0,0.5256816182937555,0.4743183817062445
SE,2020,Electrical machinery,839.0,37318.0,32487.0,69805.0,0.5346035384284793,0.46539646157152065
SE,2021,Electrical machinery,772.0,39624.0,32834.0,72458.0,0.5468547296364791,0.4531452703635209
SE,2022,Electrical machinery,688.0,36190.55180770137,33175.56896294597,69366.12077064734,0.5217323875925264,0.4782676124074736
SE,2023,Electrical machinery,597.0,36693.0,31600.0,68293.0,0.5372878625920665,0.4627121374079335
SE,2024,Electrical machinery,570.0,34408.0,31499.0,65907.0,0.522068975981307,0.47793102401869303
SI,2008,Electrical machinery,230.0,8629.0,8605.0,17234.0,0.5006962980155506,0.49930370198444934
SI,2009,Electrical machinery,111.0,7584.0,5484.0,13068.0,0.5803489439853077,0.4196510560146924
SI,2010,Electrical machinery,202.0,9072.0,6494.0,15566.0,0.5828086855968135,0.4171913144031864
SI,2011,Electrical machinery,266.0,9722.0,6515.0,16237.0,0.5987559278191784,0.4012440721808216
SI,2012,Electrical machinery,210.0,9331.0,5442.0,14773.0,0.6316252623028498,0.36837473769715023
SI,2013,Electrical machinery,169.0,10815.0,5216.0,16031.0,0.6746304035930385,0.3253695964069615
SI,2014,Electrical machinery,136.0,11952.0,4930.0,16882.0,0.7079729889823481,0.29202701101765194
SI,2015,Electrical machinery,103.0,11647.0,4797.0,16444.0,0.7082826562880078,0.2917173437119922
SI,2016,Electrical machinery,132.0,12185.0,4715.0,16900.0,0.7210059171597634,0.2789940828402367
SI,2017,Electrical machinery,175.0,13908.0,4662.0,18570.0,0.7489499192245558,0.2510500807754443
SI,2018,Electrical machinery,148.0,13719.0,4609.0,18328.0,0.7485268441728503,0.25147315582714974
SI,2019,Electrical machinery,125.0,14094.0,4333.0,18427.0,0.7648559179464915,0.23514408205350845
SI,2020,Electrical machinery,113.0,12542.0,3959.0,16501.0,0.7600751469607903,0.23992485303920974
SI,2021,Electrical machinery,148.0,12690.0,4003.0,16693.0,0.7601988857604984,0.2398011142395016
SI,2022,Electrical machinery,121.0,13327.0,3905.0,17232.0,0.773386722376973,0.22661327762302694
SI,2023,Electrical machinery,126.0,12518.0,3433.0,15951.0,0.7847783838003887,0.2152216161996113
SI,2024,Electrical machinery,123.0,12064.0,3136.0,15200.0,0.7936842105263158,0.2063157894736842
SK,2008,Electrical machinery,341.0,29516.0,15009.0,44525.0,0.662908478382931,0.33709152161706907
SK,2009,Electrical machinery,226.0,26695.0,8851.0,35546.0,0.7509987059022112,0.2490012940977888
SK,2010,Electrical machinery,292.0,30405.0,10074.0,40479.0,0.7511302156673831,0.24886978433261692
SK,2011,Electrical machinery,252.0,27312.0,10172.0,37484.0,0.7286308825098708,0.2713691174901291
SK,2012,Electrical machinery,322.0,26931.0,8353.0,35284.0,0.7632638022899898,0.2367361977100102
SK,2013,Electrical machinery,320.0,27049.0,9259.0,36308.0,0.7449873306158422,0.2550126693841578
SK,2014,Electrical machinery,265.0,27758.0,8259.0,36017.0,0.7706916178471277,0.22930838215287225
SK,2015,Electrical machinery,287.0,29388.0,8136.0,37524.0,0.7831787655900224,0.2168212344099776
SK,2016,Electrical machinery,325.0,35035.0,6247.0,41282.0,0.848674967298096,0.15132503270190398
SK,2017,Electrical machinery,359.0,32628.0,7622.0,40250.0,0.8106335403726708,0.1893664596273292
SK,2018,Electrical machinery,327.0,35686.0,6827.0,42513.0,0.8394138263589961,0.16058617364100392
SK,2019,Electrical machinery,315.0,37636.0,7126.0,44762.0,0.8408024663777312,0.15919753362226888
SK,2020,Electrical machinery,256.0,33761.0,5974.0,39735.0,0.849653957468227,0.150346042531773
SK,2021,Electrical machinery,255.0,33617.0,6411.0,40028.0,0.8398371140201859,0.16016288597981412
SK,2022,Electrical machinery,223.0,30698.0,6066.0,36764.0,0.835001632031335,0.164998367968665
SK,2023,Electrical machinery,255.0,28842.0,4769.0,33611.0,0.858111927642736,0.141888072357264
SK,2024,Electrical machinery,360.0,28468.0,3437.0,31905.0,0.8922739382541921,0.10772606174580787
DE,2008,Transport equipment,0.0,267134.0,104164.0,371298.0,0.7194598408825257,0.2805401591174744
DE,2009,Transport equipment,0.0,265869.85020946997,100361.31595838009,366231.16616785,0.7259618371409091,0.27403816285909094
DE,2010,Transport equipment,0.0,262955.0,92984.0,355939.0,0.738764226454533,0.26123577354546706
DE,2011,Transport equipment,0.0,269220.0,105581.0,374801.0,0.7183011784920531,0.2816988215079469
DE,2012,Transport equipment,0.0,270644.0,95560.0,366204.0,0.7390525499448395,0.2609474500551605
DE,2013,Transport equipment,0.0,267938.0,105337.0,373275.0,0.717803228182975,0.28219677181702496
DE,2014,Transport equipment,0.0,257216.0,107810.0,365026.0,0.7046511755327017,0.2953488244672982
DE,2015,Transport equipment,0.0,261849.28744763264,106037.29621925285,367886.5836668855,0.7117663406957301,0.28823365930426986
DE,2016,Transport equipment,0.0,243435.0,106359.0,349794.0,0.6959381807578174,0.30406181924218256
DE,2017,Transport equipment,0.0,240100.0,124033.0,364133.0,0.6593744593321671,0.3406255406678329
DE,2018,Transport equipment,0.0,280570.0,107325.0,387895.0,0.7233142989726601,0.27668570102733986
DE,2019,Transport equipment,0.0,267322.0,99868.0,367190.0,0.7280209156022768,0.2719790843977232
DE,2020,Transport equipment,0.0,258498.8184794349,110767.27976998014,369266.09824941505,0.700033985532124,0.29996601446787596
DE,2021,Transport equipment,,257828.72468579534,111713.27648012561,369542.001165921,0.6976980258599417,0.3023019741400582
DE,2022,Transport equipment,0.0,257158.6308921558,112659.27319027107,369817.90408242686,0.6953655516765868,0.30463444832341324
DE,2023,Transport equipment,0.0,256488.53709851624,113605.26990041653,370093.8069989328,0.6930365551868202,0.30696344481317983
DE,2024,Transport equipment,0.0,255818.4433048767,114551.26661056199,370369.70991543867,0.6907110286186312,0.30928897138136885
FI,2008,Transport equipment,0.0,0.0,41937.0,41937.0,0.0,1.0
FI,2009,Transport equipment,0.0,0.0,32860.0,32860.0,0.0,1.0
FI,2010,Transport equipment,0.0,0.0,35795.0,35795.0,0.0,1.0
FI,2011,Transport equipment,0.0,0.0,34827.0,34827.0,0.0,1.0
FI,2012,Transport equipment,0.0,0.0,35267.0,35267.0,0.0,1.0
FI,2013,Transport equipment,0.0,0.0,36433.0,36433.0,0.0,1.0
FI,2014,Transport equipment,0.0,0.0,37008.0,37008.0,0.0,1.0
FI,2015,Transport equipment,0.0,0.0,33392.0,33392.0,0.0,1.0
FI,2016,Transport equipment,0.0,0.0,36147.0,36147.0,0.0,1.0
FI,2017,Transport equipment,0.0,0.0,38406.0,38406.0,0.0,1.0
FI,2018,Transport equipment,0.0,0.0,39430.0,39430.0,0.0,1.0
FI,2019,Transport equipment,0.0,0.0,36907.0,36907.0,0.0,1.0
FI,2020,Transport equipment,0.0,0.0,36589.0,36589.0,0.0,1.0
FI,2021,Transport equipment,0.0,0.0,37352.0,37352.0,0.0,1.0
FI,2022,Transport equipment,0.0,0.0,33029.534449823506,33029.534449823506,0.0,1.0
FI,2023,Transport equipment,0.0,0.0,27066.0,27066.0,0.0,1.0
FI,2024,Transport equipment,0.0,0.0,26640.0,26640.0,0.0,1.0
HR,2008,Transport equipment,0.0,0.0,0.0,0.0,,
HR,2009,Transport equipment,0.0,0.0,0.0,0.0,,
HR,2010,Transport equipment,0.0,0.0,0.0,0.0,,
HR,2011,Transport equipment,0.0,0.0,0.0,0.0,,
HR,2012,Transport equipment,0.0,0.0,0.0,0.0,,
HR,2013,Transport equipment,0.0,0.0,0.0,0.0,,
HR,2014,Transport equipment,0.0,0.0,0.0,0.0,,
HR,2015,Transport equipment,0.0,0.0,0.0,0.0,,
HR,2016,Transport equipment,0.0,0.0,0.0,0.0,,
HR,2017,Transport equipment,0.0,0.0,0.0,0.0,,
HR,2018,Transport equipment,0.0,0.0,0.0,0.0,,
HR,2019,Transport equipment,0.0,0.0,0.0,0.0,,
HR,2020,Transport equipment,0.0,0.0,0.0,0.0,,
HR,2021,Transport equipment,0.0,0.0,0.0,0.0,,
HR,2022,Transport equipment,0.0,0.0,0.0,0.0,,
HR,2023,Transport equipment,0.0,0.0,0.0,0.0,,
HR,2024,Transport equipment,0.0,0.0,0.0,0.0,,
IE,2008,Transport equipment,0.0,679.9249995366081,0.0,679.9249995366081,1.0,0.0
IE,2009,Transport equipment,0.0,631.0,0.0,631.0,1.0,0.0
IE,2010,Transport equipment,0.0,568.0,0.0,568.0,1.0,0.0
IE,2011,Transport equipment,0.0,611.0,0.0,611.0,1.0,0.0
IE,2012,Transport equipment,0.0,567.0,0.0,567.0,1.0,0.0
IE,2013,Transport equipment,0.0,589.0,0.0,589.0,1.0,0.0
IE,2014,Transport equipment,0.0,578.0,0.0,578.0,1.0,0.0
IE,2015,Transport equipment,0.0,540.0,0.0,540.0,1.0,0.0
IE,2016,Transport equipment,0.0,581.0,0.0,581.0,1.0,0.0
IE,2017,Transport equipment,0.0,546.0,0.0,546.0,1.0,0.0
IE,2018,Transport equipment,0.0,516.0,0.0,516.0,1.0,0.0
IE,2019,Transport equipment,0.0,346.0,0.0,346.0,1.0,0.0
IE,2020,Transport equipment,0.0,449.0,0.0,449.0,1.0,0.0
IE,2021,Transport equipment,0.0,415.0,0.0,415.0,1.0,0.0
IE,2022,Transport equipment,0.0,419.0,0.0,419.0,1.0,0.0
IE,2023,Transport equipment,0.0,344.0,0.0,344.0,1.0,0.0
IE,2024,Transport equipment,0.0,221.0,0.0,221.0,1.0,0.0
IT,2008,Transport equipment,,55967.0,9912.0,65879.0,0.849542342779945,0.15045765722005494
IT,2009,Transport equipment,0.0,43207.0,6308.0,49515.0,0.8726042613349491,0.127395738665051
IT,2010,Transport equipment,,44818.0,4986.0,49804.0,0.8998875592321902,0.10011244076780981
IT,2011,Transport equipment,0.0,60186.0,3624.0,63810.0,0.9432063939821345,0.05679360601786554
IT,2012,Transport equipment,0.0,59948.0,3980.0,63928.0,0.9377424602678013,0.062257539732198726
IT,2013,Transport equipment,0.0,61267.0,3586.0,64853.0,0.9447057190877831,0.05529428091221686
IT,2014,Transport equipment,0.0,62993.0,3564.0,66557.0,0.946451913397539,0.05354808660246105
IT,2015,Transport equipment,0.0,62648.0,5837.972606497418,68485.97260649742,0.9147566664484581,0.08524333355154186
IT,2016,Transport equipment,,86911.0,5352.0,92263.0,0.9419919144185643,0.05800808558143568
IT,2017,Transport equipment,,86889.0,5675.0,92564.0,0.9386910678017372,0.061308932198262826
IT,2018,Transport equipment,,87962.0,6153.86642211608,94115.86642211609,0.9346139322086716,0.06538606779132829
IT,2019,Transport equipment,,85671.0,6028.0,91699.0,0.9342631871667084,0.06573681283329152
IT,2020,Transport equipment,0.0,82039.0,6660.0,88699.0,0.9249145988117116,0.07508540118828848
IT,2021,Transport equipment,0.0,92432.0,6469.76023773474,98901.76023773474,0.9345839728010596,0.06541602719894042
IT,2022,Transport equipment,,95384.0,8321.0,103705.0,0.9197627886794272,0.08023721132057278
IT,2023,Transport equipment,0.0,87827.0,7512.0,95339.0,0.9212074806742256,0.07879251932577434
IT,2024,Transport equipment,0.0,87461.0,7066.0,94527.0,0.9252488706930295,0.07475112930697049
LT,2008,Transport equipment,0.0,0.0,54970.0,54970.0,0.0,1.0
LT,2009,Transport equipment,0.0,0.0,42669.0,42669.0,0.0,1.0
LT,2010,Transport equipment,0.0,0.0,48061.0,48061.0,0.0,1.0
LT,2011,Transport equipment,0.0,0.0,52330.0,52330.0,0.0,1.0
LT,2012,Transport equipment,0.0,0.0,49377.0,49377.0,0.0,1.0
LT,2013,Transport equipment,0.0,0.0,48028.0,48028.0,0.0,1.0
LT,2014,Transport equipment,0.0,0.0,49000.0,49000.0,0.0,1.0
LT,2015,Transport equipment,0.0,0.0,48053.0,48053.0,0.0,1.0
LT,2016,Transport equipment,0.0,0.0,47651.0,47651.0,0.0,1.0
LT,2017,Transport equipment,0.0,0.0,52638.0,52638.0,0.0,1.0
LT,2018,Transport equipment,0.0,0.0,56776.0,56776.0,0.0,1.0
LT,2019,Transport equipment,0.0,0.0,55209.0,55209.0,0.0,1.0
LT,2020,Transport equipment,0.0,0.0,53430.0,53430.0,0.0,1.0
LT,2021,Transport equipment,0.0,0.0,51080.0,51080.0,0.0,1.0
LT,2022,Transport equipment,0.0,0.0,30977.0,30977.0,0.0,1.0
LT,2023,Transport equipment,0.0,0.0,27224.0,27224.0,0.0,1.0
LT,2024,Transport equipment,0.0,0.0,25658.0,25658.0,0.0,1.0
PL,2008,Transport equipment,0.0,145750.0,71682.0,217432.0,0.6703245152507451,0.32967548474925495
PL,2009,Transport equipment,0.0,49290.0,126860.0,176150.0,0.2798183366449049,0.720181663355095
PL,2010,Transport equipment,0.0,131064.0,42225.0,173289.0,0.7563319079687689,0.24366809203123108
PL,2011,Transport equipment,0.0,163944.0,60911.0,224855.0,0.7291098708056303,0.2708901291943697
PL,2012,Transport equipment,0.0,162465.0,47209.0,209674.0,0.7748457128685483,0.2251542871314517
PL,2013,Transport equipment,0.0,163724.0,43550.0,207274.0,0.7898916410162393,0.21010835898376062
PL,2014,Transport equipment,0.0,161028.0,41383.0,202411.0,0.7955496489815277,0.2044503510184723
PL,2015,Transport equipment,0.0,161412.0,34349.0,195761.0,0.8245360413974183,0.1754639586025817
PL,2016,Transport equipment,0.0,164081.0,36204.0,200285.0,0.819237586439324,0.18076241356067604
PL,2017,Transport equipment,0.0,189358.0,43790.0,233148.0,0.8121793881997701,0.1878206118002299
PL,2018,Transport equipment,0.0,197481.0,43658.0,241139.0,0.8189508955415756,0.1810491044584244
PL,2019,Transport equipment,0.0,187956.0,40730.0,228686.0,0.8218955248681599,0.17810447513184016
PL,2020,Transport equipment,0.0,177979.0,35276.0,213255.0,0.834583010949333,0.16541698905066704
PL,2021,Transport equipment,0.0,192914.0,38679.0,231593.0,0.8329871800961169,0.16701281990388311
PL,2022,Transport equipment,0.0,195859.0,38383.0,234242.0,0.836139547988832,0.16386045201116795
PL,2023,Transport equipment,,192470.0,31894.0,224364.0,0.8578470699399191,0.14215293006008095
PL,2024,Transport equipment,,181102.0,35169.0,216271.0,0.8373845776826296,0.16261542231737033
RO,2008,Transport equipment,0.0,0.0,63212.0,63212.0,0.0,1.0
RO,2009,Transport equipment,0.0,0.0,46910.0,46910.0,0.0,1.0
RO,2010,Transport equipment,0.0,0.0,49441.0,49441.0,0.0,1.0
RO,2011,Transport equipment,0.0,0.0,57247.0,57247.0,0.0,1.0
RO,2012,Transport equipment,0.0,0.0,50433.0,50433.0,0.0,1.0
RO,2013,Transport equipment,0.0,0.0,47337.0,47337.0,0.0,1.0
RO,2014,Transport equipment,0.0,0.0,49273.0,49273.0,0.0,1.0
RO,2015,Transport equipment,0.0,0.0,49700.0,49700.0,0.0,1.0
RO,2016,Transport equipment,0.0,0.0,47875.0,47875.0,0.0,1.0
RO,2017,Transport equipment,0.0,0.0,56076.0,56076.0,0.0,1.0
RO,2018,Transport equipment,0.0,0.0,55002.0,55002.0,0.0,1.0
RO,2019,Transport equipment,0.0,0.0,58495.0,58495.0,0.0,1.0
RO,2020,Transport equipment,0.0,0.0,49184.0,49184.0,0.0,1.0
RO,2021,Transport equipment,0.0,0.0,56808.0,56808.0,0.0,1.0
RO,2022,Transport equipment,0.0,0.0,53883.0,53883.0,0.0,1.0
RO,2023,Transport equipment,0.0,0.0,47298.0,47298.0,0.0,1.0
RO,2024,Transport equipment,0.0,0.0,41076.0,41076.0,0.0,1.0
SE,2008,Transport equipment,124.0,44866.0,20766.0,65632.0,0.6835994636762555,0.31640053632374454
SE,2009,Transport equipment,125.0,36606.0,19860.0,56466.0,0.6482839230687494,0.3517160769312507
SE,2010,Transport equipment,105.0,45453.0,22876.0,68329.0,0.6652080375828711,0.3347919624171289
SE,2011,Transport equipment,121.0,42593.0,25314.0,67907.0,0.6272254701282637,0.37277452987173637
SE,2012,Transport equipment,119.0,41885.0,23904.0,65789.0,0.6366565839274043,0.36334341607259574
SE,2013,Transport equipment,122.0,38082.0,28964.0,67046.0,0.5679980908629896,0.4320019091370104
SE,2014,Transport equipment,128.0,37687.0,30348.0,68035.0,0.5539354743881826,0.4460645256118174
SE,2015,Transport equipment,127.0,35929.0,29070.0,64999.0,0.552762350190003,0.4472376498099971
SE,2016,Transport equipment,139.0,39060.0,28419.0,67479.0,0.5788467523229449,0.4211532476770551
SE,2017,Transport equipment,141.0,40525.0,28825.0,69350.0,0.5843547224224946,0.4156452775775054
SE,2018,Transport equipment,156.0,36502.0,32621.0,69123.0,0.5280731449734531,0.47192685502654685
SE,2019,Transport equipment,141.0,35862.0,32358.0,68220.0,0.5256816182937555,0.4743183817062445
SE,2020,Transport equipment,138.0,37318.0,32487.0,69805.0,0.5346035384284793,0.46539646157152065
SE,2021,Transport equipment,148.0,39624.0,32834.0,72458.0,0.5468547296364791,0.4531452703635209
SE,2022,Transport equipment,142.0,36190.55180770137,33175.56896294597,69366.12077064734,0.5217323875925264,0.4782676124074736
SE,2023,Transport equipment,128.0,36693.0,31600.0,68293.0,0.5372878625920665,0.4627121374079335
SE,2024,Transport equipment,120.0,34408.0,31499.0,65907.0,0.522068975981307,0.47793102401869303
SI,2008,Transport equipment,0.0,8629.0,8605.0,17234.0,0.5006962980155506,0.49930370198444934
SI,2009,Transport equipment,0.0,7584.0,5484.0,13068.0,0.5803489439853077,0.4196510560146924
SI,2010,Transport equipment,0.0,9072.0,6494.0,15566.0,0.5828086855968135,0.4171913144031864
SI,2011,Transport equipment,0.0,9722.0,6515.0,16237.0,0.5987559278191784,0.4012440721808216
SI,2012,Transport equipment,0.0,9331.0,5442.0,14773.0,0.6316252623028498,0.36837473769715023
SI,2013,Transport equipment,0.0,10815.0,5216.0,16031.0,0.6746304035930385,0.3253695964069615
SI,2014,Transport equipment,0.0,11952.0,4930.0,16882.0,0.7079729889823481,0.29202701101765194
SI,2015,Transport equipment,0.0,11647.0,4797.0,16444.0,0.7082826562880078,0.2917173437119922
SI,2016,Transport equipment,0.0,12185.0,4715.0,16900.0,0.7210059171597634,0.2789940828402367
SI,2017,Transport equipment,0.0,13908.0,4662.0,18570.0,0.7489499192245558,0.2510500807754443
SI,2018,Transport equipment,0.0,13719.0,4609.0,18328.0,0.7485268441728503,0.25147315582714974
SI,2019,Transport equipment,0.0,14094.0,4333.0,18427.0,0.7648559179464915,0.23514408205350845
SI,2020,Transport equipment,0.0,12542.0,3959.0,16501.0,0.7600751469607903,0.23992485303920974
SI,2021,Transport equipment,0.0,12690.0,4003.0,16693.0,0.7601988857604984,0.2398011142395016
SI,2022,Transport equipment,0.0,13327.0,3905.0,17232.0,0.773386722376973,0.22661327762302694
SI,2023,Transport equipment,0.0,12518.0,3433.0,15951.0,0.7847783838003887,0.2152216161996113
SI,2024,Transport equipment,0.0,12064.0,3136.0,15200.0,0.7936842105263158,0.2063157894736842
SK,2008,Transport equipment,0.0,29516.0,15009.0,44525.0,0.662908478382931,0.33709152161706907
SK,2009,Transport equipment,0.0,26695.0,8851.0,35546.0,0.7509987059022112,0.2490012940977888
SK,2010,Transport equipment,0.0,30405.0,10074.0,40479.0,0.7511302156673831,0.24886978433261692
SK,2011,Transport equipment,0.0,27312.0,10172.0,37484.0,0.7286308825098708,0.2713691174901291
SK,2012,Transport equipment,0.0,26931.0,8353.0,35284.0,0.7632638022899898,0.2367361977100102
SK,2013,Transport equipment,0.0,27049.0,9259.0,36308.0,0.7449873306158422,0.2550126693841578
SK,2014,Transport equipment,0.0,27758.0,8259.0,36017.0,0.7706916178471277,0.22930838215287225
SK,2015,Transport equipment,0.0,29388.0,8136.0,37524.0,0.7831787655900224,0.2168212344099776
SK,2016,Transport equipment,1.0,35035.0,6247.0,41282.0,0.848674967298096,0.15132503270190398
SK,2017,Transport equipment,0.0,32628.0,7622.0,40250.0,0.8106335403726708,0.1893664596273292
SK,2018,Transport equipment,0.0,35686.0,6827.0,42513.0,0.8394138263589961,0.16058617364100392
SK,2019,Transport equipment,0.0,37636.0,7126.0,44762.0,0.8408024663777312,0.15919753362226888
SK,2020,Transport equipment,0.0,33761.0,5974.0,39735.0,0.849653957468227,0.150346042531773
SK,2021,Transport equipment,0.0,33617.0,6411.0,40028.0,0.8398371140201859,0.16016288597981412
SK,2022,Transport equipment,0.0,30698.0,6066.0,36764.0,0.835001632031335,0.164998367968665
SK,2023,Transport equipment,0.0,28842.0,4769.0,33611.0,0.858111927642736,0.141888072357264
SK,2024,Transport equipment,0.0,28468.0,3437.0,31905.0,0.8922739382541921,0.10772606174580787
DE,2008,Furniture and other goods,1570.0,267134.0,104164.0,371298.0,0.7194598408825257,0.2805401591174744
DE,2009,Furniture and other goods,1283.0,265869.85020946997,100361.31595838009,366231.16616785,0.7259618371409091,0.27403816285909094
DE,2010,Furniture and other goods,1675.0,262955.0,92984.0,355939.0,0.738764226454533,0.26123577354546706
DE,2011,Furniture and other goods,1401.0,269220.0,105581.0,374801.0,0.7183011784920531,0.2816988215079469
DE,2012,Furniture and other goods,1443.0,270644.0,95560.0,366204.0,0.7390525499448395,0.2609474500551605
DE,2013,Furniture and other goods,1548.0,267938.0,105337.0,373275.0,0.717803228182975,0.28219677181702496
DE,2014,Furniture and other goods,1644.0,257216.0,107810.0,365026.0,0.7046511755327017,0.2953488244672982
DE,2015,Furniture and other goods,1997.0,261849.28744763264,106037.29621925285,367886.5836668855,0.7117663406957301,0.28823365930426986
DE,2016,Furniture and other goods,2296.0,243435.0,106359.0,349794.0,0.6959381807578174,0.30406181924218256
DE,2017,Furniture and other goods,2495.0,240100.0,124033.0,364133.0,0.6593744593321671,0.3406255406678329
DE,2018,Furniture and other goods,3130.0,280570.0,107325.0,387895.0,0.7233142989726601,0.27668570102733986
DE,2019,Furniture and other goods,3567.0,267322.0,99868.0,367190.0,0.7280209156022768,0.2719790843977232
DE,2020,Furniture and other goods,3375.0,258498.8184794349,110767.27976998014,369266.09824941505,0.700033985532124,0.29996601446787596
DE,2021,Furniture and other goods,4027.0,257828.72468579534,111713.27648012561,369542.001165921,0.6976980258599417,0.3023019741400582
DE,2022,Furniture and other goods,3959.0,257158.6308921558,112659.27319027107,369817.90408242686,0.6953655516765868,0.30463444832341324
DE,2023,Furniture and other goods,4011.0,256488.53709851624,113605.26990041653,370093.8069989328,0.6930365551868202,0.30696344481317983
DE,2024,Furniture and other goods,2640.0,255818.4433048767,114551.26661056199,370369.70991543867,0.6907110286186312,0.30928897138136885
FI,2008,Furniture and other goods,0.0,0.0,41937.0,41937.0,0.0,1.0
FI,2009,Furniture and other goods,0.0,0.0,32860.0,32860.0,0.0,1.0
FI,2010,Furniture and other goods,0.0,0.0,35795.0,35795.0,0.0,1.0
FI,2011,Furniture and other goods,0.0,0.0,34827.0,34827.0,0.0,1.0
FI,2012,Furniture and other goods,0.0,0.0,35267.0,35267.0,0.0,1.0
FI,2013,Furniture and other goods,0.0,0.0,36433.0,36433.0,0.0,1.0
FI,2014,Furniture and other goods,0.0,0.0,37008.0,37008.0,0.0,1.0
FI,2015,Furniture and other goods,0.0,0.0,33392.0,33392.0,0.0,1.0
FI,2016,Furniture and other goods,0.0,0.0,36147.0,36147.0,0.0,1.0
FI,2017,Furniture and other goods,0.0,0.0,38406.0,38406.0,0.0,1.0
FI,2018,Furniture and other goods,0.0,0.0,39430.0,39430.0,0.0,1.0
FI,2019,Furniture and other goods,0.0,0.0,36907.0,36907.0,0.0,1.0
FI,2020,Furniture and other goods,0.0,0.0,36589.0,36589.0,0.0,1.0
FI,2021,Furniture and other goods,0.0,0.0,37352.0,37352.0,0.0,1.0
FI,2022,Furniture and other goods,0.0,0.0,33029.534449823506,33029.534449823506,0.0,1.0
FI,2023,Furniture and other goods,0.0,0.0,27066.0,27066.0,0.0,1.0
FI,2024,Furniture and other goods,0.0,0.0,26640.0,26640.0,0.0,1.0
HR,2008,Furniture and other goods,22.0,0.0,0.0,0.0,,
HR,2009,Furniture and other goods,15.0,0.0,0.0,0.0,,
HR,2010,Furniture and other goods,20.0,0.0,0.0,0.0,,
HR,2011,Furniture and other goods,17.0,0.0,0.0,0.0,,
HR,2012,Furniture and other goods,12.0,0.0,0.0,0.0,,
HR,2013,Furniture and other goods,13.0,0.0,0.0,0.0,,
HR,2014,Furniture and other goods,15.0,0.0,0.0,0.0,,
HR,2015,Furniture and other goods,11.0,0.0,0.0,0.0,,
HR,2016,Furniture and other goods,19.0,0.0,0.0,0.0,,
HR,2017,Furniture and other goods,20.0,0.0,0.0,0.0,,
HR,2018,Furniture and other goods,15.0,0.0,0.0,0.0,,
HR,2019,Furniture and other goods,15.0,0.0,0.0,0.0,,
HR,2020,Furniture and other goods,9.0,0.0,0.0,0.0,,
HR,2021,Furniture and other goods,10.0,0.0,0.0,0.0,,
HR,2022,Furniture and other goods,19.0,0.0,0.0,0.0,,
HR,2023,Furniture and other goods,21.0,0.0,0.0,0.0,,
HR,2024,Furniture and other goods,17.0,0.0,0.0,0.0,,
IE,2008,Furniture and other goods,0.0,679.9249995366081,0.0,679.9249995366081,1.0,0.0
IE,2009,Furniture and other goods,0.0,631.0,0.0,631.0,1.0,0.0
IE,2010,Furniture and other goods,0.0,568.0,0.0,568.0,1.0,0.0
IE,2011,Furniture and other goods,0.0,611.0,0.0,611.0,1.0,0.0
IE,2012,Furniture and other goods,0.0,567.0,0.0,567.0,1.0,0.0
IE,2013,Furniture and other goods,0.0,589.0,0.0,589.0,1.0,0.0
IE,2014,Furniture and other goods,0.0,578.0,0.0,578.0,1.0,0.0
IE,2015,Furniture and other goods,0.0,540.0,0.0,540.0,1.0,0.0
IE,2016,Furniture and other goods,0.0,581.0,0.0,581.0,1.0,0.0
IE,2017,Furniture and other goods,0.0,546.0,0.0,546.0,1.0,0.0
IE,2018,Furniture and other goods,0.0,516.0,0.0,516.0,1.0,0.0
IE,2019,Furniture and other goods,0.0,346.0,0.0,346.0,1.0,0.0
IE,2020,Furniture and other goods,0.0,449.0,0.0,449.0,1.0,0.0
IE,2021,Furniture and other goods,0.0,415.0,0.0,415.0,1.0,0.0
IE,2022,Furniture and other goods,0.0,419.0,0.0,419.0,1.0,0.0
IE,2023,Furniture and other goods,0.0,344.0,0.0,344.0,1.0,0.0
IE,2024,Furniture and other goods,0.0,221.0,0.0,221.0,1.0,0.0
IT,2008,Furniture and other goods,,55967.0,9912.0,65879.0,0.849542342779945,0.15045765722005494
IT,2009,Furniture and other goods,378.0,43207.0,6308.0,49515.0,0.8726042613349491,0.127395738665051
IT,2010,Furniture and other goods,,44818.0,4986.0,49804.0,0.8998875592321902,0.10011244076780981
IT,2011,Furniture and other goods,262.0,60186.0,3624.0,63810.0,0.9432063939821345,0.05679360601786554
IT,2012,Furniture and other goods,293.0,59948.0,3980.0,63928.0,0.9377424602678013,0.062257539732198726
IT,2013,Furniture and other goods,,61267.0,3586.0,64853.0,0.9447057190877831,0.05529428091221686
IT,2014,Furniture and other goods,386.0,62993.0,3564.0,66557.0,0.946451913397539,0.05354808660246105
IT,2015,Furniture and other goods,385.0,62648.0,5837.972606497418,68485.97260649742,0.9147566664484581,0.08524333355154186
IT,2016,Furniture and other goods,342.0,86911.0,5352.0,92263.0,0.9419919144185643,0.05800808558143568
IT,2017,Furniture and other goods,273.0,86889.0,5675.0,92564.0,0.9386910678017372,0.061308932198262826
IT,2018,Furniture and other goods,286.0,87962.0,6153.86642211608,94115.86642211609,0.9346139322086716,0.06538606779132829
IT,2019,Furniture and other goods,284.0,85671.0,6028.0,91699.0,0.9342631871667084,0.06573681283329152
IT,2020,Furniture and other goods,240.0,82039.0,6660.0,88699.0,0.9249145988117116,0.07508540118828848
IT,2021,Furniture and other goods,283.0,92432.0,6469.76023773474,98901.76023773474,0.9345839728010596,0.06541602719894042
IT,2022,Furniture and other goods,261.0,95384.0,8321.0,103705.0,0.9197627886794272,0.08023721132057278
IT,2023,Furniture and other goods,201.0,87827.0,7512.0,95339.0,0.9212074806742256,0.07879251932577434
IT,2024,Furniture and other goods,216.0,87461.0,7066.0,94527.0,0.9252488706930295,0.07475112930697049
LT,2008,Furniture and other goods,2.0,0.0,54970.0,54970.0,0.0,1.0
LT,2009,Furniture and other goods,0.0,0.0,42669.0,42669.0,0.0,1.0
LT,2010,Furniture and other goods,0.0,0.0,48061.0,48061.0,0.0,1.0
LT,2011,Furniture and other goods,0.0,0.0,52330.0,52330.0,0.0,1.0
LT,2012,Furniture and other goods,30.0,0.0,49377.0,49377.0,0.0,1.0
LT,2013,Furniture and other goods,32.0,0.0,48028.0,48028.0,0.0,1.0
LT,2014,Furniture and other goods,27.0,0.0,49000.0,49000.0,0.0,1.0
LT,2015,Furniture and other goods,22.0,0.0,48053.0,48053.0,0.0,1.0
LT,2016,Furniture and other goods,23.0,0.0,47651.0,47651.0,0.0,1.0
LT,2017,Furniture and other goods,30.0,0.0,52638.0,52638.0,0.0,1.0
LT,2018,Furniture and other goods,32.0,0.0,56776.0,56776.0,0.0,1.0
LT,2019,Furniture and other goods,30.0,0.0,55209.0,55209.0,0.0,1.0
LT,2020,Furniture and other goods,24.0,0.0,53430.0,53430.0,0.0,1.0
LT,2021,Furniture and other goods,47.0,0.0,51080.0,51080.0,0.0,1.0
LT,2022,Furniture and other goods,52.0,0.0,30977.0,30977.0,0.0,1.0
LT,2023,Furniture and other goods,45.0,0.0,27224.0,27224.0,0.0,1.0
LT,2024,Furniture and other goods,43.0,0.0,25658.0,25658.0,0.0,1.0
PL,2008,Furniture and other goods,248.0,145750.0,71682.0,217432.0,0.6703245152507451,0.32967548474925495
PL,2009,Furniture and other goods,147.0,49290.0,126860.0,176150.0,0.2798183366449049,0.720181663355095
PL,2010,Furniture and other goods,183.0,131064.0,42225.0,173289.0,0.7563319079687689,0.24366809203123108
PL,2011,Furniture and other goods,288.0,163944.0,60911.0,224855.0,0.7291098708056303,0.2708901291943697
PL,2012,Furniture and other goods,343.0,162465.0,47209.0,209674.0,0.7748457128685483,0.2251542871314517
PL,2013,Furniture and other goods,264.0,163724.0,43550.0,207274.0,0.7898916410162393,0.21010835898376062
PL,2014,Furniture and other goods,266.0,161028.0,41383.0,202411.0,0.7955496489815277,0.2044503510184723
PL,2015,Furniture and other goods,309.0,161412.0,34349.0,195761.0,0.8245360413974183,0.1754639586025817
PL,2016,Furniture and other goods,358.0,164081.0,36204.0,200285.0,0.819237586439324,0.18076241356067604
PL,2017,Furniture and other goods,423.0,189358.0,43790.0,233148.0,0.8121793881997701,0.1878206118002299
PL,2018,Furniture and other goods,467.0,197481.0,43658.0,241139.0,0.8189508955415756,0.1810491044584244
PL,2019,Furniture and other goods,458.0,187956.0,40730.0,228686.0,0.8218955248681599,0.17810447513184016
PL,2020,Furniture and other goods,452.0,177979.0,35276.0,213255.0,0.834583010949333,0.16541698905066704
PL,2021,Furniture and other goods,459.0,192914.0,38679.0,231593.0,0.8329871800961169,0.16701281990388311
PL,2022,Furniture and other goods,464.0,195859.0,38383.0,234242.0,0.836139547988832,0.16386045201116795
PL,2023,Furniture and other goods,421.0,192470.0,31894.0,224364.0,0.8578470699399191,0.14215293006008095
PL,2024,Furniture and other goods,435.0,181102.0,35169.0,216271.0,0.8373845776826296,0.16261542231737033
RO,2008,Furniture and other goods,75.0,0.0,63212.0,63212.0,0.0,1.0
RO,2009,Furniture and other goods,66.0,0.0,46910.0,46910.0,0.0,1.0
RO,2010,Furniture and other goods,76.0,0.0,49441.0,49441.0,0.0,1.0
RO,2011,Furniture and other goods,107.0,0.0,57247.0,57247.0,0.0,1.0
RO,2012,Furniture and other goods,112.0,0.0,50433.0,50433.0,0.0,1.0
RO,2013,Furniture and other goods,129.0,0.0,47337.0,47337.0,0.0,1.0
RO,2014,Furniture and other goods,114.0,0.0,49273.0,49273.0,0.0,1.0
RO,2015,Furniture and other goods,93.0,0.0,49700.0,49700.0,0.0,1.0
RO,2016,Furniture and other goods,70.0,0.0,47875.0,47875.0,0.0,1.0
RO,2017,Furniture and other goods,136.0,0.0,56076.0,56076.0,0.0,1.0
RO,2018,Furniture and other goods,148.0,0.0,55002.0,55002.0,0.0,1.0
RO,2019,Furniture and other goods,125.0,0.0,58495.0,58495.0,0.0,1.0
RO,2020,Furniture and other goods,122.0,0.0,49184.0,49184.0,0.0,1.0
RO,2021,Furniture and other goods,97.0,0.0,56808.0,56808.0,0.0,1.0
RO,2022,Furniture and other goods,105.0,0.0,53883.0,53883.0,0.0,1.0
RO,2023,Furniture and other goods,171.0,0.0,47298.0,47298.0,0.0,1.0
RO,2024,Furniture and other goods,188.0,0.0,41076.0,41076.0,0.0,1.0
SE,2008,Furniture and other goods,499.0,44866.0,20766.0,65632.0,0.6835994636762555,0.31640053632374454
SE,2009,Furniture and other goods,528.0,36606.0,19860.0,56466.0,0.6482839230687494,0.3517160769312507
SE,2010,Furniture and other goods,552.0,45453.0,22876.0,68329.0,0.6652080375828711,0.3347919624171289
SE,2011,Furniture and other goods,532.0,42593.0,25314.0,67907.0,0.6272254701282637,0.37277452987173637
SE,2012,Furniture and other goods,518.0,41885.0,23904.0,65789.0,0.6366565839274043,0.36334341607259574
SE,2013,Furniture and other goods,485.0,38082.0,28964.0,67046.0,0.5679980908629896,0.4320019091370104
SE,2014,Furniture and other goods,409.0,37687.0,30348.0,68035.0,0.5539354743881826,0.4460645256118174
SE,2015,Furniture and other goods,417.0,35929.0,29070.0,64999.0,0.552762350190003,0.4472376498099971
SE,2016,Furniture and other goods,372.0,39060.0,28419.0,67479.0,0.5788467523229449,0.4211532476770551
SE,2017,Furniture and other goods,400.0,40525.0,28825.0,69350.0,0.5843547224224946,0.4156452775775054
SE,2018,Furniture and other goods,518.0,36502.0,32621.0,69123.0,0.5280731449734531,0.47192685502654685
SE,2019,Furniture and other goods,578.0,35862.0,32358.0,68220.0,0.5256816182937555,0.4743183817062445
SE,2020,Furniture and other goods,514.0,37318.0,32487.0,69805.0,0.5346035384284793,0.46539646157152065
SE,2021,Furniture and other goods,448.0,39624.0,32834.0,72458.0,0.5468547296364791,0.4531452703635209
SE,2022,Furniture and other goods,417.0,36190.55180770137,33175.56896294597,69366.12077064734,0.5217323875925264,0.4782676124074736
SE,2023,Furniture and other goods,375.0,36693.0,31600.0,68293.0,0.5372878625920665,0.4627121374079335
SE,2024,Furniture and other goods,415.0,34408.0,31499.0,65907.0,0.522068975981307,0.47793102401869303
SI,2008,Furniture and other goods,47.0,8629.0,8605.0,17234.0,0.5006962980155506,0.49930370198444934
SI,2009,Furniture and other goods,56.0,7584.0,5484.0,13068.0,0.5803489439853077,0.4196510560146924
SI,2010,Furniture and other goods,55.0,9072.0,6494.0,15566.0,0.5828086855968135,0.4171913144031864
SI,2011,Furniture and other goods,60.0,9722.0,6515.0,16237.0,0.5987559278191784,0.4012440721808216
SI,2012,Furniture and other goods,43.0,9331.0,5442.0,14773.0,0.6316252623028498,0.36837473769715023
SI,2013,Furniture and other goods,36.0,10815.0,5216.0,16031.0,0.6746304035930385,0.3253695964069615
SI,2014,Furniture and other goods,32.0,11952.0,4930.0,16882.0,0.7079729889823481,0.29202701101765194
SI,2015,Furniture and other goods,26.0,11647.0,4797.0,16444.0,0.7082826562880078,0.2917173437119922
SI,2016,Furniture and other goods,27.0,12185.0,4715.0,16900.0,0.7210059171597634,0.2789940828402367
SI,2017,Furniture and other goods,31.0,13908.0,4662.0,18570.0,0.7489499192245558,0.2510500807754443
SI,2018,Furniture and other goods,26.0,13719.0,4609.0,18328.0,0.7485268441728503,0.25147315582714974
SI,2019,Furniture and other goods,26.0,14094.0,4333.0,18427.0,0.7648559179464915,0.23514408205350845
SI,2020,Furniture and other goods,26.0,12542.0,3959.0,16501.0,0.7600751469607903,0.23992485303920974
SI,2021,Furniture and other goods,28.0,12690.0,4003.0,16693.0,0.7601988857604984,0.2398011142395016
SI,2022,Furniture and other goods,36.0,13327.0,3905.0,17232.0,0.773386722376973,0.22661327762302694
SI,2023,Furniture and other goods,40.0,12518.0,3433.0,15951.0,0.7847783838003887,0.2152216161996113
SI,2024,Furniture and other goods,37.0,12064.0,3136.0,15200.0,0.7936842105263158,0.2063157894736842
SK,2008,Furniture and other goods,16.0,29516.0,15009.0,44525.0,0.662908478382931,0.33709152161706907
SK,2009,Furniture and other goods,14.0,26695.0,8851.0,35546.0,0.7509987059022112,0.2490012940977888
SK,2010,Furniture and other goods,30.0,30405.0,10074.0,40479.0,0.7511302156673831,0.24886978433261692
SK,2011,Furniture and other goods,58.0,27312.0,10172.0,37484.0,0.7286308825098708,0.2713691174901291
SK,2012,Furniture and other goods,36.0,26931.0,8353.0,35284.0,0.7632638022899898,0.2367361977100102
SK,2013,Furniture and other goods,19.0,27049.0,9259.0,36308.0,0.7449873306158422,0.2550126693841578
SK,2014,Furniture and other goods,17.0,27758.0,8259.0,36017.0,0.7706916178471277,0.22930838215287225
SK,2015,Furniture and other goods,15.0,29388.0,8136.0,37524.0,0.7831787655900224,0.2168212344099776
SK,2016,Furniture and other goods,30.0,35035.0,6247.0,41282.0,0.848674967298096,0.15132503270190398
SK,2017,Furniture and other goods,27.0,32628.0,7622.0,40250.0,0.8106335403726708,0.1893664596273292
SK,2018,Furniture and other goods,28.0,35686.0,6827.0,42513.0,0.8394138263589961,0.16058617364100392
SK,2019,Furniture and other goods,25.0,37636.0,7126.0,44762.0,0.8408024663777312,0.15919753362226888
SK,2020,Furniture and other goods,21.0,33761.0,5974.0,39735.0,0.849653957468227,0.150346042531773
SK,2021,Furniture and other goods,21.0,33617.0,6411.0,40028.0,0.8398371140201859,0.16016288597981412
SK,2022,Furniture and other goods,20.0,30698.0,6066.0,36764.0,0.835001632031335,0.164998367968665
SK,2023,Furniture and other goods,14.0,28842.0,4769.0,33611.0,0.858111927642736,0.141888072357264
SK,2024,Furniture and other goods,14.0,28468.0,3437.0,31905.0,0.8922739382541921,0.10772606174580787
DE,2008,Secondary raw materials and waste,6.0,267134.0,104164.0,371298.0,0.7194598408825257,0.2805401591174744
DE,2009,Secondary raw materials and waste,6.0,265869.85020946997,100361.31595838009,366231.16616785,0.7259618371409091,0.27403816285909094
DE,2010,Secondary raw materials and waste,7.0,262955.0,92984.0,355939.0,0.738764226454533,0.26123577354546706
DE,2011,Secondary raw materials and waste,15.0,269220.0,105581.0,374801.0,0.7183011784920531,0.2816988215079469
DE,2012,Secondary raw materials and waste,13.0,270644.0,95560.0,366204.0,0.7390525499448395,0.2609474500551605
DE,2013,Secondary raw materials and waste,20.0,267938.0,105337.0,373275.0,0.717803228182975,0.28219677181702496
DE,2014,Secondary raw materials and waste,21.0,257216.0,107810.0,365026.0,0.7046511755327017,0.2953488244672982
DE,2015,Secondary raw materials and waste,12.0,261849.28744763264,106037.29621925285,367886.5836668855,0.7117663406957301,0.28823365930426986
DE,2016,Secondary raw materials and waste,8.0,243435.0,106359.0,349794.0,0.6959381807578174,0.30406181924218256
DE,2017,Secondary raw materials and waste,11.0,240100.0,124033.0,364133.0,0.6593744593321671,0.3406255406678329
DE,2018,Secondary raw materials and waste,23.0,280570.0,107325.0,387895.0,0.7233142989726601,0.27668570102733986
DE,2019,Secondary raw materials and waste,6.0,267322.0,99868.0,367190.0,0.7280209156022768,0.2719790843977232
DE,2020,Secondary raw materials and waste,2.0,258498.8184794349,110767.27976998014,369266.09824941505,0.700033985532124,0.29996601446787596
DE,2021,Secondary raw materials and waste,1.0,257828.72468579534,111713.27648012561,369542.001165921,0.6976980258599417,0.3023019741400582
DE,2022,Secondary raw materials and waste,1.0,257158.6308921558,112659.27319027107,369817.90408242686,0.6953655516765868,0.30463444832341324
DE,2023,Secondary raw materials and waste,95.0,256488.53709851624,113605.26990041653,370093.8069989328,0.6930365551868202,0.30696344481317983
DE,2024,Secondary raw materials and waste,2.0,255818.4433048767,114551.26661056199,370369.70991543867,0.6907110286186312,0.30928897138136885
FI,2008,Secondary raw materials and waste,0.0,0.0,41937.0,41937.0,0.0,1.0
FI,2009,Secondary raw materials and waste,0.0,0.0,32860.0,32860.0,0.0,1.0
FI,2010,Secondary raw materials and waste,0.0,0.0,35795.0,35795.0,0.0,1.0
FI,2011,Secondary raw materials and waste,0.0,0.0,34827.0,34827.0,0.0,1.0
FI,2012,Secondary raw materials and waste,0.0,0.0,35267.0,35267.0,0.0,1.0
FI,2013,Secondary raw materials and waste,0.0,0.0,36433.0,36433.0,0.0,1.0
FI,2014,Secondary raw materials and waste,0.0,0.0,37008.0,37008.0,0.0,1.0
FI,2015,Secondary raw materials and waste,0.0,0.0,33392.0,33392.0,0.0,1.0
FI,2016,Secondary raw materials and waste,0.0,0.0,36147.0,36147.0,0.0,1.0
FI,2017,Secondary raw materials and waste,0.0,0.0,38406.0,38406.0,0.0,1.0
FI,2018,Secondary raw materials and waste,0.0,0.0,39430.0,39430.0,0.0,1.0
FI,2019,Secondary raw materials and waste,0.0,0.0,36907.0,36907.0,0.0,1.0
FI,2020,Secondary raw materials and waste,0.0,0.0,36589.0,36589.0,0.0,1.0
FI,2021,Secondary raw materials and waste,0.0,0.0,37352.0,37352.0,0.0,1.0
FI,2022,Secondary raw materials and waste,0.0,0.0,33029.534449823506,33029.534449823506,0.0,1.0
FI,2023,Secondary raw materials and waste,0.0,0.0,27066.0,27066.0,0.0,1.0
FI,2024,Secondary raw materials and waste,0.0,0.0,26640.0,26640.0,0.0,1.0
HR,2008,Secondary raw materials and waste,0.0,0.0,0.0,0.0,,
HR,2009,Secondary raw materials and waste,0.0,0.0,0.0,0.0,,
HR,2010,Secondary raw materials and waste,0.0,0.0,0.0,0.0,,
HR,2011,Secondary raw materials and waste,0.0,0.0,0.0,0.0,,
HR,2012,Secondary raw materials and waste,0.0,0.0,0.0,0.0,,
HR,2013,Secondary raw materials and waste,0.0,0.0,0.0,0.0,,
HR,2014,Secondary raw materials and waste,0.0,0.0,0.0,0.0,,
HR,2015,Secondary raw materials and waste,0.0,0.0,0.0,0.0,,
HR,2016,Secondary raw materials and waste,0.0,0.0,0.0,0.0,,
HR,2017,Secondary raw materials and waste,0.0,0.0,0.0,0.0,,
HR,2018,Secondary raw materials and waste,0.0,0.0,0.0,0.0,,
HR,2019,Secondary raw materials and waste,0.0,0.0,0.0,0.0,,
HR,2020,Secondary raw materials and waste,0.0,0.0,0.0,0.0,,
HR,2021,Secondary raw materials and waste,0.0,0.0,0.0,0.0,,
HR,2022,Secondary raw materials and waste,0.0,0.0,0.0,0.0,,
HR,2023,Secondary raw materials and waste,0.0,0.0,0.0,0.0,,
HR,2024,Secondary raw materials and waste,0.0,0.0,0.0,0.0,,
IE,2008,Secondary raw materials and waste,0.0,679.9249995366081,0.0,679.9249995366081,1.0,0.0
IE,2009,Secondary raw materials and waste,0.0,631.0,0.0,631.0,1.0,0.0
IE,2010,Secondary raw materials and waste,0.0,568.0,0.0,568.0,1.0,0.0
IE,2011,Secondary raw materials and waste,0.0,611.0,0.0,611.0,1.0,0.0
IE,2012,Secondary raw materials and waste,0.0,567.0,0.0,567.0,1.0,0.0
IE,2013,Secondary raw materials and waste,0.0,589.0,0.0,589.0,1.0,0.0
IE,2014,Secondary raw materials and waste,0.0,578.0,0.0,578.0,1.0,0.0
IE,2015,Secondary raw materials and waste,0.0,540.0,0.0,540.0,1.0,0.0
IE,2016,Secondary raw materials and waste,0.0,581.0,0.0,581.0,1.0,0.0
IE,2017,Secondary raw materials and waste,0.0,546.0,0.0,546.0,1.0,0.0
IE,2018,Secondary raw materials and waste,0.0,516.0,0.0,516.0,1.0,0.0
IE,2019,Secondary raw materials and waste,0.0,346.0,0.0,346.0,1.0,0.0
IE,2020,Secondary raw materials and waste,0.0,449.0,0.0,449.0,1.0,0.0
IE,2021,Secondary raw materials and waste,0.0,415.0,0.0,415.0,1.0,0.0
IE,2022,Secondary raw materials and waste,0.0,419.0,0.0,419.0,1.0,0.0
IE,2023,Secondary raw materials and waste,0.0,344.0,0.0,344.0,1.0,0.0
IE,2024,Secondary raw materials and waste,0.0,221.0,0.0,221.0,1.0,0.0
IT,2008,Secondary raw materials and waste,,55967.0,9912.0,65879.0,0.849542342779945,0.15045765722005494
IT,2009,Secondary raw materials and waste,0.0,43207.0,6308.0,49515.0,0.8726042613349491,0.127395738665051
IT,2010,Secondary raw materials and waste,,44818.0,4986.0,49804.0,0.8998875592321902,0.10011244076780981
IT,2011,Secondary raw materials and waste,0.0,60186.0,3624.0,63810.0,0.9432063939821345,0.05679360601786554
IT,2012,Secondary raw materials and waste,0.0,59948.0,3980.0,63928.0,0.9377424602678013,0.062257539732198726
IT,2013,Secondary raw materials and waste,,61267.0,3586.0,64853.0,0.9447057190877831,0.05529428091221686
IT,2014,Secondary raw materials and waste,,62993.0,3564.0,66557.0,0.946451913397539,0.05354808660246105
IT,2015,Secondary raw materials and waste,,62648.0,5837.972606497418,68485.97260649742,0.9147566664484581,0.08524333355154186
IT,2016,Secondary raw materials and waste,0.0,86911.0,5352.0,92263.0,0.9419919144185643,0.05800808558143568
IT,2017,Secondary raw materials and waste,2.0,86889.0,5675.0,92564.0,0.9386910678017372,0.061308932198262826
IT,2018,Secondary raw materials and waste,12.0,87962.0,6153.86642211608,94115.86642211609,0.9346139322086716,0.06538606779132829
IT,2019,Secondary raw materials and waste,66.0,85671.0,6028.0,91699.0,0.9342631871667084,0.06573681283329152
IT,2020,Secondary raw materials and waste,63.0,82039.0,6660.0,88699.0,0.9249145988117116,0.07508540118828848
IT,2021,Secondary raw materials and waste,84.0,92432.0,6469.76023773474,98901.76023773474,0.9345839728010596,0.06541602719894042
IT,2022,Secondary raw materials and waste,97.0,95384.0,8321.0,103705.0,0.9197627886794272,0.08023721132057278
IT,2023,Secondary raw materials and waste,91.0,87827.0,7512.0,95339.0,0.9212074806742256,0.07879251932577434
IT,2024,Secondary raw materials and waste,113.0,87461.0,7066.0,94527.0,0.9252488706930295,0.07475112930697049
LT,2008,Secondary raw materials and waste,1.0,0.0,54970.0,54970.0,0.0,1.0
LT,2009,Secondary raw materials and waste,23.0,0.0,42669.0,42669.0,0.0,1.0
LT,2010,Secondary raw materials and waste,23.0,0.0,48061.0,48061.0,0.0,1.0
LT,2011,Secondary raw materials and waste,24.0,0.0,52330.0,52330.0,0.0,1.0
LT,2012,Secondary raw materials and waste,32.0,0.0,49377.0,49377.0,0.0,1.0
LT,2013,Secondary raw materials and waste,25.0,0.0,48028.0,48028.0,0.0,1.0
LT,2014,Secondary raw materials and waste,22.0,0.0,49000.0,49000.0,0.0,1.0
LT,2015,Secondary raw materials and waste,10.0,0.0,48053.0,48053.0,0.0,1.0
LT,2016,Secondary raw materials and waste,1.0,0.0,47651.0,47651.0,0.0,1.0
LT,2017,Secondary raw materials and waste,1.0,0.0,52638.0,52638.0,0.0,1.0
LT,2018,Secondary raw materials and waste,1.0,0.0,56776.0,56776.0,0.0,1.0
LT,2019,Secondary raw materials and waste,1.0,0.0,55209.0,55209.0,0.0,1.0
LT,2020,Secondary raw materials and waste,2.0,0.0,53430.0,53430.0,0.0,1.0
LT,2021,Secondary raw materials and waste,1.0,0.0,51080.0,51080.0,0.0,1.0
LT,2022,Secondary raw materials and waste,4.0,0.0,30977.0,30977.0,0.0,1.0
LT,2023,Secondary raw materials and waste,29.0,0.0,27224.0,27224.0,0.0,1.0
LT,2024,Secondary raw materials and waste,0.0,0.0,25658.0,25658.0,0.0,1.0
PL,2008,Secondary raw materials and waste,0.0,145750.0,71682.0,217432.0,0.6703245152507451,0.32967548474925495
PL,2009,Secondary raw materials and waste,0.0,49290.0,126860.0,176150.0,0.2798183366449049,0.720181663355095
PL,2010,Secondary raw materials and waste,0.0,131064.0,42225.0,173289.0,0.7563319079687689,0.24366809203123108
PL,2011,Secondary raw materials and waste,0.0,163944.0,60911.0,224855.0,0.7291098708056303,0.2708901291943697
PL,2012,Secondary raw materials and waste,1.0,162465.0,47209.0,209674.0,0.7748457128685483,0.2251542871314517
PL,2013,Secondary raw materials and waste,1.0,163724.0,43550.0,207274.0,0.7898916410162393,0.21010835898376062
PL,2014,Secondary raw materials and waste,0.0,161028.0,41383.0,202411.0,0.7955496489815277,0.2044503510184723
PL,2015,Secondary raw materials and waste,0.0,161412.0,34349.0,195761.0,0.8245360413974183,0.1754639586025817
PL,2016,Secondary raw materials and waste,0.0,164081.0,36204.0,200285.0,0.819237586439324,0.18076241356067604
PL,2017,Secondary raw materials and waste,0.0,189358.0,43790.0,233148.0,0.8121793881997701,0.1878206118002299
PL,2018,Secondary raw materials and waste,0.0,197481.0,43658.0,241139.0,0.8189508955415756,0.1810491044584244
PL,2019,Secondary raw materials and waste,1.0,187956.0,40730.0,228686.0,0.8218955248681599,0.17810447513184016
PL,2020,Secondary raw materials and waste,0.0,177979.0,35276.0,213255.0,0.834583010949333,0.16541698905066704
PL,2021,Secondary raw materials and waste,0.0,192914.0,38679.0,231593.0,0.8329871800961169,0.16701281990388311
PL,2022,Secondary raw materials and waste,0.0,195859.0,38383.0,234242.0,0.836139547988832,0.16386045201116795
PL,2023,Secondary raw materials and waste,,192470.0,31894.0,224364.0,0.8578470699399191,0.14215293006008095
PL,2024,Secondary raw materials and waste,,181102.0,35169.0,216271.0,0.8373845776826296,0.16261542231737033
RO,2008,Secondary raw materials and waste,4.0,0.0,63212.0,63212.0,0.0,1.0
RO,2009,Secondary raw materials and waste,5.0,0.0,46910.0,46910.0,0.0,1.0
RO,2010,Secondary raw materials and waste,11.0,0.0,49441.0,49441.0,0.0,1.0
RO,2011,Secondary raw materials and waste,12.0,0.0,57247.0,57247.0,0.0,1.0
RO,2012,Secondary raw materials and waste,10.0,0.0,50433.0,50433.0,0.0,1.0
RO,2013,Secondary raw materials and waste,5.0,0.0,47337.0,47337.0,0.0,1.0
RO,2014,Secondary raw materials and waste,5.0,0.0,49273.0,49273.0,0.0,1.0
RO,2015,Secondary raw materials and waste,4.0,0.0,49700.0,49700.0,0.0,1.0
RO,2016,Secondary raw materials and waste,3.0,0.0,47875.0,47875.0,0.0,1.0
RO,2017,Secondary raw materials and waste,3.0,0.0,56076.0,56076.0,0.0,1.0
RO,2018,Secondary raw materials and waste,4.0,0.0,55002.0,55002.0,0.0,1.0
RO,2019,Secondary raw materials and waste,2.0,0.0,58495.0,58495.0,0.0,1.0
RO,2020,Secondary raw materials and waste,1.0,0.0,49184.0,49184.0,0.0,1.0
RO,2021,Secondary raw materials and waste,1.0,0.0,56808.0,56808.0,0.0,1.0
RO,2022,Secondary raw materials and waste,1.0,0.0,53883.0,53883.0,0.0,1.0
RO,2023,Secondary raw materials and waste,7.0,0.0,47298.0,47298.0,0.0,1.0
RO,2024,Secondary raw materials and waste,0.0,0.0,41076.0,41076.0,0.0,1.0
SE,2008,Secondary raw materials and waste,0.0,44866.0,20766.0,65632.0,0.6835994636762555,0.31640053632374454
SE,2009,Secondary raw materials and waste,0.0,36606.0,19860.0,56466.0,0.6482839230687494,0.3517160769312507
SE,2010,Secondary raw materials and waste,1.0,45453.0,22876.0,68329.0,0.6652080375828711,0.3347919624171289
SE,2011,Secondary raw materials and waste,0.0,42593.0,25314.0,67907.0,0.6272254701282637,0.37277452987173637
SE,2012,Secondary raw materials and waste,0.0,41885.0,23904.0,65789.0,0.6366565839274043,0.36334341607259574
SE,2013,Secondary raw materials and waste,0.0,38082.0,28964.0,67046.0,0.5679980908629896,0.4320019091370104
SE,2014,Secondary raw materials and waste,0.0,37687.0,30348.0,68035.0,0.5539354743881826,0.4460645256118174
SE,2015,Secondary raw materials and waste,0.0,35929.0,29070.0,64999.0,0.552762350190003,0.4472376498099971
SE,2016,Secondary raw materials and waste,0.0,39060.0,28419.0,67479.0,0.5788467523229449,0.4211532476770551
SE,2017,Secondary raw materials and waste,0.0,40525.0,28825.0,69350.0,0.5843547224224946,0.4156452775775054
SE,2018,Secondary raw materials and waste,0.0,36502.0,32621.0,69123.0,0.5280731449734531,0.47192685502654685
SE,2019,Secondary raw materials and waste,0.0,35862.0,32358.0,68220.0,0.5256816182937555,0.4743183817062445
SE,2020,Secondary raw materials and waste,0.0,37318.0,32487.0,69805.0,0.5346035384284793,0.46539646157152065
SE,2021,Secondary raw materials and waste,0.0,39624.0,32834.0,72458.0,0.5468547296364791,0.4531452703635209
SE,2022,Secondary raw materials and waste,0.0,36190.55180770137,33175.56896294597,69366.12077064734,0.5217323875925264,0.4782676124074736
SE,2023,Secondary raw materials and waste,0.0,36693.0,31600.0,68293.0,0.5372878625920665,0.4627121374079335
SE,2024,Secondary raw materials and waste,0.0,34408.0,31499.0,65907.0,0.522068975981307,0.47793102401869303
SI,2008,Secondary raw materials and waste,0.0,8629.0,8605.0,17234.0,0.5006962980155506,0.49930370198444934
SI,2009,Secondary raw materials and waste,0.0,7584.0,5484.0,13068.0,0.5803489439853077,0.4196510560146924
SI,2010,Secondary raw materials and waste,0.0,9072.0,6494.0,15566.0,0.5828086855968135,0.4171913144031864
SI,2011,Secondary raw materials and waste,0.0,9722.0,6515.0,16237.0,0.5987559278191784,0.4012440721808216
SI,2012,Secondary raw materials and waste,0.0,9331.0,5442.0,14773.0,0.6316252623028498,0.36837473769715023
SI,2013,Secondary raw materials and waste,0.0,10815.0,5216.0,16031.0,0.6746304035930385,0.3253695964069615
SI,2014,Secondary raw materials and waste,0.0,11952.0,4930.0,16882.0,0.7079729889823481,0.29202701101765194
SI,2015,Secondary raw materials and waste,0.0,11647.0,4797.0,16444.0,0.7082826562880078,0.2917173437119922
SI,2016,Secondary raw materials and waste,0.0,12185.0,4715.0,16900.0,0.7210059171597634,0.2789940828402367
SI,2017,Secondary raw materials and waste,0.0,13908.0,4662.0,18570.0,0.7489499192245558,0.2510500807754443
SI,2018,Secondary raw materials and waste,0.0,13719.0,4609.0,18328.0,0.7485268441728503,0.25147315582714974
SI,2019,Secondary raw materials and waste,0.0,14094.0,4333.0,18427.0,0.7648559179464915,0.23514408205350845
SI,2020,Secondary raw materials and waste,0.0,12542.0,3959.0,16501.0,0.7600751469607903,0.23992485303920974
SI,2021,Secondary raw materials and waste,0.0,12690.0,4003.0,16693.0,0.7601988857604984,0.2398011142395016
SI,2022,Secondary raw materials and waste,0.0,13327.0,3905.0,17232.0,0.773386722376973,0.22661327762302694
SI,2023,Secondary raw materials and waste,0.0,12518.0,3433.0,15951.0,0.7847783838003887,0.2152216161996113
SI,2024,Secondary raw materials and waste,0.0,12064.0,3136.0,15200.0,0.7936842105263158,0.2063157894736842
SK,2008,Secondary raw materials and waste,0.0,29516.0,15009.0,44525.0,0.662908478382931,0.33709152161706907
SK,2009,Secondary raw materials and waste,0.0,26695.0,8851.0,35546.0,0.7509987059022112,0.2490012940977888
SK,2010,Secondary raw materials and waste,0.0,30405.0,10074.0,40479.0,0.7511302156673831,0.24886978433261692
SK,2011,Secondary raw materials and waste,0.0,27312.0,10172.0,37484.0,0.7286308825098708,0.2713691174901291
SK,2012,Secondary raw materials and waste,0.0,26931.0,8353.0,35284.0,0.7632638022899898,0.2367361977100102
SK,2013,Secondary raw materials and waste,0.0,27049.0,9259.0,36308.0,0.7449873306158422,0.2550126693841578
SK,2014,Secondary raw materials and waste,0.0,27758.0,8259.0,36017.0,0.7706916178471277,0.22930838215287225
SK,2015,Secondary raw materials and waste,0.0,29388.0,8136.0,37524.0,0.7831787655900224,0.2168212344099776
SK,2016,Secondary raw materials and waste,0.0,35035.0,6247.0,41282.0,0.848674967298096,0.15132503270190398
SK,2017,Secondary raw materials and waste,0.0,32628.0,7622.0,40250.0,0.8106335403726708,0.1893664596273292
SK,2018,Secondary raw materials and waste,0.0,35686.0,6827.0,42513.0,0.8394138263589961,0.16058617364100392
SK,2019,Secondary raw materials and waste,1.0,37636.0,7126.0,44762.0,0.8408024663777312,0.15919753362226888
SK,2020,Secondary raw materials and waste,1.0,33761.0,5974.0,39735.0,0.849653957468227,0.150346042531773
SK,2021,Secondary raw materials and waste,0.0,33617.0,6411.0,40028.0,0.8398371140201859,0.16016288597981412
SK,2022,Secondary raw materials and waste,0.0,30698.0,6066.0,36764.0,0.835001632031335,0.164998367968665
SK,2023,Secondary raw materials and waste,0.0,28842.0,4769.0,33611.0,0.858111927642736,0.141888072357264
SK,2024,Secondary raw materials and waste,0.0,28468.0,3437.0,31905.0,0.8922739382541921,0.10772606174580787
DE,2008,Grouped goods (mixed consignments),0.0,267134.0,104164.0,371298.0,0.7194598408825257,0.2805401591174744
DE,2009,Grouped goods (mixed consignments),0.0,265869.85020946997,100361.31595838009,366231.16616785,0.7259618371409091,0.27403816285909094
DE,2010,Grouped goods (mixed consignments),0.0,262955.0,92984.0,355939.0,0.738764226454533,0.26123577354546706
DE,2011,Grouped goods (mixed consignments),1547.0,269220.0,105581.0,374801.0,0.7183011784920531,0.2816988215079469
DE,2012,Grouped goods (mixed consignments),1084.0,270644.0,95560.0,366204.0,0.7390525499448395,0.2609474500551605
DE,2013,Grouped goods (mixed consignments),1491.0,267938.0,105337.0,373275.0,0.717803228182975,0.28219677181702496
DE,2014,Grouped goods (mixed consignments),1310.0,257216.0,107810.0,365026.0,0.7046511755327017,0.2953488244672982
DE,2015,Grouped goods (mixed consignments),2654.0,261849.28744763264,106037.29621925285,367886.5836668855,0.7117663406957301,0.28823365930426986
DE,2016,Grouped goods (mixed consignments),655.0,243435.0,106359.0,349794.0,0.6959381807578174,0.30406181924218256
DE,2017,Grouped goods (mixed consignments),755.0,240100.0,124033.0,364133.0,0.6593744593321671,0.3406255406678329
DE,2018,Grouped goods (mixed consignments),1104.0,280570.0,107325.0,387895.0,0.7233142989726601,0.27668570102733986
DE,2019,Grouped goods (mixed consignments),1589.0,267322.0,99868.0,367190.0,0.7280209156022768,0.2719790843977232
DE,2020,Grouped goods (mixed consignments),1385.0,258498.8184794349,110767.27976998014,369266.09824941505,0.700033985532124,0.29996601446787596
DE,2021,Grouped goods (mixed consignments),2024.0,257828.72468579534,111713.27648012561,369542.001165921,0.6976980258599417,0.3023019741400582
DE,2022,Grouped goods (mixed consignments),882.0,257158.6308921558,112659.27319027107,369817.90408242686,0.6953655516765868,0.30463444832341324
DE,2023,Grouped goods (mixed consignments),592.0,256488.53709851624,113605.26990041653,370093.8069989328,0.6930365551868202,0.30696344481317983
DE,2024,Grouped goods (mixed consignments),819.0,255818.4433048767,114551.26661056199,370369.70991543867,0.6907110286186312,0.30928897138136885
FI,2008,Grouped goods (mixed consignments),0.0,0.0,41937.0,41937.0,0.0,1.0
FI,2009,Grouped goods (mixed consignments),0.0,0.0,32860.0,32860.0,0.0,1.0
FI,2010,Grouped goods (mixed consignments),0.0,0.0,35795.0,35795.0,0.0,1.0
FI,2011,Grouped goods (mixed consignments),0.0,0.0,34827.0,34827.0,0.0,1.0
FI,2012,Grouped goods (mixed consignments),0.0,0.0,35267.0,35267.0,0.0,1.0
FI,2013,Grouped goods (mixed consignments),0.0,0.0,36433.0,36433.0,0.0,1.0
FI,2014,Grouped goods (mixed consignments),0.0,0.0,37008.0,37008.0,0.0,1.0
FI,2015,Grouped goods (mixed consignments),0.0,0.0,33392.0,33392.0,0.0,1.0
FI,2016,Grouped goods (mixed consignments),0.0,0.0,36147.0,36147.0,0.0,1.0
FI,2017,Grouped goods (mixed consignments),0.0,0.0,38406.0,38406.0,0.0,1.0
FI,2018,Grouped goods (mixed consignments),0.0,0.0,39430.0,39430.0,0.0,1.0
FI,2019,Grouped goods (mixed consignments),0.0,0.0,36907.0,36907.0,0.0,1.0
FI,2020,Grouped goods (mixed consignments),0.0,0.0,36589.0,36589.0,0.0,1.0
FI,2021,Grouped goods (mixed consignments),0.0,0.0,37352.0,37352.0,0.0,1.0
FI,2022,Grouped goods (mixed consignments),0.0,0.0,33029.534449823506,33029.534449823506,0.0,1.0
FI,2023,Grouped goods (mixed consignments),0.0,0.0,27066.0,27066.0,0.0,1.0
FI,2024,Grouped goods (mixed consignments),0.0,0.0,26640.0,26640.0,0.0,1.0
HR,2008,Grouped goods (mixed consignments),4.0,0.0,0.0,0.0,,
HR,2009,Grouped goods (mixed consignments),5.0,0.0,0.0,0.0,,
HR,2010,Grouped goods (mixed consignments),7.0,0.0,0.0,0.0,,
HR,2011,Grouped goods (mixed consignments),9.0,0.0,0.0,0.0,,
HR,2012,Grouped goods (mixed consignments),9.0,0.0,0.0,0.0,,
HR,2013,Grouped goods (mixed consignments),9.0,0.0,0.0,0.0,,
HR,2014,Grouped goods (mixed consignments),2.0,0.0,0.0,0.0,,
HR,2015,Grouped goods (mixed consignments),0.0,0.0,0.0,0.0,,
HR,2016,Grouped goods (mixed consignments),0.0,0.0,0.0,0.0,,
HR,2017,Grouped goods (mixed consignments),0.0,0.0,0.0,0.0,,
HR,2018,Grouped goods (mixed consignments),0.0,0.0,0.0,0.0,,
HR,2019,Grouped goods (mixed consignments),0.0,0.0,0.0,0.0,,
HR,2020,Grouped goods (mixed consignments),199.0,0.0,0.0,0.0,,
HR,2021,Grouped goods (mixed consignments),252.0,0.0,0.0,0.0,,
HR,2022,Grouped goods (mixed consignments),287.0,0.0,0.0,0.0,,
HR,2023,Grouped goods (mixed consignments),126.0,0.0,0.0,0.0,,
HR,2024,Grouped goods (mixed consignments),105.0,0.0,0.0,0.0,,
IE,2008,Grouped goods (mixed consignments),0.0,679.9249995366081,0.0,679.9249995366081,1.0,0.0
IE,2009,Grouped goods (mixed consignments),0.0,631.0,0.0,631.0,1.0,0.0
IE,2010,Grouped goods (mixed consignments),0.0,568.0,0.0,568.0,1.0,0.0
IE,2011,Grouped goods (mixed consignments),0.0,611.0,0.0,611.0,1.0,0.0
IE,2012,Grouped goods (mixed consignments),0.0,567.0,0.0,567.0,1.0,0.0
IE,2013,Grouped goods (mixed consignments),0.0,589.0,0.0,589.0,1.0,0.0
IE,2014,Grouped goods (mixed consignments),0.0,578.0,0.0,578.0,1.0,0.0
IE,2015,Grouped goods (mixed consignments),0.0,540.0,0.0,540.0,1.0,0.0
IE,2016,Grouped goods (mixed consignments),0.0,581.0,0.0,581.0,1.0,0.0
IE,2017,Grouped goods (mixed consignments),0.0,546.0,0.0,546.0,1.0,0.0
IE,2018,Grouped goods (mixed consignments),0.0,516.0,0.0,516.0,1.0,0.0
IE,2019,Grouped goods (mixed consignments),0.0,346.0,0.0,346.0,1.0,0.0
IE,2020,Grouped goods (mixed consignments),0.0,449.0,0.0,449.0,1.0,0.0
IE,2021,Grouped goods (mixed consignments),0.0,415.0,0.0,415.0,1.0,0.0
IE,2022,Grouped goods (mixed consignments),0.0,419.0,0.0,419.0,1.0,0.0
IE,2023,Grouped goods (mixed consignments),0.0,344.0,0.0,344.0,1.0,0.0
IE,2024,Grouped goods (mixed consignments),0.0,221.0,0.0,221.0,1.0,0.0
IT,2008,Grouped goods (mixed consignments),,55967.0,9912.0,65879.0,0.849542342779945,0.15045765722005494
IT,2009,Grouped goods (mixed consignments),124.0,43207.0,6308.0,49515.0,0.8726042613349491,0.127395738665051
IT,2010,Grouped goods (mixed consignments),,44818.0,4986.0,49804.0,0.8998875592321902,0.10011244076780981
IT,2011,Grouped goods (mixed consignments),134.0,60186.0,3624.0,63810.0,0.9432063939821345,0.05679360601786554
IT,2012,Grouped goods (mixed consignments),169.0,59948.0,3980.0,63928.0,0.9377424602678013,0.062257539732198726
IT,2013,Grouped goods (mixed consignments),728.0,61267.0,3586.0,64853.0,0.9447057190877831,0.05529428091221686
IT,2014,Grouped goods (mixed consignments),1067.0,62993.0,3564.0,66557.0,0.946451913397539,0.05354808660246105
IT,2015,Grouped goods (mixed consignments),1592.0,62648.0,5837.972606497418,68485.97260649742,0.9147566664484581,0.08524333355154186
IT,2016,Grouped goods (mixed consignments),1140.0,86911.0,5352.0,92263.0,0.9419919144185643,0.05800808558143568
IT,2017,Grouped goods (mixed consignments),2056.0,86889.0,5675.0,92564.0,0.9386910678017372,0.061308932198262826
IT,2018,Grouped goods (mixed consignments),1551.0,87962.0,6153.86642211608,94115.86642211609,0.9346139322086716,0.06538606779132829
IT,2019,Grouped goods (mixed consignments),991.0,85671.0,6028.0,91699.0,0.9342631871667084,0.06573681283329152
IT,2020,Grouped goods (mixed consignments),1129.0,82039.0,6660.0,88699.0,0.9249145988117116,0.07508540118828848
IT,2021,Grouped goods (mixed consignments),1345.0,92432.0,6469.76023773474,98901.76023773474,0.9345839728010596,0.06541602719894042
IT,2022,Grouped goods (mixed consignments),1309.0,95384.0,8321.0,103705.0,0.9197627886794272,0.08023721132057278
IT,2023,Grouped goods (mixed consignments),358.0,87827.0,7512.0,95339.0,0.9212074806742256,0.07879251932577434
IT,2024,Grouped goods (mixed consignments),546.0,87461.0,7066.0,94527.0,0.9252488706930295,0.07475112930697049
LT,2008,Grouped goods (mixed consignments),0.0,0.0,54970.0,54970.0,0.0,1.0
LT,2009,Grouped goods (mixed consignments),0.0,0.0,42669.0,42669.0,0.0,1.0
LT,2010,Grouped goods (mixed consignments),0.0,0.0,48061.0,48061.0,0.0,1.0
LT,2011,Grouped goods (mixed consignments),0.0,0.0,52330.0,52330.0,0.0,1.0
LT,2012,Grouped goods (mixed consignments),0.0,0.0,49377.0,49377.0,0.0,1.0
LT,2013,Grouped goods (mixed consignments),0.0,0.0,48028.0,48028.0,0.0,1.0
LT,2014,Grouped goods (mixed consignments),0.0,0.0,49000.0,49000.0,0.0,1.0
LT,2015,Grouped goods (mixed consignments),0.0,0.0,48053.0,48053.0,0.0,1.0
LT,2016,Grouped goods (mixed consignments),0.0,0.0,47651.0,47651.0,0.0,1.0
LT,2017,Grouped goods (mixed consignments),0.0,0.0,52638.0,52638.0,0.0,1.0
LT,2018,Grouped goods (mixed consignments),0.0,0.0,56776.0,56776.0,0.0,1.0
LT,2019,Grouped goods (mixed consignments),0.0,0.0,55209.0,55209.0,0.0,1.0
LT,2020,Grouped goods (mixed consignments),0.0,0.0,53430.0,53430.0,0.0,1.0
LT,2021,Grouped goods (mixed consignments),0.0,0.0,51080.0,51080.0,0.0,1.0
LT,2022,Grouped goods (mixed consignments),0.0,0.0,30977.0,30977.0,0.0,1.0
LT,2023,Grouped goods (mixed consignments),0.0,0.0,27224.0,27224.0,0.0,1.0
LT,2024,Grouped goods (mixed consignments),0.0,0.0,25658.0,25658.0,0.0,1.0
PL,2008,Grouped goods (mixed consignments),5.0,145750.0,71682.0,217432.0,0.6703245152507451,0.32967548474925495
PL,2009,Grouped goods (mixed consignments),2.0,49290.0,126860.0,176150.0,0.2798183366449049,0.720181663355095
PL,2010,Grouped goods (mixed consignments),9.0,131064.0,42225.0,173289.0,0.7563319079687689,0.24366809203123108
PL,2011,Grouped goods (mixed consignments),43.0,163944.0,60911.0,224855.0,0.7291098708056303,0.2708901291943697
PL,2012,Grouped goods (mixed consignments),112.0,162465.0,47209.0,209674.0,0.7748457128685483,0.2251542871314517
PL,2013,Grouped goods (mixed consignments),140.0,163724.0,43550.0,207274.0,0.7898916410162393,0.21010835898376062
PL,2014,Grouped goods (mixed consignments),175.0,161028.0,41383.0,202411.0,0.7955496489815277,0.2044503510184723
PL,2015,Grouped goods (mixed consignments),71.0,161412.0,34349.0,195761.0,0.8245360413974183,0.1754639586025817
PL,2016,Grouped goods (mixed consignments),195.0,164081.0,36204.0,200285.0,0.819237586439324,0.18076241356067604
PL,2017,Grouped goods (mixed consignments),228.0,189358.0,43790.0,233148.0,0.8121793881997701,0.1878206118002299
PL,2018,Grouped goods (mixed consignments),125.0,197481.0,43658.0,241139.0,0.8189508955415756,0.1810491044584244
PL,2019,Grouped goods (mixed consignments),62.0,187956.0,40730.0,228686.0,0.8218955248681599,0.17810447513184016
PL,2020,Grouped goods (mixed consignments),61.0,177979.0,35276.0,213255.0,0.834583010949333,0.16541698905066704
PL,2021,Grouped goods (mixed consignments),42.0,192914.0,38679.0,231593.0,0.8329871800961169,0.16701281990388311
PL,2022,Grouped goods (mixed consignments),48.0,195859.0,38383.0,234242.0,0.836139547988832,0.16386045201116795
PL,2023,Grouped goods (mixed consignments),60.0,192470.0,31894.0,224364.0,0.8578470699399191,0.14215293006008095
PL,2024,Grouped goods (mixed consignments),36.0,181102.0,35169.0,216271.0,0.8373845776826296,0.16261542231737033
RO,2008,Grouped goods (mixed consignments),2.0,0.0,63212.0,63212.0,0.0,1.0
RO,2009,Grouped goods (mixed consignments),1.0,0.0,46910.0,46910.0,0.0,1.0
RO,2010,Grouped goods (mixed consignments),0.0,0.0,49441.0,49441.0,0.0,1.0
RO,2011,Grouped goods (mixed consignments),0.0,0.0,57247.0,57247.0,0.0,1.0
RO,2012,Grouped goods (mixed consignments),1.0,0.0,50433.0,50433.0,0.0,1.0
RO,2013,Grouped goods (mixed consignments),0.0,0.0,47337.0,47337.0,0.0,1.0
RO,2014,Grouped goods (mixed consignments),0.0,0.0,49273.0,49273.0,0.0,1.0
RO,2015,Grouped goods (mixed consignments),77.0,0.0,49700.0,49700.0,0.0,1.0
RO,2016,Grouped goods (mixed consignments),23.0,0.0,47875.0,47875.0,0.0,1.0
RO,2017,Grouped goods (mixed consignments),0.0,0.0,56076.0,56076.0,0.0,1.0
RO,2018,Grouped goods (mixed consignments),3.0,0.0,55002.0,55002.0,0.0,1.0
RO,2019,Grouped goods (mixed consignments),57.0,0.0,58495.0,58495.0,0.0,1.0
RO,2020,Grouped goods (mixed consignments),66.0,0.0,49184.0,49184.0,0.0,1.0
RO,2021,Grouped goods (mixed consignments),91.0,0.0,56808.0,56808.0,0.0,1.0
RO,2022,Grouped goods (mixed consignments),79.0,0.0,53883.0,53883.0,0.0,1.0
RO,2023,Grouped goods (mixed consignments),37.0,0.0,47298.0,47298.0,0.0,1.0
RO,2024,Grouped goods (mixed consignments),7.0,0.0,41076.0,41076.0,0.0,1.0
SE,2008,Grouped goods (mixed consignments),1.0,44866.0,20766.0,65632.0,0.6835994636762555,0.31640053632374454
SE,2009,Grouped goods (mixed consignments),0.0,36606.0,19860.0,56466.0,0.6482839230687494,0.3517160769312507
SE,2010,Grouped goods (mixed consignments),1.0,45453.0,22876.0,68329.0,0.6652080375828711,0.3347919624171289
SE,2011,Grouped goods (mixed consignments),3.0,42593.0,25314.0,67907.0,0.6272254701282637,0.37277452987173637
SE,2012,Grouped goods (mixed consignments),1.0,41885.0,23904.0,65789.0,0.6366565839274043,0.36334341607259574
SE,2013,Grouped goods (mixed consignments),8.0,38082.0,28964.0,67046.0,0.5679980908629896,0.4320019091370104
SE,2014,Grouped goods (mixed consignments),20.0,37687.0,30348.0,68035.0,0.5539354743881826,0.4460645256118174
SE,2015,Grouped goods (mixed consignments),32.0,35929.0,29070.0,64999.0,0.552762350190003,0.4472376498099971
SE,2016,Grouped goods (mixed consignments),32.0,39060.0,28419.0,67479.0,0.5788467523229449,0.4211532476770551
SE,2017,Grouped goods (mixed consignments),26.0,40525.0,28825.0,69350.0,0.5843547224224946,0.4156452775775054
SE,2018,Grouped goods (mixed consignments),26.0,36502.0,32621.0,69123.0,0.5280731449734531,0.47192685502654685
SE,2019,Grouped goods (mixed consignments),27.0,35862.0,32358.0,68220.0,0.5256816182937555,0.4743183817062445
SE,2020,Grouped goods (mixed consignments),47.0,37318.0,32487.0,69805.0,0.5346035384284793,0.46539646157152065
SE,2021,Grouped goods (mixed consignments),57.0,39624.0,32834.0,72458.0,0.5468547296364791,0.4531452703635209
SE,2022,Grouped goods (mixed consignments),75.0,36190.55180770137,33175.56896294597,69366.12077064734,0.5217323875925264,0.4782676124074736
SE,2023,Grouped goods (mixed consignments),45.0,36693.0,31600.0,68293.0,0.5372878625920665,0.4627121374079335
SE,2024,Grouped goods (mixed consignments),46.0,34408.0,31499.0,65907.0,0.522068975981307,0.47793102401869303
SI,2008,Grouped goods (mixed consignments),7.0,8629.0,8605.0,17234.0,0.5006962980155506,0.49930370198444934
SI,2009,Grouped goods (mixed consignments),7.0,7584.0,5484.0,13068.0,0.5803489439853077,0.4196510560146924
SI,2010,Grouped goods (mixed consignments),5.0,9072.0,6494.0,15566.0,0.5828086855968135,0.4171913144031864
SI,2011,Grouped goods (mixed consignments),4.0,9722.0,6515.0,16237.0,0.5987559278191784,0.4012440721808216
SI,2012,Grouped goods (mixed consignments),5.0,9331.0,5442.0,14773.0,0.6316252623028498,0.36837473769715023
SI,2013,Grouped goods (mixed consignments),3.0,10815.0,5216.0,16031.0,0.6746304035930385,0.3253695964069615
SI,2014,Grouped goods (mixed consignments),3.0,11952.0,4930.0,16882.0,0.7079729889823481,0.29202701101765194
SI,2015,Grouped goods (mixed consignments),2.0,11647.0,4797.0,16444.0,0.7082826562880078,0.2917173437119922
SI,2016,Grouped goods (mixed consignments),3.0,12185.0,4715.0,16900.0,0.7210059171597634,0.2789940828402367
SI,2017,Grouped goods (mixed consignments),4.0,13908.0,4662.0,18570.0,0.7489499192245558,0.2510500807754443
SI,2018,Grouped goods (mixed consignments),13.0,13719.0,4609.0,18328.0,0.7485268441728503,0.25147315582714974
SI,2019,Grouped goods (mixed consignments),19.0,14094.0,4333.0,18427.0,0.7648559179464915,0.23514408205350845
SI,2020,Grouped goods (mixed consignments),20.0,12542.0,3959.0,16501.0,0.7600751469607903,0.23992485303920974
SI,2021,Grouped goods (mixed consignments),23.0,12690.0,4003.0,16693.0,0.7601988857604984,0.2398011142395016
SI,2022,Grouped goods (mixed consignments),29.0,13327.0,3905.0,17232.0,0.773386722376973,0.22661327762302694
SI,2023,Grouped goods (mixed consignments),19.0,12518.0,3433.0,15951.0,0.7847783838003887,0.2152216161996113
SI,2024,Grouped goods (mixed consignments),11.0,12064.0,3136.0,15200.0,0.7936842105263158,0.2063157894736842
SK,2008,Grouped goods (mixed consignments),1.0,29516.0,15009.0,44525.0,0.662908478382931,0.33709152161706907
SK,2009,Grouped goods (mixed consignments),1.0,26695.0,8851.0,35546.0,0.7509987059022112,0.2490012940977888
SK,2010,Grouped goods (mixed consignments),2.0,30405.0,10074.0,40479.0,0.7511302156673831,0.24886978433261692
SK,2011,Grouped goods (mixed consignments),1.0,27312.0,10172.0,37484.0,0.7286308825098708,0.2713691174901291
SK,2012,Grouped goods (mixed consignments),0.0,26931.0,8353.0,35284.0,0.7632638022899898,0.2367361977100102
SK,2013,Grouped goods (mixed consignments),1.0,27049.0,9259.0,36308.0,0.7449873306158422,0.2550126693841578
SK,2014,Grouped goods (mixed consignments),6.0,27758.0,8259.0,36017.0,0.7706916178471277,0.22930838215287225
SK,2015,Grouped goods (mixed consignments),0.0,29388.0,8136.0,37524.0,0.7831787655900224,0.2168212344099776
SK,2016,Grouped goods (mixed consignments),0.0,35035.0,6247.0,41282.0,0.848674967298096,0.15132503270190398
SK,2017,Grouped goods (mixed consignments),0.0,32628.0,7622.0,40250.0,0.8106335403726708,0.1893664596273292
SK,2018,Grouped goods (mixed consignments),9.0,35686.0,6827.0,42513.0,0.8394138263589961,0.16058617364100392
SK,2019,Grouped goods (mixed consignments),0.0,37636.0,7126.0,44762.0,0.8408024663777312,0.15919753362226888
SK,2020,Grouped goods (mixed consignments),0.0,33761.0,5974.0,39735.0,0.849653957468227,0.150346042531773
SK,2021,Grouped goods (mixed consignments),0.0,33617.0,6411.0,40028.0,0.8398371140201859,0.16016288597981412
SK,2022,Grouped goods (mixed consignments),1.0,30698.0,6066.0,36764.0,0.835001632031335,0.164998367968665
SK,2023,Grouped goods (mixed consignments),0.0,28842.0,4769.0,33611.0,0.858111927642736,0.141888072357264
SK,2024,Grouped goods (mixed consignments),0.0,28468.0,3437.0,31905.0,0.8922739382541921,0.10772606174580787
DE,2008,Unidentifiable goods,34904.0,267134.0,104164.0,371298.0,0.7194598408825257,0.2805401591174744
DE,2009,Unidentifiable goods,30304.0,265869.85020946997,100361.31595838009,366231.16616785,0.7259618371409091,0.27403816285909094
DE,2010,Unidentifiable goods,35702.0,262955.0,92984.0,355939.0,0.738764226454533,0.26123577354546706
DE,2011,Unidentifiable goods,36292.0,269220.0,105581.0,374801.0,0.7183011784920531,0.2816988215079469
DE,2012,Unidentifiable goods,35361.0,270644.0,95560.0,366204.0,0.7390525499448395,0.2609474500551605
DE,2013,Unidentifiable goods,36146.0,267938.0,105337.0,373275.0,0.717803228182975,0.28219677181702496
DE,2014,Unidentifiable goods,38554.0,257216.0,107810.0,365026.0,0.7046511755327017,0.2953488244672982
DE,2015,Unidentifiable goods,37470.0,261849.28744763264,106037.29621925285,367886.5836668855,0.7117663406957301,0.28823365930426986
DE,2016,Unidentifiable goods,42407.0,243435.0,106359.0,349794.0,0.6959381807578174,0.30406181924218256
DE,2017,Unidentifiable goods,40832.0,240100.0,124033.0,364133.0,0.6593744593321671,0.3406255406678329
DE,2018,Unidentifiable goods,42555.0,280570.0,107325.0,387895.0,0.7233142989726601,0.27668570102733986
DE,2019,Unidentifiable goods,45174.0,267322.0,99868.0,367190.0,0.7280209156022768,0.2719790843977232
DE,2020,Unidentifiable goods,44168.0,258498.8184794349,110767.27976998014,369266.09824941505,0.700033985532124,0.29996601446787596
DE,2021,Unidentifiable goods,49128.0,257828.72468579534,111713.27648012561,369542.001165921,0.6976980258599417,0.3023019741400582
DE,2022,Unidentifiable goods,50790.0,257158.6308921558,112659.27319027107,369817.90408242686,0.6953655516765868,0.30463444832341324
DE,2023,Unidentifiable goods,48383.0,256488.53709851624,113605.26990041653,370093.8069989328,0.6930365551868202,0.30696344481317983
DE,2024,Unidentifiable goods,52482.0,255818.4433048767,114551.26661056199,370369.70991543867,0.6907110286186312,0.30928897138136885
FI,2008,Unidentifiable goods,0.0,0.0,41937.0,41937.0,0.0,1.0
FI,2009,Unidentifiable goods,0.0,0.0,32860.0,32860.0,0.0,1.0
FI,2010,Unidentifiable goods,0.0,0.0,35795.0,35795.0,0.0,1.0
FI,2011,Unidentifiable goods,0.0,0.0,34827.0,34827.0,0.0,1.0
FI,2012,Unidentifiable goods,0.0,0.0,35267.0,35267.0,0.0,1.0
FI,2013,Unidentifiable goods,0.0,0.0,36433.0,36433.0,0.0,1.0
FI,2014,Unidentifiable goods,0.0,0.0,37008.0,37008.0,0.0,1.0
FI,2015,Unidentifiable goods,0.0,0.0,33392.0,33392.0,0.0,1.0
FI,2016,Unidentifiable goods,0.0,0.0,36147.0,36147.0,0.0,1.0
FI,2017,Unidentifiable goods,0.0,0.0,38406.0,38406.0,0.0,1.0
FI,2018,Unidentifiable goods,0.0,0.0,39430.0,39430.0,0.0,1.0
FI,2019,Unidentifiable goods,0.0,0.0,36907.0,36907.0,0.0,1.0
FI,2020,Unidentifiable goods,0.0,0.0,36589.0,36589.0,0.0,1.0
FI,2021,Unidentifiable goods,0.0,0.0,37352.0,37352.0,0.0,1.0
FI,2022,Unidentifiable goods,8.0,0.0,33029.534449823506,33029.534449823506,0.0,1.0
FI,2023,Unidentifiable goods,120.0,0.0,27066.0,27066.0,0.0,1.0
FI,2024,Unidentifiable goods,145.0,0.0,26640.0,26640.0,0.0,1.0
HR,2008,Unidentifiable goods,250.0,0.0,0.0,0.0,,
HR,2009,Unidentifiable goods,163.0,0.0,0.0,0.0,,
HR,2010,Unidentifiable goods,194.0,0.0,0.0,0.0,,
HR,2011,Unidentifiable goods,164.0,0.0,0.0,0.0,,
HR,2012,Unidentifiable goods,132.0,0.0,0.0,0.0,,
HR,2013,Unidentifiable goods,145.0,0.0,0.0,0.0,,
HR,2014,Unidentifiable goods,149.0,0.0,0.0,0.0,,
HR,2015,Unidentifiable goods,105.0,0.0,0.0,0.0,,
HR,2016,Unidentifiable goods,183.0,0.0,0.0,0.0,,
HR,2017,Unidentifiable goods,249.0,0.0,0.0,0.0,,
HR,2018,Unidentifiable goods,322.0,0.0,0.0,0.0,,
HR,2019,Unidentifiable goods,461.0,0.0,0.0,0.0,,
HR,2020,Unidentifiable goods,415.0,0.0,0.0,0.0,,
HR,2021,Unidentifiable goods,450.0,0.0,0.0,0.0,,
HR,2022,Unidentifiable goods,549.0,0.0,0.0,0.0,,
HR,2023,Unidentifiable goods,691.0,0.0,0.0,0.0,,
HR,2024,Unidentifiable goods,823.0,0.0,0.0,0.0,,
IE,2008,Unidentifiable goods,0.0,679.9249995366081,0.0,679.9249995366081,1.0,0.0
IE,2009,Unidentifiable goods,0.0,631.0,0.0,631.0,1.0,0.0
IE,2010,Unidentifiable goods,0.0,568.0,0.0,568.0,1.0,0.0
IE,2011,Unidentifiable goods,0.0,611.0,0.0,611.0,1.0,0.0
IE,2012,Unidentifiable goods,0.0,567.0,0.0,567.0,1.0,0.0
IE,2013,Unidentifiable goods,0.0,589.0,0.0,589.0,1.0,0.0
IE,2014,Unidentifiable goods,0.0,578.0,0.0,578.0,1.0,0.0
IE,2015,Unidentifiable goods,0.0,540.0,0.0,540.0,1.0,0.0
IE,2016,Unidentifiable goods,0.0,581.0,0.0,581.0,1.0,0.0
IE,2017,Unidentifiable goods,0.0,546.0,0.0,546.0,1.0,0.0
IE,2018,Unidentifiable goods,0.0,516.0,0.0,516.0,1.0,0.0
IE,2019,Unidentifiable goods,0.0,346.0,0.0,346.0,1.0,0.0
IE,2020,Unidentifiable goods,0.0,449.0,0.0,449.0,1.0,0.0
IE,2021,Unidentifiable goods,0.0,415.0,0.0,415.0,1.0,0.0
IE,2022,Unidentifiable goods,0.0,419.0,0.0,419.0,1.0,0.0
IE,2023,Unidentifiable goods,0.0,344.0,0.0,344.0,1.0,0.0
IE,2024,Unidentifiable goods,0.0,221.0,0.0,221.0,1.0,0.0
IT,2008,Unidentifiable goods,,55967.0,9912.0,65879.0,0.849542342779945,0.15045765722005494
IT,2009,Unidentifiable goods,7871.0,43207.0,6308.0,49515.0,0.8726042613349491,0.127395738665051
IT,2010,Unidentifiable goods,7194.0,44818.0,4986.0,49804.0,0.8998875592321902,0.10011244076780981
IT,2011,Unidentifiable goods,8107.0,60186.0,3624.0,63810.0,0.9432063939821345,0.05679360601786554
IT,2012,Unidentifiable goods,8269.0,59948.0,3980.0,63928.0,0.9377424602678013,0.062257539732198726
IT,2013,Unidentifiable goods,7953.0,61267.0,3586.0,64853.0,0.9447057190877831,0.05529428091221686
IT,2014,Unidentifiable goods,7748.0,62993.0,3564.0,66557.0,0.946451913397539,0.05354808660246105
IT,2015,Unidentifiable goods,7704.0,62648.0,5837.972606497418,68485.97260649742,0.9147566664484581,0.08524333355154186
IT,2016,Unidentifiable goods,10461.0,86911.0,5352.0,92263.0,0.9419919144185643,0.05800808558143568
IT,2017,Unidentifiable goods,9069.0,86889.0,5675.0,92564.0,0.9386910678017372,0.061308932198262826
IT,2018,Unidentifiable goods,8999.0,87962.0,6153.86642211608,94115.86642211609,0.9346139322086716,0.06538606779132829
IT,2019,Unidentifiable goods,9355.0,85671.0,6028.0,91699.0,0.9342631871667084,0.06573681283329152
IT,2020,Unidentifiable goods,9313.0,82039.0,6660.0,88699.0,0.9249145988117116,0.07508540118828848
IT,2021,Unidentifiable goods,10638.0,92432.0,6469.76023773474,98901.76023773474,0.9345839728010596,0.06541602719894042
IT,2022,Unidentifiable goods,11156.0,95384.0,8321.0,103705.0,0.9197627886794272,0.08023721132057278
IT,2023,Unidentifiable goods,11539.0,87827.0,7512.0,95339.0,0.9212074806742256,0.07879251932577434
IT,2024,Unidentifiable goods,11226.0,87461.0,7066.0,94527.0,0.9252488706930295,0.07475112930697049
LT,2008,Unidentifiable goods,10.0,0.0,54970.0,54970.0,0.0,1.0
LT,2009,Unidentifiable goods,0.0,0.0,42669.0,42669.0,0.0,1.0
LT,2010,Unidentifiable goods,0.0,0.0,48061.0,48061.0,0.0,1.0
LT,2011,Unidentifiable goods,0.0,0.0,52330.0,52330.0,0.0,1.0
LT,2012,Unidentifiable goods,0.0,0.0,49377.0,49377.0,0.0,1.0
LT,2013,Unidentifiable goods,0.0,0.0,48028.0,48028.0,0.0,1.0
LT,2014,Unidentifiable goods,0.0,0.0,49000.0,49000.0,0.0,1.0
LT,2015,Unidentifiable goods,0.0,0.0,48053.0,48053.0,0.0,1.0
LT,2016,Unidentifiable goods,0.0,0.0,47651.0,47651.0,0.0,1.0
LT,2017,Unidentifiable goods,0.0,0.0,52638.0,52638.0,0.0,1.0
LT,2018,Unidentifiable goods,0.0,0.0,56776.0,56776.0,0.0,1.0
LT,2019,Unidentifiable goods,0.0,0.0,55209.0,55209.0,0.0,1.0
LT,2020,Unidentifiable goods,0.0,0.0,53430.0,53430.0,0.0,1.0
LT,2021,Unidentifiable goods,0.0,0.0,51080.0,51080.0,0.0,1.0
LT,2022,Unidentifiable goods,0.0,0.0,30977.0,30977.0,0.0,1.0
LT,2023,Unidentifiable goods,0.0,0.0,27224.0,27224.0,0.0,1.0
LT,2024,Unidentifiable goods,0.0,0.0,25658.0,25658.0,0.0,1.0
PL,2008,Unidentifiable goods,1772.0,145750.0,71682.0,217432.0,0.6703245152507451,0.32967548474925495
PL,2009,Unidentifiable goods,1074.0,49290.0,126860.0,176150.0,0.2798183366449049,0.720181663355095
PL,2010,Unidentifiable goods,1425.0,131064.0,42225.0,173289.0,0.7563319079687689,0.24366809203123108
PL,2011,Unidentifiable goods,1882.0,163944.0,60911.0,224855.0,0.7291098708056303,0.2708901291943697
PL,2012,Unidentifiable goods,2207.0,162465.0,47209.0,209674.0,0.7748457128685483,0.2251542871314517
PL,2013,Unidentifiable goods,1843.0,163724.0,43550.0,207274.0,0.7898916410162393,0.21010835898376062
PL,2014,Unidentifiable goods,2163.0,161028.0,41383.0,202411.0,0.7955496489815277,0.2044503510184723
PL,2015,Unidentifiable goods,2491.0,161412.0,34349.0,195761.0,0.8245360413974183,0.1754639586025817
PL,2016,Unidentifiable goods,3242.0,164081.0,36204.0,200285.0,0.819237586439324,0.18076241356067604
PL,2017,Unidentifiable goods,4194.0,189358.0,43790.0,233148.0,0.8121793881997701,0.1878206118002299
PL,2018,Unidentifiable goods,4477.0,197481.0,43658.0,241139.0,0.8189508955415756,0.1810491044584244
PL,2019,Unidentifiable goods,5793.0,187956.0,40730.0,228686.0,0.8218955248681599,0.17810447513184016
PL,2020,Unidentifiable goods,6233.0,177979.0,35276.0,213255.0,0.834583010949333,0.16541698905066704
PL,2021,Unidentifiable goods,7098.0,192914.0,38679.0,231593.0,0.8329871800961169,0.16701281990388311
PL,2022,Unidentifiable goods,7190.0,195859.0,38383.0,234242.0,0.836139547988832,0.16386045201116795
PL,2023,Unidentifiable goods,7345.0,192470.0,31894.0,224364.0,0.8578470699399191,0.14215293006008095
PL,2024,Unidentifiable goods,7905.0,181102.0,35169.0,216271.0,0.8373845776826296,0.16261542231737033
RO,2008,Unidentifiable goods,666.0,0.0,63212.0,63212.0,0.0,1.0
RO,2009,Unidentifiable goods,618.0,0.0,46910.0,46910.0,0.0,1.0
RO,2010,Unidentifiable goods,662.0,0.0,49441.0,49441.0,0.0,1.0
RO,2011,Unidentifiable goods,836.0,0.0,57247.0,57247.0,0.0,1.0
RO,2012,Unidentifiable goods,710.0,0.0,50433.0,50433.0,0.0,1.0
RO,2013,Unidentifiable goods,852.0,0.0,47337.0,47337.0,0.0,1.0
RO,2014,Unidentifiable goods,867.0,0.0,49273.0,49273.0,0.0,1.0
RO,2015,Unidentifiable goods,641.0,0.0,49700.0,49700.0,0.0,1.0
RO,2016,Unidentifiable goods,406.0,0.0,47875.0,47875.0,0.0,1.0
RO,2017,Unidentifiable goods,649.0,0.0,56076.0,56076.0,0.0,1.0
RO,2018,Unidentifiable goods,619.0,0.0,55002.0,55002.0,0.0,1.0
RO,2019,Unidentifiable goods,852.0,0.0,58495.0,58495.0,0.0,1.0
RO,2020,Unidentifiable goods,625.0,0.0,49184.0,49184.0,0.0,1.0
RO,2021,Unidentifiable goods,689.0,0.0,56808.0,56808.0,0.0,1.0
RO,2022,Unidentifiable goods,726.0,0.0,53883.0,53883.0,0.0,1.0
RO,2023,Unidentifiable goods,715.0,0.0,47298.0,47298.0,0.0,1.0
RO,2024,Unidentifiable goods,689.0,0.0,41076.0,41076.0,0.0,1.0
SE,2008,Unidentifiable goods,5327.0,44866.0,20766.0,65632.0,0.6835994636762555,0.31640053632374454
SE,2009,Unidentifiable goods,5147.0,36606.0,19860.0,56466.0,0.6482839230687494,0.3517160769312507
SE,2010,Unidentifiable goods,5744.0,45453.0,22876.0,68329.0,0.6652080375828711,0.3347919624171289
SE,2011,Unidentifiable goods,5601.0,42593.0,25314.0,67907.0,0.6272254701282637,0.37277452987173637
SE,2012,Unidentifiable goods,4832.0,41885.0,23904.0,65789.0,0.6366565839274043,0.36334341607259574
SE,2013,Unidentifiable goods,4249.0,38082.0,28964.0,67046.0,0.5679980908629896,0.4320019091370104
SE,2014,Unidentifiable goods,4924.0,37687.0,30348.0,68035.0,0.5539354743881826,0.4460645256118174
SE,2015,Unidentifiable goods,5005.0,35929.0,29070.0,64999.0,0.552762350190003,0.4472376498099971
SE,2016,Unidentifiable goods,4384.0,39060.0,28419.0,67479.0,0.5788467523229449,0.4211532476770551
SE,2017,Unidentifiable goods,4403.0,40525.0,28825.0,69350.0,0.5843547224224946,0.4156452775775054
SE,2018,Unidentifiable goods,4842.0,36502.0,32621.0,69123.0,0.5280731449734531,0.47192685502654685
SE,2019,Unidentifiable goods,5202.0,35862.0,32358.0,68220.0,0.5256816182937555,0.4743183817062445
SE,2020,Unidentifiable goods,4513.0,37318.0,32487.0,69805.0,0.5346035384284793,0.46539646157152065
SE,2021,Unidentifiable goods,5166.0,39624.0,32834.0,72458.0,0.5468547296364791,0.4531452703635209
SE,2022,Unidentifiable goods,5419.0,36190.55180770137,33175.56896294597,69366.12077064734,0.5217323875925264,0.4782676124074736
SE,2023,Unidentifiable goods,5061.0,36693.0,31600.0,68293.0,0.5372878625920665,0.4627121374079335
SE,2024,Unidentifiable goods,5123.0,34408.0,31499.0,65907.0,0.522068975981307,0.47793102401869303
SI,2008,Unidentifiable goods,640.0,8629.0,8605.0,17234.0,0.5006962980155506,0.49930370198444934
SI,2009,Unidentifiable goods,622.0,7584.0,5484.0,13068.0,0.5803489439853077,0.4196510560146924
SI,2010,Unidentifiable goods,819.0,9072.0,6494.0,15566.0,0.5828086855968135,0.4171913144031864
SI,2011,Unidentifiable goods,913.0,9722.0,6515.0,16237.0,0.5987559278191784,0.4012440721808216
SI,2012,Unidentifiable goods,869.0,9331.0,5442.0,14773.0,0.6316252623028498,0.36837473769715023
SI,2013,Unidentifiable goods,917.0,10815.0,5216.0,16031.0,0.6746304035930385,0.3253695964069615
SI,2014,Unidentifiable goods,1040.0,11952.0,4930.0,16882.0,0.7079729889823481,0.29202701101765194
SI,2015,Unidentifiable goods,1163.0,11647.0,4797.0,16444.0,0.7082826562880078,0.2917173437119922
SI,2016,Unidentifiable goods,1223.0,12185.0,4715.0,16900.0,0.7210059171597634,0.2789940828402367
SI,2017,Unidentifiable goods,1365.0,13908.0,4662.0,18570.0,0.7489499192245558,0.2510500807754443
SI,2018,Unidentifiable goods,1515.0,13719.0,4609.0,18328.0,0.7485268441728503,0.25147315582714974
SI,2019,Unidentifiable goods,1517.0,14094.0,4333.0,18427.0,0.7648559179464915,0.23514408205350845
SI,2020,Unidentifiable goods,1343.0,12542.0,3959.0,16501.0,0.7600751469607903,0.23992485303920974
SI,2021,Unidentifiable goods,1332.0,12690.0,4003.0,16693.0,0.7601988857604984,0.2398011142395016
SI,2022,Unidentifiable goods,1271.0,13327.0,3905.0,17232.0,0.773386722376973,0.22661327762302694
SI,2023,Unidentifiable goods,1088.0,12518.0,3433.0,15951.0,0.7847783838003887,0.2152216161996113
SI,2024,Unidentifiable goods,944.0,12064.0,3136.0,15200.0,0.7936842105263158,0.2063157894736842
SK,2008,Unidentifiable goods,159.0,29516.0,15009.0,44525.0,0.662908478382931,0.33709152161706907
SK,2009,Unidentifiable goods,130.0,26695.0,8851.0,35546.0,0.7509987059022112,0.2490012940977888
SK,2010,Unidentifiable goods,193.0,30405.0,10074.0,40479.0,0.7511302156673831,0.24886978433261692
SK,2011,Unidentifiable goods,163.0,27312.0,10172.0,37484.0,0.7286308825098708,0.2713691174901291
SK,2012,Unidentifiable goods,137.0,26931.0,8353.0,35284.0,0.7632638022899898,0.2367361977100102
SK,2013,Unidentifiable goods,123.0,27049.0,9259.0,36308.0,0.7449873306158422,0.2550126693841578
SK,2014,Unidentifiable goods,199.0,27758.0,8259.0,36017.0,0.7706916178471277,0.22930838215287225
SK,2015,Unidentifiable goods,102.0,29388.0,8136.0,37524.0,0.7831787655900224,0.2168212344099776
SK,2016,Unidentifiable goods,212.0,35035.0,6247.0,41282.0,0.848674967298096,0.15132503270190398
SK,2017,Unidentifiable goods,179.0,32628.0,7622.0,40250.0,0.8106335403726708,0.1893664596273292
SK,2018,Unidentifiable goods,169.0,35686.0,6827.0,42513.0,0.8394138263589961,0.16058617364100392
SK,2019,Unidentifiable goods,176.0,37636.0,7126.0,44762.0,0.8408024663777312,0.15919753362226888
SK,2020,Unidentifiable goods,166.0,33761.0,5974.0,39735.0,0.849653957468227,0.150346042531773
SK,2021,Unidentifiable goods,129.0,33617.0,6411.0,40028.0,0.8398371140201859,0.16016288597981412
SK,2022,Unidentifiable goods,178.0,30698.0,6066.0,36764.0,0.835001632031335,0.164998367968665
SK,2023,Unidentifiable goods,159.0,28842.0,4769.0,33611.0,0.858111927642736,0.141888072357264
SK,2024,Unidentifiable goods,617.0,28468.0,3437.0,31905.0,0.8922739382541921,0.10772606174580787
DE,2008,Empty packaging and return loads,0.0,267134.0,104164.0,371298.0,0.7194598408825257,0.2805401591174744
DE,2009,Empty packaging and return loads,0.0,265869.85020946997,100361.31595838009,366231.16616785,0.7259618371409091,0.27403816285909094
DE,2010,Empty packaging and return loads,1.0,262955.0,92984.0,355939.0,0.738764226454533,0.26123577354546706
DE,2011,Empty packaging and return loads,391.0,269220.0,105581.0,374801.0,0.7183011784920531,0.2816988215079469
DE,2012,Empty packaging and return loads,535.0,270644.0,95560.0,366204.0,0.7390525499448395,0.2609474500551605
DE,2013,Empty packaging and return loads,583.0,267938.0,105337.0,373275.0,0.717803228182975,0.28219677181702496
DE,2014,Empty packaging and return loads,504.0,257216.0,107810.0,365026.0,0.7046511755327017,0.2953488244672982
DE,2015,Empty packaging and return loads,649.0,261849.28744763264,106037.29621925285,367886.5836668855,0.7117663406957301,0.28823365930426986
DE,2016,Empty packaging and return loads,472.0,243435.0,106359.0,349794.0,0.6959381807578174,0.30406181924218256
DE,2017,Empty packaging and return loads,485.0,240100.0,124033.0,364133.0,0.6593744593321671,0.3406255406678329
DE,2018,Empty packaging and return loads,196.0,280570.0,107325.0,387895.0,0.7233142989726601,0.27668570102733986
DE,2019,Empty packaging and return loads,144.0,267322.0,99868.0,367190.0,0.7280209156022768,0.2719790843977232
DE,2020,Empty packaging and return loads,132.0,258498.8184794349,110767.27976998014,369266.09824941505,0.700033985532124,0.29996601446787596
DE,2021,Empty packaging and return loads,129.0,257828.72468579534,111713.27648012561,369542.001165921,0.6976980258599417,0.3023019741400582
DE,2022,Empty packaging and return loads,332.0,257158.6308921558,112659.27319027107,369817.90408242686,0.6953655516765868,0.30463444832341324
DE,2023,Empty packaging and return loads,525.0,256488.53709851624,113605.26990041653,370093.8069989328,0.6930365551868202,0.30696344481317983
DE,2024,Empty packaging and return loads,547.0,255818.4433048767,114551.26661056199,370369.70991543867,0.6907110286186312,0.30928897138136885
FI,2008,Empty packaging and return loads,0.0,0.0,41937.0,41937.0,0.0,1.0
FI,2009,Empty packaging and return loads,0.0,0.0,32860.0,32860.0,0.0,1.0
FI,2010,Empty packaging and return loads,0.0,0.0,35795.0,35795.0,0.0,1.0
FI,2011,Empty packaging and return loads,0.0,0.0,34827.0,34827.0,0.0,1.0
FI,2012,Empty packaging and return loads,0.0,0.0,35267.0,35267.0,0.0,1.0
FI,2013,Empty packaging and return loads,0.0,0.0,36433.0,36433.0,0.0,1.0
FI,2014,Empty packaging and return loads,0.0,0.0,37008.0,37008.0,0.0,1.0
FI,2015,Empty packaging and return loads,0.0,0.0,33392.0,33392.0,0.0,1.0
FI,2016,Empty packaging and return loads,0.0,0.0,36147.0,36147.0,0.0,1.0
FI,2017,Empty packaging and return loads,0.0,0.0,38406.0,38406.0,0.0,1.0
FI,2018,Empty packaging and return loads,0.0,0.0,39430.0,39430.0,0.0,1.0
FI,2019,Empty packaging and return loads,0.0,0.0,36907.0,36907.0,0.0,1.0
FI,2020,Empty packaging and return loads,0.0,0.0,36589.0,36589.0,0.0,1.0
FI,2021,Empty packaging and return loads,0.0,0.0,37352.0,37352.0,0.0,1.0
FI,2022,Empty packaging and return loads,0.0,0.0,33029.534449823506,33029.534449823506,0.0,1.0
FI,2023,Empty packaging and return loads,0.0,0.0,27066.0,27066.0,0.0,1.0
FI,2024,Empty packaging and return loads,0.0,0.0,26640.0,26640.0,0.0,1.0
HR,2008,Empty packaging and return loads,0.0,0.0,0.0,0.0,,
HR,2009,Empty packaging and return loads,0.0,0.0,0.0,0.0,,
HR,2010,Empty packaging and return loads,0.0,0.0,0.0,0.0,,
HR,2011,Empty packaging and return loads,0.0,0.0,0.0,0.0,,
HR,2012,Empty packaging and return loads,0.0,0.0,0.0,0.0,,
HR,2013,Empty packaging and return loads,0.0,0.0,0.0,0.0,,
HR,2014,Empty packaging and return loads,0.0,0.0,0.0,0.0,,
HR,2015,Empty packaging and return loads,0.0,0.0,0.0,0.0,,
HR,2016,Empty packaging and return loads,0.0,0.0,0.0,0.0,,
HR,2017,Empty packaging and return loads,183.0,0.0,0.0,0.0,,
HR,2018,Empty packaging and return loads,124.0,0.0,0.0,0.0,,
HR,2019,Empty packaging and return loads,0.0,0.0,0.0,0.0,,
HR,2020,Empty packaging and return loads,22.0,0.0,0.0,0.0,,
HR,2021,Empty packaging and return loads,2.0,0.0,0.0,0.0,,
HR,2022,Empty packaging and return loads,8.0,0.0,0.0,0.0,,
HR,2023,Empty packaging and return loads,44.0,0.0,0.0,0.0,,
HR,2024,Empty packaging and return loads,20.0,0.0,0.0,0.0,,
IE,2008,Empty packaging and return loads,0.0,679.9249995366081,0.0,679.9249995366081,1.0,0.0
IE,2009,Empty packaging and return loads,0.0,631.0,0.0,631.0,1.0,0.0
IE,2010,Empty packaging and return loads,0.0,568.0,0.0,568.0,1.0,0.0
IE,2011,Empty packaging and return loads,0.0,611.0,0.0,611.0,1.0,0.0
IE,2012,Empty packaging and return loads,0.0,567.0,0.0,567.0,1.0,0.0
IE,2013,Empty packaging and return loads,0.0,589.0,0.0,589.0,1.0,0.0
IE,2014,Empty packaging and return loads,0.0,578.0,0.0,578.0,1.0,0.0
IE,2015,Empty packaging and return loads,0.0,540.0,0.0,540.0,1.0,0.0
IE,2016,Empty packaging and return loads,0.0,581.0,0.0,581.0,1.0,0.0
IE,2017,Empty packaging and return loads,0.0,546.0,0.0,546.0,1.0,0.0
IE,2018,Empty packaging and return loads,0.0,516.0,0.0,516.0,1.0,0.0
IE,2019,Empty packaging and return loads,0.0,346.0,0.0,346.0,1.0,0.0
IE,2020,Empty packaging and return loads,0.0,449.0,0.0,449.0,1.0,0.0
IE,2021,Empty packaging and return loads,0.0,415.0,0.0,415.0,1.0,0.0
IE,2022,Empty packaging and return loads,0.0,419.0,0.0,419.0,1.0,0.0
IE,2023,Empty packaging and return loads,0.0,344.0,0.0,344.0,1.0,0.0
IE,2024,Empty packaging and return loads,0.0,221.0,0.0,221.0,1.0,0.0
IT,2008,Empty packaging and return loads,,55967.0,9912.0,65879.0,0.849542342779945,0.15045765722005494
IT,2009,Empty packaging and return loads,0.0,43207.0,6308.0,49515.0,0.8726042613349491,0.127395738665051
IT,2010,Empty packaging and return loads,,44818.0,4986.0,49804.0,0.8998875592321902,0.10011244076780981
IT,2011,Empty packaging and return loads,0.0,60186.0,3624.0,63810.0,0.9432063939821345,0.05679360601786554
IT,2012,Empty packaging and return loads,0.0,59948.0,3980.0,63928.0,0.9377424602678013,0.062257539732198726
IT,2013,Empty packaging and return loads,,61267.0,3586.0,64853.0,0.9447057190877831,0.05529428091221686
IT,2014,Empty packaging and return loads,85.0,62993.0,3564.0,66557.0,0.946451913397539,0.05354808660246105
IT,2015,Empty packaging and return loads,87.0,62648.0,5837.972606497418,68485.97260649742,0.9147566664484581,0.08524333355154186
IT,2016,Empty packaging and return loads,82.0,86911.0,5352.0,92263.0,0.9419919144185643,0.05800808558143568
IT,2017,Empty packaging and return loads,40.0,86889.0,5675.0,92564.0,0.9386910678017372,0.061308932198262826
IT,2018,Empty packaging and return loads,,87962.0,6153.86642211608,94115.86642211609,0.9346139322086716,0.06538606779132829
IT,2019,Empty packaging and return loads,12.0,85671.0,6028.0,91699.0,0.9342631871667084,0.06573681283329152
IT,2020,Empty packaging and return loads,54.0,82039.0,6660.0,88699.0,0.9249145988117116,0.07508540118828848
IT,2021,Empty packaging and return loads,63.0,92432.0,6469.76023773474,98901.76023773474,0.9345839728010596,0.06541602719894042
IT,2022,Empty packaging and return loads,61.0,95384.0,8321.0,103705.0,0.9197627886794272,0.08023721132057278
IT,2023,Empty packaging and return loads,2.0,87827.0,7512.0,95339.0,0.9212074806742256,0.07879251932577434
IT,2024,Empty packaging and return loads,1.0,87461.0,7066.0,94527.0,0.9252488706930295,0.07475112930697049
LT,2008,Empty packaging and return loads,0.0,0.0,54970.0,54970.0,0.0,1.0
LT,2009,Empty packaging and return loads,0.0,0.0,42669.0,42669.0,0.0,1.0
LT,2010,Empty packaging and return loads,0.0,0.0,48061.0,48061.0,0.0,1.0
LT,2011,Empty packaging and return loads,0.0,0.0,52330.0,52330.0,0.0,1.0
LT,2012,Empty packaging and return loads,0.0,0.0,49377.0,49377.0,0.0,1.0
LT,2013,Empty packaging and return loads,0.0,0.0,48028.0,48028.0,0.0,1.0
LT,2014,Empty packaging and return loads,0.0,0.0,49000.0,49000.0,0.0,1.0
LT,2015,Empty packaging and return loads,0.0,0.0,48053.0,48053.0,0.0,1.0
LT,2016,Empty packaging and return loads,0.0,0.0,47651.0,47651.0,0.0,1.0
LT,2017,Empty packaging and return loads,0.0,0.0,52638.0,52638.0,0.0,1.0
LT,2018,Empty packaging and return loads,0.0,0.0,56776.0,56776.0,0.0,1.0
LT,2019,Empty packaging and return loads,0.0,0.0,55209.0,55209.0,0.0,1.0
LT,2020,Empty packaging and return loads,0.0,0.0,53430.0,53430.0,0.0,1.0
LT,2021,Empty packaging and return loads,0.0,0.0,51080.0,51080.0,0.0,1.0
LT,2022,Empty packaging and return loads,0.0,0.0,30977.0,30977.0,0.0,1.0
LT,2023,Empty packaging and return loads,0.0,0.0,27224.0,27224.0,0.0,1.0
LT,2024,Empty packaging and return loads,0.0,0.0,25658.0,25658.0,0.0,1.0
PL,2008,Empty packaging and return loads,144.0,145750.0,71682.0,217432.0,0.6703245152507451,0.32967548474925495
PL,2009,Empty packaging and return loads,174.0,49290.0,126860.0,176150.0,0.2798183366449049,0.720181663355095
PL,2010,Empty packaging and return loads,510.0,131064.0,42225.0,173289.0,0.7563319079687689,0.24366809203123108
PL,2011,Empty packaging and return loads,505.0,163944.0,60911.0,224855.0,0.7291098708056303,0.2708901291943697
PL,2012,Empty packaging and return loads,565.0,162465.0,47209.0,209674.0,0.7748457128685483,0.2251542871314517
PL,2013,Empty packaging and return loads,473.0,163724.0,43550.0,207274.0,0.7898916410162393,0.21010835898376062
PL,2014,Empty packaging and return loads,558.0,161028.0,41383.0,202411.0,0.7955496489815277,0.2044503510184723
PL,2015,Empty packaging and return loads,811.0,161412.0,34349.0,195761.0,0.8245360413974183,0.1754639586025817
PL,2016,Empty packaging and return loads,664.0,164081.0,36204.0,200285.0,0.819237586439324,0.18076241356067604
PL,2017,Empty packaging and return loads,632.0,189358.0,43790.0,233148.0,0.8121793881997701,0.1878206118002299
PL,2018,Empty packaging and return loads,871.0,197481.0,43658.0,241139.0,0.8189508955415756,0.1810491044584244
PL,2019,Empty packaging and return loads,13.0,187956.0,40730.0,228686.0,0.8218955248681599,0.17810447513184016
PL,2020,Empty packaging and return loads,16.0,177979.0,35276.0,213255.0,0.834583010949333,0.16541698905066704
PL,2021,Empty packaging and return loads,266.0,192914.0,38679.0,231593.0,0.8329871800961169,0.16701281990388311
PL,2022,Empty packaging and return loads,242.0,195859.0,38383.0,234242.0,0.836139547988832,0.16386045201116795
PL,2023,Empty packaging and return loads,216.0,192470.0,31894.0,224364.0,0.8578470699399191,0.14215293006008095
PL,2024,Empty packaging and return loads,208.0,181102.0,35169.0,216271.0,0.8373845776826296,0.16261542231737033
RO,2008,Empty packaging and return loads,55.0,0.0,63212.0,63212.0,0.0,1.0
RO,2009,Empty packaging and return loads,1.0,0.0,46910.0,46910.0,0.0,1.0
RO,2010,Empty packaging and return loads,3.0,0.0,49441.0,49441.0,0.0,1.0
RO,2011,Empty packaging and return loads,0.0,0.0,57247.0,57247.0,0.0,1.0
RO,2012,Empty packaging and return loads,147.0,0.0,50433.0,50433.0,0.0,1.0
RO,2013,Empty packaging and return loads,67.0,0.0,47337.0,47337.0,0.0,1.0
RO,2014,Empty packaging and return loads,80.0,0.0,49273.0,49273.0,0.0,1.0
RO,2015,Empty packaging and return loads,153.0,0.0,49700.0,49700.0,0.0,1.0
RO,2016,Empty packaging and return loads,382.0,0.0,47875.0,47875.0,0.0,1.0
RO,2017,Empty packaging and return loads,526.0,0.0,56076.0,56076.0,0.0,1.0
RO,2018,Empty packaging and return loads,589.0,0.0,55002.0,55002.0,0.0,1.0
RO,2019,Empty packaging and return loads,293.0,0.0,58495.0,58495.0,0.0,1.0
RO,2020,Empty packaging and return loads,276.0,0.0,49184.0,49184.0,0.0,1.0
RO,2021,Empty packaging and return loads,164.0,0.0,56808.0,56808.0,0.0,1.0
RO,2022,Empty packaging and return loads,399.0,0.0,53883.0,53883.0,0.0,1.0
RO,2023,Empty packaging and return loads,241.0,0.0,47298.0,47298.0,0.0,1.0
RO,2024,Empty packaging and return loads,219.0,0.0,41076.0,41076.0,0.0,1.0
SE,2008,Empty packaging and return loads,0.0,44866.0,20766.0,65632.0,0.6835994636762555,0.31640053632374454
SE,2009,Empty packaging and return loads,0.0,36606.0,19860.0,56466.0,0.6482839230687494,0.3517160769312507
SE,2010,Empty packaging and return loads,1.0,45453.0,22876.0,68329.0,0.6652080375828711,0.3347919624171289
SE,2011,Empty packaging and return loads,3.0,42593.0,25314.0,67907.0,0.6272254701282637,0.37277452987173637
SE,2012,Empty packaging and return loads,2.0,41885.0,23904.0,65789.0,0.6366565839274043,0.36334341607259574
SE,2013,Empty packaging and return loads,2.0,38082.0,28964.0,67046.0,0.5679980908629896,0.4320019091370104
SE,2014,Empty packaging and return loads,1.0,37687.0,30348.0,68035.0,0.5539354743881826,0.4460645256118174
SE,2015,Empty packaging and return loads,0.0,35929.0,29070.0,64999.0,0.552762350190003,0.4472376498099971
SE,2016,Empty packaging and return loads,0.0,39060.0,28419.0,67479.0,0.5788467523229449,0.4211532476770551
SE,2017,Empty packaging and return loads,0.0,40525.0,28825.0,69350.0,0.5843547224224946,0.4156452775775054
SE,2018,Empty packaging and return loads,0.0,36502.0,32621.0,69123.0,0.5280731449734531,0.47192685502654685
SE,2019,Empty packaging and return loads,13.0,35862.0,32358.0,68220.0,0.5256816182937555,0.4743183817062445
SE,2020,Empty packaging and return loads,18.0,37318.0,32487.0,69805.0,0.5346035384284793,0.46539646157152065
SE,2021,Empty packaging and return loads,70.0,39624.0,32834.0,72458.0,0.5468547296364791,0.4531452703635209
SE,2022,Empty packaging and return loads,250.0,36190.55180770137,33175.56896294597,69366.12077064734,0.5217323875925264,0.4782676124074736
SE,2023,Empty packaging and return loads,45.0,36693.0,31600.0,68293.0,0.5372878625920665,0.4627121374079335
SE,2024,Empty packaging and return loads,56.0,34408.0,31499.0,65907.0,0.522068975981307,0.47793102401869303
SI,2008,Empty packaging and return loads,1.0,8629.0,8605.0,17234.0,0.5006962980155506,0.49930370198444934
SI,2009,Empty packaging and return loads,0.0,7584.0,5484.0,13068.0,0.5803489439853077,0.4196510560146924
SI,2010,Empty packaging and return loads,0.0,9072.0,6494.0,15566.0,0.5828086855968135,0.4171913144031864
SI,2011,Empty packaging and return loads,2.0,9722.0,6515.0,16237.0,0.5987559278191784,0.4012440721808216
SI,2012,Empty packaging and return loads,28.0,9331.0,5442.0,14773.0,0.6316252623028498,0.36837473769715023
SI,2013,Empty packaging and return loads,125.0,10815.0,5216.0,16031.0,0.6746304035930385,0.3253695964069615
SI,2014,Empty packaging and return loads,159.0,11952.0,4930.0,16882.0,0.7079729889823481,0.29202701101765194
SI,2015,Empty packaging and return loads,132.0,11647.0,4797.0,16444.0,0.7082826562880078,0.2917173437119922
SI,2016,Empty packaging and return loads,181.0,12185.0,4715.0,16900.0,0.7210059171597634,0.2789940828402367
SI,2017,Empty packaging and return loads,319.0,13908.0,4662.0,18570.0,0.7489499192245558,0.2510500807754443
SI,2018,Empty packaging and return loads,286.0,13719.0,4609.0,18328.0,0.7485268441728503,0.25147315582714974
SI,2019,Empty packaging and return loads,260.0,14094.0,4333.0,18427.0,0.7648559179464915,0.23514408205350845
SI,2020,Empty packaging and return loads,282.0,12542.0,3959.0,16501.0,0.7600751469607903,0.23992485303920974
SI,2021,Empty packaging and return loads,260.0,12690.0,4003.0,16693.0,0.7601988857604984,0.2398011142395016
SI,2022,Empty packaging and return loads,272.0,13327.0,3905.0,17232.0,0.773386722376973,0.22661327762302694
SI,2023,Empty packaging and return loads,320.0,12518.0,3433.0,15951.0,0.7847783838003887,0.2152216161996113
SI,2024,Empty packaging and return loads,396.0,12064.0,3136.0,15200.0,0.7936842105263158,0.2063157894736842
SK,2008,Empty packaging and return loads,227.0,29516.0,15009.0,44525.0,0.662908478382931,0.33709152161706907
SK,2009,Empty packaging and return loads,134.0,26695.0,8851.0,35546.0,0.7509987059022112,0.2490012940977888
SK,2010,Empty packaging and return loads,289.0,30405.0,10074.0,40479.0,0.7511302156673831,0.24886978433261692
SK,2011,Empty packaging and return loads,471.0,27312.0,10172.0,37484.0,0.7286308825098708,0.2713691174901291
SK,2012,Empty packaging and return loads,503.0,26931.0,8353.0,35284.0,0.7632638022899898,0.2367361977100102
SK,2013,Empty packaging and return loads,1316.0,27049.0,9259.0,36308.0,0.7449873306158422,0.2550126693841578
SK,2014,Empty packaging and return loads,1343.0,27758.0,8259.0,36017.0,0.7706916178471277,0.22930838215287225
SK,2015,Empty packaging and return loads,1218.0,29388.0,8136.0,37524.0,0.7831787655900224,0.2168212344099776
SK,2016,Empty packaging and return loads,1112.0,35035.0,6247.0,41282.0,0.848674967298096,0.15132503270190398
SK,2017,Empty packaging and return loads,1293.0,32628.0,7622.0,40250.0,0.8106335403726708,0.1893664596273292
SK,2018,Empty packaging and return loads,1768.0,35686.0,6827.0,42513.0,0.8394138263589961,0.16058617364100392
SK,2019,Empty packaging and return loads,1667.0,37636.0,7126.0,44762.0,0.8408024663777312,0.15919753362226888
SK,2020,Empty packaging and return loads,1223.0,33761.0,5974.0,39735.0,0.849653957468227,0.150346042531773
SK,2021,Empty packaging and return loads,1600.0,33617.0,6411.0,40028.0,0.8398371140201859,0.16016288597981412
SK,2022,Empty packaging and return loads,1677.0,30698.0,6066.0,36764.0,0.835001632031335,0.164998367968665
SK,2023,Empty packaging and return loads,1876.0,28842.0,4769.0,33611.0,0.858111927642736,0.141888072357264
SK,2024,Empty packaging and return loads,2512.0,28468.0,3437.0,31905.0,0.8922739382541921,0.10772606174580787
